time_s,step,agent,buffer_size,critic_loss,actor_loss,alpha,target_q_mean,q1_mean,q2_mean,log_prob_mean,action_abs_mean,obs_mean,obs_std,obs_norm_mean,obs_norm_var
44.5,205,0,204,0.813308,0.220985,0.135491,0.593474,0.0885101,0.0291439,1.93806,0.810704,8.13615,4.10398,0.403483,1.24806
44.5,205,1,204,0.440226,-0.197214,0.135173,0.507836,0.0406602,0.0803645,-1.04654,0.590843,5.85708,3.26768,0.288318,1.17581
44.5,205,2,204,0.653983,-0.179925,0.135174,0.599869,0.0834507,0.0431676,-0.914181,0.618966,5.12096,2.19463,0.250434,1.1085
47,210,0,209,1.16256,-0.144558,0.135615,0.867415,0.186168,0.0967272,-0.238132,0.686723,8.52183,4.10867,0.785964,1.50276
47,210,1,209,0.314713,-0.308919,0.134968,0.526152,0.120907,0.168654,-1.25618,0.589926,5.94835,3.24526,0.566834,1.34694
47,210,2,209,0.664482,-0.300658,0.134968,0.705387,0.180704,0.114785,-1.25183,0.588212,5.10726,2.02064,0.486637,1.22112
49.5,215,0,214,1.15972,-0.336619,0.135602,0.987862,0.305824,0.181305,-0.994886,0.622693,8.10268,4.24591,1.1488,1.74986
49.5,215,1,214,0.210704,-0.410761,0.134761,0.542996,0.216073,0.279828,-1.27237,0.53669,6.01425,3.24668,0.826613,1.49055
49.5,215,2,214,0.539267,-0.390713,0.134758,0.745533,0.295024,0.198066,-1.27384,0.572368,5.28208,2.15943,0.716928,1.33014
52,220,0,219,0.815961,-0.478029,0.135489,0.972772,0.445285,0.280161,-1.2741,0.576973,8.02592,4.0563,1.4896,1.98507
52,220,1,219,0.140495,-0.511668,0.134554,0.586623,0.327634,0.39969,-1.15067,0.588549,5.78226,3.23698,1.07102,1.62891
52,220,2,219,0.334315,-0.501692,0.134546,0.74279,0.427194,0.301355,-1.29355,0.566756,5.10796,2.40422,0.934037,1.42554
54.5,225,0,224,0.535498,-0.615567,0.135327,1.02494,0.640904,0.424979,-1.16282,0.563948,7.71349,3.89171,1.80765,2.17354
54.5,225,1,224,0.0424104,-0.702644,0.134347,0.577399,0.483021,0.578554,-1.3469,0.561213,5.93265,3.22263,1.30926,1.75445
54.5,225,2,224,0.199232,-0.654947,0.134335,0.79401,0.60243,0.440681,-1.34159,0.553611,5.51568,2.38417,1.14893,1.52305
57,230,0,229,0.244242,-0.819737,0.135142,1.02633,0.860403,0.603371,-1.29483,0.576662,7.97047,4.04669,2.11117,2.43044
57,230,1,229,0.0487328,-0.809535,0.13414,0.570772,0.658436,0.654153,-1.26947,0.559783,5.90579,3.17191,1.53498,1.89918
57,230,2,229,0.0494787,-0.847858,0.134123,0.755899,0.793597,0.623801,-1.33949,0.508598,5.26259,2.55884,1.34655,1.65926
1,235,0,233,0.0788703,-1.03365,0.134945,1.02619,0.976335,0.817539,-1.29921,0.529941,7.802,4.19989,2.39591,2.67342
1,235,1,233,0.0292549,-0.720064,0.133933,0.578754,0.649399,0.580506,-1.27372,0.592138,5.92078,3.38022,1.74792,2.0174
1,235,2,233,0.0339753,-0.912674,0.133914,0.776488,0.803011,0.750671,-1.29716,0.586344,5.0493,2.35571,1.54358,1.78824
3.5,240,0,238,0.0598188,-1.13238,0.134742,0.971734,0.976217,1.01682,-1.27681,0.534738,7.57649,4.192,2.66046,2.90872
3.5,240,1,238,0.0438191,-0.719493,0.133732,0.599032,0.535015,0.585986,-1.33302,0.522675,5.68793,3.38673,1.94685,2.17109
3.5,240,2,238,0.0617561,-0.875931,0.133713,0.809148,0.698448,0.779947,-1.31642,0.519804,5.31272,2.63452,1.72788,1.90671
6,245,0,243,0.0497267,-1.23023,0.13454,1.03758,1.04166,1.10767,-1.32422,0.546966,8.01645,4.21092,2.91495,3.13163
6,245,1,243,0.04307,-0.806828,0.133532,0.642658,0.640137,0.638757,-1.33356,0.553319,6.13651,3.23171,2.14412,2.29962
6,245,2,243,0.0349509,-0.987505,0.133512,0.818525,0.828739,0.803309,-1.38558,0.554526,5.40597,2.42724,1.90748,2.02558
8.5,250,0,248,0.0373934,-1.19691,0.134338,1.0664,1.06134,1.02743,-1.3189,0.541804,7.92173,3.96798,3.16202,3.3199
8.5,250,1,248,0.0284675,-0.829951,0.133332,0.632421,0.682873,0.658535,-1.37022,0.488691,6.16847,3.41919,2.33576,2.41183
8.5,250,2,248,0.0307175,-0.999481,0.133312,0.834647,0.838882,0.852956,-1.35664,0.510761,5.47232,2.36279,2.07708,2.13294
11,255,0,253,0.0527677,-1.21379,0.134136,1.03002,1.06626,1.05844,-1.28646,0.570087,7.98,4.18022,3.3891,3.56283
11,255,1,253,0.0471834,-0.807999,0.133132,0.695374,0.639629,0.656031,-1.30769,0.515842,6.03294,3.13012,2.51355,2.55067
11,255,2,253,0.0397605,-1.00023,0.133112,0.862658,0.827338,0.826696,-1.34599,0.569715,5.53539,2.47183,2.24239,2.25259
13.5,260,0,258,0.04217,-1.21544,0.133934,1.04889,1.04514,1.05391,-1.32937,0.546572,7.7034,4.13211,3.60431,3.74911
13.5,260,1,258,0.0434092,-0.844383,0.132932,0.673806,0.6591,0.684977,-1.36556,0.515755,5.94217,3.27503,2.68396,2.67909
13.5,260,2,258,0.0306499,-1.0386,0.132913,0.860528,0.86763,0.872324,-1.37569,0.55858,5.43604,2.53916,2.39651,2.34614
16,265,0,263,0.0482196,-1.25858,0.133732,1.08399,1.11312,1.08184,-1.39192,0.51669,7.84665,4.17193,3.81905,3.92609
16,265,1,263,0.0308225,-0.823846,0.132732,0.66524,0.688471,0.65479,-1.35759,0.540195,5.9705,3.12837,2.84594,2.77655
16,265,2,263,0.0321746,-0.990484,0.132713,0.848099,0.830231,0.82831,-1.33073,0.557646,5.33361,2.58567,2.54294,2.43041
18.5,270,0,268,0.0425152,-1.25203,0.133531,1.09174,1.07672,1.10599,-1.38189,0.538549,8.02833,3.90766,4.02193,4.0892
18.5,270,1,268,0.0249581,-0.853364,0.132533,0.668417,0.672009,0.702684,-1.39527,0.486932,6.1983,3.27789,3.00657,2.87247
18.5,270,2,268,0.0385014,-1.06737,0.132514,0.891138,0.877192,0.896091,-1.35983,0.506558,5.62343,2.60418,2.68158,2.5099
21,275,0,273,0.0407932,-1.2234,0.13333,1.09187,1.06286,1.04178,-1.39328,0.490733,7.57539,4.04355,4.20982,4.28241
21,275,1,273,0.0353796,-0.846728,0.132333,0.687085,0.675887,0.679847,-1.36728,0.527652,6.07525,3.50184,3.15189,3.00525
21,275,2,273,0.026019,-1.06766,0.132315,0.872054,0.909654,0.892492,-1.36904,0.533457,5.24817,2.47602,2.81685,2.5996
23.5,280,0,278,0.0430372,-1.29072,0.133128,1.09918,1.1256,1.14214,-1.36047,0.525349,7.7981,4.02494,4.38966,4.43964
23.5,280,1,278,0.0228329,-0.900006,0.132135,0.746588,0.736296,0.723901,-1.364,0.549403,5.95222,3.09961,3.2945,3.08417
23.5,280,2,278,0.0306867,-1.05851,0.132116,0.902361,0.887457,0.892056,-1.38442,0.525431,5.4884,2.40491,2.94732,2.68223
26,285,0,283,0.0453146,-1.23725,0.132928,1.12661,1.0821,1.09312,-1.30748,0.544632,7.6985,4.18192,4.55872,4.61222
26,285,1,283,0.0357206,-0.86801,0.131936,0.705391,0.70541,0.717779,-1.33057,0.554214,5.83933,3.42771,3.42562,3.19612
26,285,2,283,0.0368207,-1.04808,0.131917,0.901148,0.864308,0.871335,-1.35482,0.512328,5.27387,2.62621,3.07242,2.76991
28.5,290,0,288,0.0499197,-1.23274,0.132728,1.0889,1.06781,1.07276,-1.34734,0.523156,7.50476,3.99622,4.71314,4.78264
28.5,290,1,288,0.0310817,-0.916588,0.131738,0.750677,0.744827,0.745459,-1.3533,0.546174,5.75762,3.35942,3.55142,3.30726
28.5,290,2,288,0.0301574,-1.12547,0.131719,0.915652,0.944037,0.934571,-1.41303,0.494593,5.6299,2.89578,3.19286,2.86402
31,295,0,293,0.0290437,-1.31412,0.132528,1.15678,1.17282,1.1609,-1.33923,0.540996,7.93127,3.96618,4.86483,4.94851
31,295,1,293,0.0202414,-0.914356,0.13154,0.744277,0.755361,0.75225,-1.37327,0.536799,6.07606,3.22454,3.67067,3.39654
31,295,2,293,0.0202438,-1.09881,0.13152,0.938323,0.931568,0.932664,-1.37063,0.518708,5.56289,2.34662,3.30775,2.95509
33.5,300,0,298,0.0333198,-1.31124,0.132328,1.18195,1.14828,1.16289,-1.35938,0.512476,7.87396,4.29937,5.00925,5.1015
33.5,300,1,298,0.0214465,-0.910163,0.131343,0.731075,0.739979,0.751356,-1.3224,0.544159,5.74623,3.18913,3.78617,3.47258
33.5,300,2,298,0.0272343,-1.11393,0.131322,0.93957,0.919584,0.921185,-1.41043,0.497187,5.50672,2.78381,3.41157,3.03467
36,305,0,303,0.025729,-1.2947,0.132129,1.17557,1.15885,1.152,-1.30239,0.556275,7.92473,4.17241,5.14387,5.226
36,305,1,303,0.0292766,-0.946706,0.131147,0.779526,0.783078,0.782386,-1.34195,0.554238,5.99739,3.23257,3.90149,3.55018
36,305,2,303,0.0257353,-1.16691,0.131125,0.940557,1.00364,0.996672,-1.31032,0.574498,5.56344,2.55171,3.51486,3.12395
38.5,310,0,308,0.0326117,-1.3032,0.131931,1.16433,1.13051,1.13847,-1.35499,0.522556,7.58982,4.06478,5.27056,5.41766
38.5,310,1,308,0.0305563,-0.922976,0.13095,0.772613,0.766429,0.76077,-1.35577,0.549844,5.92005,3.37092,4.00789,3.6392
38.5,310,2,308,0.0235678,-1.13052,0.130929,0.965115,0.963182,0.963204,-1.37844,0.538424,5.59103,2.73287,3.61545,3.21491
41,315,0,313,0.0314223,-1.37396,0.131733,1.2076,1.23426,1.21714,-1.39705,0.547018,7.97148,4.05708,5.39256,5.50821
41,315,1,313,0.0190067,-0.940437,0.130754,0.769647,0.777145,0.770552,-1.31557,0.536513,6.14109,3.29478,4.11347,3.70579
41,315,2,313,0.0221534,-1.1242,0.130732,0.974245,0.933296,0.948628,-1.37844,0.507422,5.38454,2.65316,3.71179,3.27695
43.5,320,0,318,0.0267669,-1.31027,0.131535,1.17512,1.1502,1.16234,-1.35468,0.535082,7.6733,4.09004,5.50181,5.60754
43.5,320,1,318,0.0285143,-0.975091,0.130559,0.8081,0.800002,0.815704,-1.3613,0.548268,5.85827,3.27829,4.20842,3.77027
43.5,320,2,318,0.0298158,-1.19461,0.130536,1.0028,1.01437,1.01023,-1.37661,0.5034,5.75409,2.9457,3.81122,3.36247
46,325,0,323,0.0355812,-1.38114,0.131338,1.18837,1.23248,1.22648,-1.32284,0.583843,7.57931,3.84388,5.60912,5.73094
46,325,1,323,0.0380354,-0.97744,0.130364,0.832375,0.812123,0.808893,-1.38802,0.511878,6.06734,3.21651,4.29368,3.83486
46,325,2,323,0.0290458,-1.20217,0.13034,1.04048,1.03026,1.03011,-1.34429,0.537671,6.01129,2.81581,3.90398,3.44989
48.5,330,0,328,0.023108,-1.3338,0.131141,1.18768,1.19571,1.20903,-1.37582,0.494703,7.70134,4.04513,5.71478,5.87429
48.5,330,1,328,0.033863,-1.0061,0.130168,0.819791,0.838565,0.838444,-1.37368,0.533174,5.96192,3.35842,4.37749,3.91524
48.5,330,2,328,0.040547,-1.19792,0.130145,1.05705,1.00964,1.02303,-1.33797,0.568922,5.61918,2.71215,3.98814,3.54547
51,335,0,333,0.0384292,-1.36221,0.130945,1.25965,1.20935,1.20409,-1.34063,0.565412,7.7015,4.08104,5.81173,5.9622
51,335,1,333,0.0262932,-1.00686,0.129972,0.833846,0.841003,0.844465,-1.3705,0.500778,6.04506,3.20903,4.46431,3.98995
51,335,2,333,0.0268582,-1.27171,0.12995,1.05914,1.09693,1.09687,-1.34592,0.577973,5.81639,2.80016,4.06521,3.60982
53.5,340,0,338,0.0336418,-1.37964,0.130748,1.23874,1.23063,1.23918,-1.36501,0.518455,7.39239,3.81281,5.89838,6.03187
53.5,340,1,338,0.0286439,-1.0316,0.129777,0.857434,0.858232,0.8564,-1.36571,0.556481,5.97764,3.2011,4.54118,4.03991
53.5,340,2,338,0.0352778,-1.21116,0.129755,1.04907,1.04872,1.04448,-1.33999,0.583031,5.82131,2.75267,4.15161,3.66612
56,345,0,343,0.0360509,-1.35309,0.130551,1.20327,1.20258,1.20138,-1.35685,0.535053,7.54066,4.0565,5.9825,6.11432
56,345,1,343,0.0248198,-1.03282,0.129582,0.876178,0.867988,0.881585,-1.3885,0.503546,6.22775,3.34722,4.61808,4.09101
56,345,2,343,0.0399727,-1.27783,0.129561,1.12096,1.08087,1.09018,-1.35797,0.533809,5.73288,2.5969,4.22765,3.72411
58.5,350,0,348,0.026494,-1.44488,0.130356,1.30087,1.29255,1.28692,-1.35093,0.539265,7.74289,3.96927,6.05852,6.18559
58.5,350,1,348,0.0247928,-1.05313,0.129388,0.878114,0.89429,0.876455,-1.36625,0.540791,6.24277,3.22344,4.69441,4.15192
58.5,350,2,348,0.0334528,-1.30287,0.129367,1.0877,1.14398,1.11971,-1.32832,0.560086,5.56891,2.65119,4.30723,3.80667
2.5,355,0,352,0.0342338,-1.43322,0.13016,1.24104,1.27049,1.27417,-1.35029,0.511785,7.46369,3.91785,6.12997,6.25955
2.5,355,1,352,0.0381175,-1.09714,0.129194,0.923765,0.900944,0.926243,-1.3452,0.492024,6.02325,3.22771,4.76343,4.21485
2.5,355,2,352,0.0488463,-1.26211,0.129173,1.10754,1.05438,1.09509,-1.32713,0.547979,5.78986,3.0022,4.38632,3.87916
5,360,0,357,0.0341648,-1.41858,0.129965,1.29037,1.28984,1.28734,-1.35664,0.527757,7.80936,4.08054,6.20118,6.36363
5,360,1,357,0.0273511,-1.06135,0.129001,0.901066,0.917919,0.876237,-1.41097,0.499895,6.15635,3.40471,4.83347,4.28203
5,360,2,357,0.0281394,-1.29471,0.128979,1.11056,1.13127,1.1199,-1.28949,0.556481,5.45974,2.57881,4.451,3.93842
7.5,365,0,362,0.0281775,-1.46611,0.12977,1.30606,1.30487,1.30504,-1.37888,0.522496,7.62311,3.99552,6.26979,6.4369
7.5,365,1,362,0.0262043,-1.09443,0.128807,0.940266,0.903852,0.94798,-1.36893,0.519386,6.09571,3.02269,4.90063,4.32956
7.5,365,2,362,0.0248426,-1.32909,0.128786,1.14057,1.15272,1.14851,-1.37654,0.521991,5.93318,2.63092,4.52008,3.99552
10,370,0,367,0.033838,-1.41734,0.129576,1.30089,1.29045,1.28599,-1.37365,0.505096,7.43155,4.0272,6.32632,6.55184
10,370,1,367,0.031866,-1.08218,0.128615,0.915311,0.928183,0.914505,-1.32613,0.53091,5.8393,3.34732,4.96013,4.40442
10,370,2,367,0.0325905,-1.32097,0.128593,1.14895,1.1383,1.13757,-1.37114,0.510817,5.7499,2.92558,4.58676,4.08178
12.5,375,0,372,0.0529768,-1.40339,0.129381,1.30402,1.24247,1.25453,-1.36679,0.522153,7.36376,4.38969,6.38825,6.67126
12.5,375,1,372,0.0367458,-1.07488,0.128422,0.926392,0.887764,0.902688,-1.3738,0.53014,5.75336,3.27993,5.01503,4.47099
12.5,375,2,372,0.0495471,-1.26112,0.128401,1.11406,1.0865,1.09167,-1.30932,0.562841,5.41175,2.9758,4.64452,4.17662
15,380,0,377,0.0408631,-1.49394,0.129187,1.3387,1.37007,1.36031,-1.31391,0.510569,7.67992,4.01591,6.44183,6.74986
15,380,1,377,0.0287776,-1.09062,0.12823,0.912819,0.927709,0.924814,-1.35697,0.503119,5.8532,3.24292,5.0656,4.53972
15,380,2,377,0.0344101,-1.33036,0.128208,1.16784,1.1309,1.13664,-1.35866,0.489856,5.65276,2.96365,4.71504,4.25075
17.5,385,0,382,0.0360683,-1.47282,0.128994,1.36656,1.33463,1.34309,-1.37523,0.505901,7.62961,4.07388,6.50068,6.81009
17.5,385,1,382,0.037839,-1.09391,0.128038,0.956755,0.921077,0.9199,-1.38167,0.531615,5.81554,3.09699,5.11478,4.57508
17.5,385,2,382,0.0289001,-1.37134,0.128016,1.18662,1.19104,1.19054,-1.33946,0.506803,5.79209,3.01149,4.77098,4.31858
20,390,0,387,0.0290645,-1.51366,0.1288,1.37318,1.37791,1.37246,-1.34228,0.491959,7.64153,3.99698,6.54896,6.8841
20,390,1,387,0.0217041,-1.15303,0.127846,0.994014,0.985364,0.983268,-1.36019,0.499178,6.27815,3.18177,5.16634,4.61484
20,390,2,387,0.0339612,-1.34669,0.127824,1.1766,1.15599,1.15877,-1.39178,0.488875,5.80593,2.63674,4.82398,4.3574
22.5,395,0,392,0.0224683,-1.49745,0.128607,1.40184,1.37702,1.37437,-1.34775,0.513007,7.83393,3.94922,6.60445,6.92477
22.5,395,1,392,0.0219554,-1.1732,0.127654,0.972912,1.00336,1.00622,-1.36523,0.522058,6.03058,3.05923,5.21492,4.64843
22.5,395,2,392,0.0220445,-1.44294,0.127633,1.24401,1.23214,1.2389,-1.34374,0.501868,5.81061,2.76701,4.87255,4.39216
25,400,0,397,0.023182,-1.53547,0.128415,1.40918,1.38201,1.39527,-1.37476,0.504783,7.75817,4.07185,6.65471,6.9838
25,400,1,397,0.0285093,-1.14606,0.127463,1.02104,0.993494,0.984627,-1.32575,0.544223,6.0095,3.10271,5.25497,4.6784
25,400,2,397,0.0277812,-1.44173,0.127441,1.25734,1.28702,1.26435,-1.31264,0.544606,5.868,2.78527,4.92527,4.45024
27.5,405,0,402,0.0400596,-1.51586,0.128222,1.39927,1.40736,1.3927,-1.36201,0.56625,7.34165,3.93433,6.69553,7.06098
27.5,405,1,402,0.039955,-1.18555,0.127272,1.04531,1.01052,1.00466,-1.36055,0.505063,6.09021,3.24769,5.30319,4.73085
27.5,405,2,402,0.0306636,-1.39808,0.12725,1.23982,1.20465,1.20716,-1.35677,0.55545,5.74907,3.02495,4.97115,4.51754
30,410,0,407,0.0324194,-1.5158,0.12803,1.40549,1.36721,1.38474,-1.37483,0.501312,7.47358,3.99371,6.73731,7.09619
30,410,1,407,0.0426877,-1.22293,0.127082,1.02032,1.06063,1.06314,-1.3496,0.505182,6.23915,3.23992,5.34998,4.76079
30,410,2,407,0.0331313,-1.48352,0.12706,1.29575,1.3086,1.30121,-1.33065,0.536057,5.84329,2.85519,5.0201,4.56288
32.5,415,0,412,0.0259532,-1.61463,0.127838,1.47417,1.4801,1.47328,-1.33137,0.552331,7.6604,3.84021,6.77618,7.17143
32.5,415,1,412,0.0342374,-1.20591,0.126892,1.07035,1.03945,1.04095,-1.35305,0.541412,6.27838,3.344,5.39047,4.80471
32.5,415,2,412,0.0285124,-1.44528,0.12687,1.26576,1.28478,1.2665,-1.37988,0.502432,5.87816,2.90304,5.06286,4.6157
35,420,0,417,0.0410054,-1.4986,0.127647,1.38606,1.38367,1.3838,-1.32133,0.539836,7.17946,3.73149,6.79954,7.24558
35,420,1,417,0.033201,-1.24276,0.126703,1.06742,1.06421,1.06597,-1.39681,0.513531,6.01843,3.27265,5.4214,4.87592
35,420,2,417,0.0508551,-1.44112,0.12668,1.35858,1.24833,1.28564,-1.33552,0.524038,6.18659,3.09428,5.1051,4.68859
37.5,425,0,422,0.0380405,-1.53996,0.127456,1.41973,1.39815,1.38607,-1.29734,0.532715,7.26605,3.83955,6.82937,7.32505
37.5,425,1,422,0.0406001,-1.24062,0.126513,1.07495,1.07743,1.08957,-1.33326,0.550836,5.96427,3.37152,5.45831,4.92504
37.5,425,2,422,0.0418483,-1.53106,0.12649,1.3481,1.33777,1.33958,-1.41718,0.426314,6.06261,3.0645,5.14641,4.76197
40,430,0,427,0.0309183,-1.6163,0.127266,1.49417,1.50678,1.49217,-1.43,0.529871,7.55822,3.88495,6.86269,7.36263
40,430,1,427,0.0224955,-1.25017,0.126324,1.08549,1.08441,1.07022,-1.37855,0.500199,6.22244,3.20863,5.49332,4.96295
40,430,2,427,0.0290451,-1.53312,0.126301,1.3391,1.3768,1.33377,-1.43344,0.522949,5.92003,2.69952,5.19026,4.82509
42.5,435,0,432,0.0381775,-1.58046,0.127076,1.47083,1.45204,1.45362,-1.35012,0.511546,7.63458,3.89282,6.89013,7.42141
42.5,435,1,432,0.0379683,-1.26181,0.126135,1.09804,1.07406,1.08324,-1.323,0.501553,5.94631,3.36864,5.52023,5.02183
42.5,435,2,432,0.0373847,-1.51108,0.126111,1.36768,1.31442,1.34765,-1.32729,0.515225,5.90454,2.84141,5.22972,4.8738
45,440,0,437,0.0408322,-1.59661,0.126885,1.47697,1.47154,1.46884,-1.32788,0.533179,7.58438,3.99348,6.91051,7.48844
45,440,1,437,0.0370359,-1.2786,0.125947,1.13246,1.13134,1.10871,-1.29028,0.558732,6.13212,3.1642,5.54879,5.08278
45,440,2,437,0.036918,-1.56972,0.125922,1.37083,1.39711,1.37609,-1.36137,0.507941,6.05941,2.91437,5.26779,4.95051
47.5,445,0,442,0.0371239,-1.56312,0.126695,1.44558,1.44352,1.44883,-1.30678,0.531953,7.23243,3.87912,6.93369,7.53004
47.5,445,1,442,0.0345932,-1.29528,0.125759,1.15855,1.12428,1.14238,-1.30632,0.550016,6.02657,3.27748,5.57567,5.13113
47.5,445,2,442,0.0420237,-1.57091,0.125733,1.4071,1.3856,1.40142,-1.35279,0.500074,6.20544,3.208,5.30941,5.01988
50,450,0,447,0.0374052,-1.61344,0.126506,1.48819,1.49071,1.47901,-1.30619,0.556577,7.43363,3.87251,6.95192,7.57111
50,450,1,447,0.0418367,-1.28377,0.125572,1.14655,1.13026,1.10342,-1.31916,0.538683,5.91548,3.32673,5.60108,5.17697
50,450,2,447,0.0402523,-1.57525,0.125545,1.41198,1.38072,1.37084,-1.36627,0.504477,5.84879,2.77634,5.34526,5.07926
52.5,455,0,452,0.0384861,-1.59927,0.126318,1.47804,1.47033,1.47861,-1.32849,0.47731,7.23233,3.95661,6.96668,7.64709
52.5,455,1,452,0.0364815,-1.34055,0.125385,1.16934,1.17635,1.18756,-1.29249,0.509782,5.86984,3.26799,5.62547,5.22637
52.5,455,2,452,0.0308528,-1.65543,0.125358,1.46443,1.48375,1.47813,-1.35387,0.506044,6.39038,3.24158,5.38224,5.14668
55,460,0,457,0.0247915,-1.69674,0.12613,1.59307,1.58739,1.56457,-1.25144,0.563022,7.57924,3.99334,6.99128,7.66789
55,460,1,457,0.0211824,-1.31616,0.125199,1.16747,1.14173,1.12381,-1.35317,0.501107,6.21884,3.15756,5.64886,5.23918
55,460,2,457,0.0227415,-1.59012,0.125171,1.43692,1.40768,1.39517,-1.36108,0.494837,5.96514,2.79419,5.41424,5.15624
57.5,465,0,462,0.0339563,-1.6898,0.125942,1.58765,1.57411,1.57504,-1.36698,0.523066,7.51116,4.03611,7.0126,7.70485
57.5,465,1,462,0.033941,-1.364,0.125013,1.17036,1.19147,1.194,-1.32366,0.522395,6.15219,3.24994,5.67277,5.26175
57.5,465,2,462,0.0311766,-1.63861,0.124984,1.44573,1.4315,1.44203,-1.32518,0.558479,5.75604,2.84953,5.44066,5.18153
1.5,470,0,466,0.0430427,-1.61619,0.125754,1.49011,1.49821,1.53492,-1.28579,0.551191,7.13622,3.7882,7.02786,7.70344
1.5,470,1,466,0.0311735,-1.39019,0.124827,1.21407,1.23467,1.24285,-1.29352,0.528189,5.99331,3.07382,5.69334,5.27423
1.5,470,2,466,0.0560118,-1.64959,0.124796,1.5342,1.44533,1.47698,-1.34851,0.514724,6.32995,3.11395,5.48009,5.21103
4,475,0,471,0.025762,-1.6865,0.125566,1.5564,1.60686,1.54087,-1.35526,0.506099,7.36155,3.68571,7.0385,7.73058
4,475,1,471,0.0224709,-1.40334,0.12464,1.21119,1.22911,1.21807,-1.32694,0.527944,6.19033,3.19564,5.71162,5.29199
4,475,2,471,0.0254346,-1.69016,0.124609,1.50853,1.53145,1.51584,-1.35033,0.536874,5.97108,2.82737,5.51363,5.25637
6.5,480,0,476,0.0385818,-1.70377,0.125377,1.59233,1.57153,1.60667,-1.33502,0.504775,7.35691,3.89716,7.05057,7.77171
6.5,480,1,476,0.0407487,-1.349,0.124453,1.21289,1.206,1.17942,-1.20248,0.600089,5.89437,3.35043,5.72628,5.34168
6.5,480,2,476,0.0394352,-1.65612,0.124422,1.46978,1.47146,1.48592,-1.35425,0.550975,6.10588,2.91674,5.54503,5.31107
9,485,0,481,0.0486778,-1.67928,0.125189,1.59387,1.55903,1.54594,-1.323,0.543984,7.31298,3.57672,7.06926,7.81105
9,485,1,481,0.0341111,-1.39701,0.124267,1.21592,1.21096,1.22932,-1.40886,0.490969,6.35847,3.50268,5.74443,5.38385
9,485,2,481,0.0406578,-1.72066,0.124236,1.54126,1.51095,1.52266,-1.38262,0.490001,6.11155,2.95039,5.56927,5.36481
11.5,490,0,486,0.0550543,-1.71861,0.125001,1.59574,1.59459,1.58118,-1.21822,0.518308,6.98528,3.89876,7.08099,7.84272
11.5,490,1,486,0.0362551,-1.4044,0.124081,1.24109,1.23573,1.2341,-1.3579,0.499177,6.01575,3.29027,5.76291,5.40304
11.5,490,2,486,0.055884,-1.67642,0.12405,1.53006,1.5066,1.5163,-1.33275,0.533823,5.99136,3.20151,5.59487,5.40839
14,495,0,491,0.059405,-1.67221,0.124815,1.57951,1.5702,1.56888,-1.30758,0.543447,6.93819,3.86801,7.09035,7.8989
14,495,1,491,0.051718,-1.39465,0.123894,1.25979,1.21664,1.2251,-1.211,0.552955,6.08541,3.49953,5.77955,5.4598
14,495,2,491,0.0609778,-1.70795,0.123865,1.59094,1.53309,1.53068,-1.29061,0.546168,6.02769,2.9706,5.6154,5.46255
16.5,500,0,496,0.0302118,-1.72102,0.12463,1.5921,1.57559,1.56206,-1.28852,0.51583,7.10727,3.72899,7.10086,7.90024
16.5,500,1,496,0.0241604,-1.46427,0.123708,1.27108,1.30196,1.30444,-1.32466,0.540105,6.10424,3.0773,5.799,5.48373
16.5,500,2,496,0.0263218,-1.78234,0.12368,1.62841,1.61765,1.61182,-1.26368,0.506171,6.41321,3.33527,5.64518,5.49593
19,505,0,501,0.0240516,-1.81691,0.124445,1.67777,1.70067,1.71206,-1.33521,0.517864,7.5225,3.56692,7.11324,7.89347
19,505,1,501,0.0223998,-1.47081,0.123523,1.29888,1.27145,1.27916,-1.3116,0.516253,6.38803,3.37594,5.81739,5.51468
19,505,2,501,0.017925,-1.80091,0.123495,1.59505,1.62,1.63554,-1.21963,0.556813,6.14229,2.73518,5.66772,5.52644
21.5,510,0,506,0.0227959,-1.76663,0.12426,1.63603,1.64758,1.62796,-1.32961,0.486717,7.45886,3.57789,7.1274,7.88711
21.5,510,1,506,0.0268359,-1.49929,0.123339,1.34525,1.35011,1.33627,-1.33135,0.548126,6.38273,3.10235,5.83924,5.52298
21.5,510,2,506,0.0359458,-1.79125,0.123312,1.64677,1.59297,1.60138,-1.29373,0.501117,6.21069,2.88376,5.69323,5.55233
24,515,0,511,0.027123,-1.80244,0.124073,1.68057,1.66468,1.67344,-1.39383,0.52864,7.2475,3.79888,7.13019,7.88539
24,515,1,511,0.0276892,-1.49808,0.123157,1.32806,1.31573,1.31034,-1.31645,0.514338,6.37349,3.19865,5.85905,5.53971
24,515,2,511,0.0322727,-1.81997,0.123128,1.64845,1.63812,1.65138,-1.18371,0.568284,6.23296,2.92757,5.72504,5.56883
26.5,520,0,516,0.0285598,-1.81331,0.123887,1.6865,1.71889,1.71119,-1.2738,0.529352,7.16887,3.77937,7.13314,7.90351
26.5,520,1,516,0.026004,-1.55631,0.122975,1.33836,1.35783,1.36612,-1.27111,0.502496,6.10731,3.1486,5.87588,5.55903
26.5,520,2,516,0.0245676,-1.83568,0.122946,1.64918,1.64368,1.64945,-1.39206,0.500206,5.9394,2.81065,5.74566,5.59813
29,525,0,521,0.0609261,-1.79273,0.123701,1.71924,1.66865,1.67307,-1.15728,0.540492,6.92342,3.91339,7.13413,7.9353
29,525,1,521,0.040232,-1.50722,0.122792,1.36153,1.32926,1.33133,-1.24883,0.511342,6.24385,3.1799,5.88765,5.58873
29,525,2,521,0.0536018,-1.83984,0.122763,1.64267,1.66583,1.64992,-1.33338,0.505646,6.20333,3.21297,5.76507,5.64112
31.5,530,0,526,0.0314925,-1.8727,0.123518,1.73342,1.76697,1.76834,-1.37806,0.496943,7.43014,3.9708,7.14147,7.9492
31.5,530,1,526,0.0172989,-1.54372,0.12261,1.34464,1.3512,1.35104,-1.39006,0.485025,6.10465,3.25738,5.90735,5.6155
31.5,530,2,526,0.0274864,-1.87432,0.122579,1.68579,1.67454,1.674,-1.29658,0.523648,6.08096,2.72543,5.78583,5.63409
34,535,0,531,0.0274352,-1.90201,0.123334,1.77741,1.76889,1.77877,-1.40658,0.502828,7.18407,3.57056,7.14345,7.92144
34,535,1,531,0.0201219,-1.4966,0.122428,1.30318,1.31484,1.31681,-1.27909,0.531403,6.23286,3.29042,5.92069,5.62862
34,535,2,531,0.031434,-1.89941,0.122395,1.74993,1.72135,1.7462,-1.29964,0.553107,6.22984,2.86485,5.8073,5.62641
36.5,540,0,536,0.0638369,-1.83794,0.123152,1.724,1.7228,1.73528,-1.23577,0.515183,6.98522,3.79107,7.1399,7.92637
36.5,540,1,536,0.0528568,-1.53462,0.122246,1.36687,1.32849,1.31989,-1.29418,0.517061,6.12479,3.26853,5.93284,5.64502
36.5,540,2,536,0.0722713,-1.84513,0.122212,1.69979,1.66154,1.68593,-1.29451,0.550251,5.93592,3.08452,5.82314,5.66594
39,545,0,541,0.022264,-1.81874,0.122969,1.71863,1.72379,1.70655,-1.22482,0.533786,7.15375,3.69443,7.13568,7.92513
39,545,1,541,0.0273315,-1.60309,0.122065,1.4016,1.43659,1.44144,-1.26504,0.52452,6.16237,3.09011,5.94707,5.66011
39,545,2,541,0.03101,-1.9548,0.122029,1.75901,1.76623,1.75454,-1.33009,0.549457,6.54669,3.02379,5.84909,5.67984
41.5,550,0,546,0.042133,-1.8534,0.122787,1.72972,1.7401,1.7443,-1.27712,0.573797,7.08917,3.76591,7.13569,7.92039
41.5,550,1,546,0.0410744,-1.54645,0.121884,1.41778,1.37816,1.36105,-1.24553,0.522723,5.88457,3.12002,5.95982,5.65507
41.5,550,2,546,0.0417179,-1.89663,0.121846,1.75205,1.72305,1.7319,-1.30067,0.540456,6.24156,3.14639,5.87001,5.70679
44,555,0,551,0.0256764,-1.86691,0.122605,1.76143,1.75063,1.74213,-1.32854,0.515812,7.16369,3.70155,7.13338,7.91098
44,555,1,551,0.0222866,-1.65329,0.121704,1.46319,1.46866,1.46843,-1.29298,0.536252,6.33363,3.11139,5.9692,5.65071
44,555,2,551,0.0291879,-1.96777,0.121665,1.79928,1.77392,1.76631,-1.28068,0.504728,6.23214,2.97978,5.88936,5.75424
46.5,560,0,556,0.0284308,-1.87979,0.122424,1.77399,1.77853,1.78055,-1.31064,0.504019,7.00415,3.54375,7.13413,7.90568
46.5,560,1,556,0.0290943,-1.62733,0.121524,1.46807,1.45779,1.4581,-1.2865,0.491877,6.19891,3.2266,5.98157,5.66555
46.5,560,2,556,0.0272563,-1.94946,0.121484,1.77986,1.80292,1.80475,-1.15055,0.541176,6.72347,3.31805,5.91262,5.78843
49,565,0,561,0.0294973,-1.92592,0.122242,1.85142,1.79884,1.81513,-1.15851,0.563434,7.14886,3.46535,7.13007,7.90244
49,565,1,561,0.0217909,-1.6141,0.121345,1.42631,1.41161,1.41381,-1.22557,0.544009,6.30006,3.16768,5.99355,5.67203
49,565,2,561,0.0352935,-1.98933,0.121305,1.81391,1.80955,1.79877,-1.21374,0.566785,6.67902,3.03804,5.93606,5.84711
51.5,570,0,566,0.0750389,-1.9194,0.122061,1.80046,1.81105,1.79054,-1.20035,0.527701,7.13168,3.79374,7.13217,7.92796
51.5,570,1,566,0.0574127,-1.60387,0.121166,1.44239,1.4331,1.42849,-1.29582,0.518008,5.84905,3.35831,6.00178,5.68907
51.5,570,2,566,0.0830097,-1.94706,0.121126,1.81649,1.76987,1.78074,-1.2458,0.536257,6.0183,3.11128,5.94997,5.86857
54,575,0,571,0.0279768,-1.95687,0.121882,1.85783,1.84298,1.84204,-1.23056,0.51844,7.38592,3.74439,7.13353,7.92272
54,575,1,571,0.01773,-1.66542,0.120987,1.50298,1.47097,1.47583,-1.22496,0.511104,6.38877,3.05029,6.02147,5.66829
54,575,2,571,0.0313414,-2.00527,0.120948,1.82124,1.81047,1.82186,-1.37843,0.542547,6.03598,2.85445,5.9661,5.8525
56.5,580,0,576,0.0236616,-1.97808,0.121704,1.89657,1.87765,1.87217,-1.3188,0.524478,7.1678,4.05754,7.13287,7.96367
56.5,580,1,576,0.0237808,-1.67675,0.12081,1.4862,1.49536,1.48063,-1.21105,0.531026,6.3807,3.23823,6.02971,5.68615
56.5,580,2,576,0.0306935,-2.04703,0.120769,1.84048,1.87652,1.86599,-1.18838,0.576431,5.96503,2.81246,5.97084,5.85674
0.5,585,0,580,0.0629621,-1.89024,0.121525,1.82753,1.82337,1.80578,-1.28888,0.472933,6.93792,3.70934,7.13514,7.9814
0.5,585,1,580,0.0341399,-1.72284,0.120632,1.49004,1.47428,1.46573,-1.16707,0.561186,6.35692,3.16047,6.04093,5.69166
0.5,585,2,580,0.0566862,-1.96901,0.120591,1.85176,1.84852,1.83679,-1.33154,0.516984,6.48128,3.39356,5.98914,5.86246
3,590,0,585,0.0553821,-2.02883,0.121343,1.90621,1.93071,1.90164,-1.15713,0.530204,7.01763,3.58925,7.13171,7.95976
3,590,1,585,0.0305141,-1.65621,0.120451,1.48772,1.4941,1.4413,-1.23606,0.516423,6.10523,3.39024,6.0392,5.69697
3,590,2,585,0.0504926,-2.00542,0.120411,1.84016,1.86713,1.82871,-1.27464,0.495219,6.12176,2.99631,6.00829,5.89222
5.5,595,0,590,0.0225968,-1.99729,0.121161,1.88847,1.85757,1.87078,-1.11629,0.60268,7.05542,3.49903,7.12299,7.97202
5.5,595,1,590,0.0182896,-1.72914,0.120271,1.52424,1.51732,1.57057,-1.10171,0.561915,6.27156,3.17669,6.05055,5.70955
5.5,595,2,590,0.0260028,-2.09002,0.120231,1.92814,1.89742,1.95518,-1.3215,0.589763,6.41573,2.97384,6.02205,5.89623
8,600,0,595,0.0771399,-2.05483,0.12098,1.95732,1.951,1.944,-1.24858,0.530686,6.94926,3.85611,7.12122,8.00155
8,600,1,595,0.0611946,-1.68893,0.120091,1.49042,1.47299,1.46369,-1.24976,0.496872,6.04052,3.48218,6.05489,5.73679
8,600,2,595,0.0914205,-2.00118,0.12005,1.85927,1.86592,1.81678,-1.28935,0.528042,5.99946,2.96763,6.036,5.91333
10.5,605,0,600,0.0353327,-2.04026,0.120798,1.96045,1.94165,1.93752,-1.24085,0.527199,7.20655,3.72781,7.11743,8.00726
10.5,605,1,600,0.0228666,-1.77455,0.119911,1.56398,1.59461,1.59414,-1.14926,0.551477,6.14991,3.1769,6.05564,5.75162
10.5,605,2,600,0.0281904,-2.06376,0.11987,1.88932,1.8592,1.89381,-1.13467,0.562497,6.10653,2.89493,6.05247,5.95048
13,610,0,605,0.0621103,-2.06209,0.120617,1.93099,1.94197,1.93835,-1.27944,0.520258,6.85166,3.73429,7.11062,8.04239
13,610,1,605,0.0378963,-1.74671,0.119731,1.55828,1.54189,1.55844,-1.44866,0.480305,6.19502,3.2492,6.06206,5.76663
13,610,2,605,0.0591186,-2.10318,0.11969,1.92602,1.96296,1.92044,-1.19317,0.574275,6.37776,3.3944,6.06332,6.02255
15.5,615,0,610,0.0185555,-2.07297,0.120436,2.00399,1.97957,1.98563,-1.16556,0.567386,7.23194,3.55939,7.11777,8.02976
15.5,615,1,610,0.0203756,-1.76101,0.119551,1.56936,1.57653,1.56913,-1.05229,0.570802,6.25554,3.32597,6.06846,5.78019
15.5,615,2,610,0.0274103,-2.1209,0.119511,1.90602,1.91784,1.92887,-1.33359,0.539956,6.26659,3.01927,6.07393,6.03621
18,620,0,615,0.0250051,-2.11677,0.120255,2.02298,2.02706,2.02036,-1.19833,0.535986,7.1064,3.57027,7.11429,8.03725
18,620,1,615,0.020081,-1.79052,0.119374,1.58596,1.58429,1.60346,-1.04252,0.567543,6.27219,3.3204,6.07113,5.80971
18,620,2,615,0.0239503,-2.15703,0.119332,1.97679,1.96103,1.96409,-1.19071,0.556223,6.44201,3.14492,6.08077,6.0516
20.5,625,0,620,0.111613,-2.00569,0.120075,1.99277,1.91517,1.91821,-1.03259,0.522291,6.97374,4.14921,7.10879,8.0644
20.5,625,1,620,0.0905126,-1.72565,0.119197,1.56208,1.52153,1.52734,-1.22914,0.504179,5.82989,3.40231,6.0737,5.8394
20.5,625,2,620,0.124526,-2.06944,0.119154,1.91513,1.90769,1.88779,-1.20388,0.537142,6.07597,3.23174,6.09402,6.06693
23,630,0,625,0.0528704,-2.09408,0.119896,1.97413,1.96289,1.94831,-1.2401,0.551336,6.56162,3.64531,7.09688,8.04555
23,630,1,625,0.045312,-1.83647,0.11902,1.65119,1.65366,1.64345,-1.26237,0.495232,5.99728,2.93373,6.07734,5.84654
23,630,2,625,0.0577648,-2.1579,0.118976,2.01196,1.97208,1.9691,-1.2012,0.544159,6.63413,3.40514,6.10847,6.08437
25.5,635,0,630,0.029412,-2.1003,0.119717,1.98032,2.00652,2.03699,-1.19036,0.537852,6.85501,3.25413,7.08745,8.01466
25.5,635,1,630,0.0234009,-1.82131,0.118844,1.65443,1.64905,1.64846,-0.995915,0.549315,6.34392,3.29742,6.07998,5.86118
25.5,635,2,630,0.0195815,-2.20601,0.1188,2.00907,2.03496,2.03128,-1.28541,0.5246,6.51406,3.19316,6.1253,6.1044
28,640,0,635,0.133072,-2.0241,0.119538,1.99254,1.92252,1.89387,-1.05545,0.533736,6.702,3.91721,7.07806,8.02204
28,640,1,635,0.0751248,-1.80275,0.11867,1.63285,1.60363,1.61873,-1.08428,0.561573,6.03904,3.50493,6.08415,5.89296
28,640,2,635,0.129659,-2.12824,0.118623,2.02627,1.94314,1.94711,-1.27203,0.540783,5.93974,3.40653,6.13212,6.12924
30.5,645,0,640,0.0739026,-2.15663,0.11936,2.02287,2.01601,2.04181,-1.03082,0.583831,6.74923,3.36891,7.06959,7.97355
30.5,645,1,640,0.0489216,-1.87368,0.118497,1.67495,1.66803,1.66064,-1.13972,0.535882,6.34758,3.509,6.09465,5.88876
30.5,645,2,640,0.0668371,-2.22088,0.118447,2.05266,2.03921,2.0407,-1.17227,0.525256,6.37429,3.05751,6.14364,6.12339
33,650,0,645,0.0213649,-2.16078,0.119184,2.05698,2.05151,2.05318,-1.28796,0.515403,7.12462,3.64006,7.06519,7.988
33,650,1,645,0.0257041,-1.92611,0.118323,1.73895,1.73064,1.7264,-1.20044,0.515442,6.15195,3.08086,6.10125,5.88708
33,650,2,645,0.0237907,-2.26818,0.118271,2.04516,2.075,2.09216,-1.17813,0.563114,6.47748,2.99588,6.15428,6.11053
35.5,655,0,650,0.0545663,-2.16569,0.119007,2.0633,2.02746,2.03462,-1.07118,0.562857,6.8138,3.52678,7.06175,7.98621
35.5,655,1,650,0.040792,-1.87062,0.118148,1.70844,1.69208,1.67965,-1.1844,0.527601,6.25623,3.21688,6.1053,5.89269
35.5,655,2,650,0.0666909,-2.23596,0.118095,2.08441,2.04983,2.04316,-1.15408,0.511878,6.37252,3.17916,6.16194,6.12799
38,660,0,655,0.0267474,-2.17996,0.118832,2.05682,2.09233,2.09514,-1.1112,0.577277,7.02378,3.66927,7.05903,7.96331
38,660,1,655,0.0143695,-1.91615,0.117974,1.72332,1.7349,1.72031,-1.02459,0.585471,6.08685,3.05727,6.10914,5.90236
38,660,2,655,0.0259928,-2.28515,0.11792,2.09758,2.10712,2.10791,-1.17208,0.537396,6.25585,3.08385,6.17229,6.13759
40.5,665,0,660,0.0274938,-2.2096,0.118657,2.12554,2.09769,2.0827,-1.20719,0.554676,7.25348,3.65356,7.05685,7.95352
40.5,665,1,660,0.0304961,-1.92425,0.117801,1.71889,1.70882,1.72641,-1.01711,0.55644,5.95778,3.30467,6.10862,5.90102
40.5,665,2,660,0.0263201,-2.29141,0.117746,2.11473,2.09935,2.08729,-1.07027,0.571956,6.37861,3.11545,6.1878,6.15059
43,670,0,665,0.0224345,-2.16145,0.118484,2.04568,2.04119,2.05225,-1.06345,0.583912,6.9818,3.64045,7.04795,7.92585
43,670,1,665,0.026438,-1.96262,0.117628,1.7858,1.77302,1.78001,-1.12569,0.565134,6.11293,3.16429,6.10995,5.9177
43,670,2,665,0.0224099,-2.34384,0.117574,2.18764,2.1906,2.19612,-1.24978,0.528465,6.6153,3.03001,6.20381,6.15895
45.5,675,0,670,0.0221585,-2.2114,0.118311,2.13567,2.11934,2.07585,-1.05355,0.572821,7.10657,3.58224,7.04296,7.93019
45.5,675,1,670,0.0207366,-1.94071,0.117455,1.75462,1.75852,1.74848,-1.03148,0.597049,6.29042,3.3166,6.1084,5.92314
45.5,675,2,670,0.033617,-2.31348,0.117401,2.17028,2.13805,2.11905,-1.16812,0.533375,6.20039,3.25132,6.21318,6.18763
48,680,0,675,0.0624306,-2.21255,0.118139,2.12848,2.10913,2.14441,-1.16055,0.56133,6.67276,3.36921,7.04466,7.91639
48,680,1,675,0.0554185,-1.95873,0.117282,1.75917,1.76559,1.77891,-1.00437,0.556939,6.39272,3.25167,6.11222,5.91648
48,680,2,675,0.0651027,-2.31998,0.117228,2.1164,2.13189,2.15118,-1.17503,0.562841,6.25239,3.24396,6.21898,6.20903
50.5,685,0,680,0.0760768,-2.19111,0.117966,2.09198,2.06322,2.04142,-0.996857,0.573597,6.87534,3.7081,7.039,7.9095
50.5,685,1,680,0.0624896,-1.91366,0.117107,1.75198,1.70933,1.7076,-1.00058,0.529237,5.92349,3.46786,6.11388,5.92855
50.5,685,2,680,0.0712787,-2.32831,0.117055,2.22809,2.17702,2.16713,-1.14467,0.545675,6.50027,3.22838,6.23459,6.23172
53,690,0,685,0.0627382,-2.26307,0.117793,2.07853,2.1142,2.13199,-1.04612,0.575546,6.39098,3.36616,7.03094,7.88658
53,690,1,685,0.0540479,-1.98786,0.116934,1.80522,1.8058,1.79655,-1.31839,0.513597,6.32887,3.39809,6.12234,5.9314
53,690,2,685,0.0714523,-2.43806,0.116883,2.20523,2.25109,2.25796,-1.07316,0.542781,6.83066,3.35148,6.24023,6.22398
55.5,695,0,690,0.0667279,-2.16725,0.117621,2.10911,2.04825,2.0478,-1.08988,0.551214,7.25979,3.93692,7.02782,7.90187
55.5,695,1,690,0.0516363,-2.01228,0.116762,1.81952,1.79374,1.80399,-0.958277,0.566312,6.02228,3.26594,6.12033,5.93776
55.5,695,2,690,0.0856039,-2.37814,0.11671,2.25609,2.22016,2.23138,-1.12021,0.544177,6.17769,3.17168,6.24457,6.24651
58,700,0,695,0.0198413,-2.32191,0.117451,2.23055,2.2088,2.19993,-1.10842,0.502756,7.02925,3.47633,7.02656,7.87594
58,700,1,695,0.0218073,-1.99157,0.116591,1.80843,1.79259,1.78835,-1.10667,0.552964,6.27404,3.0799,6.12415,5.93721
58,700,2,695,0.0205909,-2.42166,0.116536,2.23506,2.24028,2.23206,-1.30634,0.519469,6.43834,3.09087,6.25061,6.24046
2,705,0,699,0.0187245,-2.32722,0.117277,2.18735,2.16382,2.1962,-1.06246,0.568255,7.02071,3.24796,7.01934,7.88228
2,705,1,699,0.0233407,-2.00851,0.116418,1.8424,1.84786,1.83546,-1.01891,0.575461,6.2052,3.40963,6.12324,5.99308
2,705,2,699,0.0229081,-2.40398,0.116362,2.23676,2.26205,2.23043,-1.13921,0.559503,6.6903,3.30333,6.25919,6.26488
4.5,710,0,704,0.0198138,-2.29561,0.117102,2.18877,2.2133,2.21134,-1.27178,0.51803,7.25058,3.59146,7.01867,7.8404
4.5,710,1,704,0.0280962,-2.10314,0.116244,1.86429,1.9026,1.91016,-1.08716,0.540939,6.21006,3.19173,6.12938,6.01464
4.5,710,2,704,0.023784,-2.41855,0.116187,2.25091,2.23068,2.26254,-1.18578,0.550058,6.26023,3.05452,6.26474,6.26182
7,715,0,709,0.0665624,-2.24234,0.116925,2.10313,2.09111,2.10081,-1.00394,0.554341,6.64438,3.9286,7.01162,7.85727
7,715,1,709,0.0519592,-2.07006,0.11607,1.90002,1.86718,1.87924,-1.40747,0.528594,5.97637,3.19427,6.13159,6.02813
7,715,2,709,0.0682067,-2.47479,0.116013,2.32445,2.33274,2.31789,-1.0688,0.580052,6.50377,3.29141,6.26445,6.26285
9.5,720,0,714,0.0689489,-2.30507,0.116751,2.1519,2.18808,2.18737,-0.988061,0.571188,6.80501,3.72515,7.00839,7.82785
9.5,720,1,714,0.0464119,-2.08113,0.115894,1.9085,1.93195,1.88555,-1.1399,0.535653,6.135,3.03378,6.13778,6.04424
9.5,720,2,714,0.0635307,-2.47886,0.115839,2.32578,2.29384,2.28056,-1.15477,0.53158,6.28356,2.99507,6.27045,6.2316
12,725,0,719,0.116218,-2.21331,0.116576,2.13976,2.11169,2.08104,-0.87314,0.614283,6.69463,3.72121,7.00021,7.8407
12,725,1,719,0.0917417,-2.07338,0.115719,1.92959,1.87055,1.90124,-1.08343,0.577957,5.97073,3.2465,6.13933,6.08081
12,725,2,719,0.122934,-2.44832,0.115666,2.35245,2.27986,2.3071,-1.15712,0.548728,6.46246,3.41206,6.27757,6.25062
14.5,730,0,724,0.0536592,-2.38412,0.116404,2.27668,2.27439,2.29646,-1.17888,0.553178,6.76606,3.43567,6.99885,7.83233
14.5,730,1,724,0.0499414,-2.0759,0.115545,1.89839,1.90183,1.87467,-1.20956,0.543907,6.1049,3.10993,6.13961,6.11013
14.5,730,2,724,0.0666742,-2.48101,0.115492,2.30768,2.30581,2.28675,-1.27244,0.534521,6.43064,3.36022,6.28381,6.25987
17,735,0,729,0.0572842,-2.35222,0.11623,2.28403,2.27053,2.26498,-1.04742,0.54443,6.65972,3.85623,6.98839,7.85615
17,735,1,729,0.0542499,-2.12877,0.115372,1.90591,1.89561,1.93959,-1.03343,0.545718,5.96758,3.30414,6.13637,6.12556
17,735,2,729,0.0725056,-2.49428,0.115317,2.33019,2.30877,2.30904,-1.1804,0.539883,6.27178,3.20697,6.29092,6.27502
19.5,740,0,734,0.0573835,-2.34428,0.116057,2.2504,2.25901,2.27453,-0.936676,0.5711,7.09489,3.58108,6.99399,7.85956
19.5,740,1,734,0.0726243,-2.1043,0.1152,1.88366,1.90855,1.90122,-1.0848,0.538131,5.91949,3.30647,6.13056,6.14326
19.5,740,2,734,0.072632,-2.53789,0.115143,2.35871,2.37656,2.35895,-1.12083,0.588757,6.26465,3.16516,6.29491,6.29125
22,745,0,739,0.0223902,-2.3947,0.115886,2.29233,2.30348,2.27471,-1.00095,0.567197,6.8616,3.59295,6.99383,7.81667
22,745,1,739,0.0300059,-2.16119,0.115029,1.97431,1.94984,1.9613,-0.968587,0.57795,6.25505,3.06875,6.13206,6.12815
22,745,2,739,0.0226233,-2.54147,0.114971,2.39121,2.36435,2.37637,-1.12727,0.545898,6.33633,3.16165,6.29779,6.28404
24.5,750,0,744,0.0233418,-2.4266,0.115716,2.28993,2.32852,2.32288,-1.01602,0.55851,6.8346,3.56503,6.99184,7.76943
24.5,750,1,744,0.0257896,-2.18845,0.114858,1.97333,2.02883,1.99981,-1.11401,0.551697,5.94869,2.97306,6.13321,6.11845
24.5,750,2,744,0.0271313,-2.61276,0.1148,2.38689,2.43809,2.41491,-1.06309,0.558541,6.67495,3.28864,6.30403,6.274
27,755,0,749,0.0359507,-2.42553,0.115545,2.35278,2.30511,2.31211,-0.938849,0.585135,6.88386,3.38279,6.98853,7.74358
27,755,1,749,0.0287625,-2.1517,0.114686,1.98078,1.93497,1.9572,-1.08688,0.541256,6.10458,3.20465,6.13781,6.10345
27,755,2,749,0.0223921,-2.55944,0.11463,2.40912,2.37611,2.38244,-1.12566,0.518697,6.50333,3.05455,6.30958,6.26265
29.5,760,0,754,0.0796561,-2.42004,0.115374,2.30004,2.30752,2.30277,-0.838513,0.602804,6.65869,3.84561,6.98344,7.76908
29.5,760,1,754,0.0529452,-2.21671,0.114513,2.05637,2.02709,1.99936,-0.9878,0.580182,5.7204,3.08939,6.13146,6.11994
29.5,760,2,754,0.0858685,-2.61631,0.114461,2.43781,2.41975,2.39692,-1.28321,0.493932,6.63473,3.37397,6.31479,6.27754
32,765,0,759,0.0208051,-2.43541,0.115204,2.33903,2.32215,2.32581,-1.04377,0.544095,6.90973,3.57336,6.98406,7.75504
32,765,1,759,0.0369008,-2.20152,0.114341,1.9912,2.00749,2.01605,-1.07273,0.54873,6.28256,3.23698,6.12571,6.1086
32,765,2,759,0.0354169,-2.63288,0.114291,2.4571,2.4789,2.47794,-1.25793,0.545171,6.25439,3.01159,6.31957,6.26203
34.5,770,0,764,0.0242885,-2.48625,0.115033,2.37363,2.37839,2.38689,-0.924639,0.580225,6.92349,3.41198,6.97801,7.72961
34.5,770,1,764,0.0270311,-2.21757,0.11417,2.0271,1.99845,2.00655,-0.780679,0.594707,6.05564,3.12073,6.12509,6.11745
34.5,770,2,764,0.0345366,-2.6024,0.114121,2.46114,2.39909,2.41153,-1.07519,0.546689,6.52459,3.0709,6.32926,6.26346
37,775,0,769,0.0218982,-2.48421,0.114864,2.36084,2.38042,2.36962,-1.09235,0.555429,6.91871,3.36135,6.97183,7.69021
37,775,1,769,0.0273749,-2.29181,0.114002,2.10176,2.08076,2.07713,-0.905523,0.566225,6.10036,2.93015,6.12373,6.11372
37,775,2,769,0.0256155,-2.68784,0.113953,2.49027,2.51754,2.50779,-1.17748,0.55599,6.61811,3.31443,6.33881,6.25174
39.5,780,0,774,0.0563758,-2.48497,0.114695,2.39843,2.39308,2.39158,-1.01813,0.538517,7.1489,3.78291,6.97154,7.70099
39.5,780,1,774,0.0623982,-2.24133,0.113832,2.047,2.03762,2.03935,-1.0113,0.571985,5.86467,3.04646,6.11766,6.11026
39.5,780,2,774,0.0769998,-2.58808,0.113784,2.479,2.40744,2.43549,-1.25814,0.564173,6.39388,3.0038,6.34645,6.25387
42,785,0,779,0.0281866,-2.50513,0.114527,2.42534,2.4157,2.44938,-1.01279,0.563237,6.9945,3.82604,6.96751,7.67781
42,785,1,779,0.0296291,-2.27821,0.113663,2.05887,2.0815,2.09121,-0.905996,0.580675,6.11721,3.26346,6.11937,6.12104
42,785,2,779,0.028967,-2.70442,0.113615,2.48431,2.51754,2.51606,-1.1291,0.545862,6.28746,3.07742,6.34593,6.24285
44.5,790,0,784,0.0665778,-2.49161,0.114358,2.37545,2.36922,2.34376,-1.06801,0.549499,7.07241,3.47548,6.96496,7.6896
44.5,790,1,784,0.0706168,-2.20492,0.113496,2.06193,1.99426,1.99793,-1.11536,0.539919,5.78674,3.27993,6.11848,6.14937
44.5,790,2,784,0.0870756,-2.6793,0.113448,2.556,2.5116,2.52173,-1.24541,0.503781,6.45831,3.33088,6.3421,6.24675
47,795,0,789,0.0993425,-2.50749,0.114188,2.38155,2.40795,2.39881,-1.04011,0.581484,6.72274,3.56701,6.95912,7.66357
47,795,1,789,0.0609322,-2.30382,0.113329,2.12004,2.13367,2.12781,-0.958737,0.594314,6.19841,3.29469,6.12173,6.14456
47,795,2,789,0.0950925,-2.71726,0.113282,2.55776,2.52981,2.50199,-1.2451,0.526953,6.36033,2.96187,6.34815,6.22773
49.5,800,0,794,0.0673185,-2.50063,0.114018,2.40045,2.35421,2.37836,-1.0438,0.526356,6.5911,3.55264,6.9495,7.64084
49.5,800,1,794,0.068179,-2.23707,0.113162,2.11222,2.07495,2.07536,-0.82261,0.590346,5.98175,3.23529,6.11941,6.14511
49.5,800,2,794,0.0919898,-2.68835,0.113116,2.55983,2.51469,2.53632,-1.01719,0.543101,6.55037,3.52121,6.35757,6.23583
52,805,0,799,0.0288183,-2.57069,0.113847,2.46142,2.49361,2.46158,-1.10061,0.547642,7.00289,3.41089,6.94992,7.62132
52,805,1,799,0.0333136,-2.32909,0.112995,2.11502,2.0961,2.11943,-1.17643,0.552996,6.0236,3.38683,6.11841,6.1371
52,805,2,799,0.024019,-2.77369,0.112951,2.58347,2.57304,2.55355,-1.07337,0.546331,6.38847,2.95282,6.36236,6.20496
54.5,810,0,804,0.0232415,-2.55534,0.113674,2.4615,2.44017,2.45404,-0.89766,0.573476,7.10704,3.66922,6.94514,7.58649
54.5,810,1,804,0.0315165,-2.3699,0.112826,2.13022,2.21369,2.16625,-0.903154,0.527261,6.03251,3.11433,6.11973,6.13581
54.5,810,2,804,0.0252377,-2.77797,0.112784,2.62853,2.60481,2.60224,-1.05467,0.546143,6.34069,3.30695,6.36572,6.22332
57,815,0,809,0.0842906,-2.5745,0.113506,2.50375,2.48348,2.4812,-0.973963,0.553967,6.87011,3.63615,6.94568,7.55256
57,815,1,809,0.0816705,-2.26842,0.112659,2.17093,2.08835,2.10741,-0.955767,0.574182,5.87644,3.20518,6.11312,6.13588
57,815,2,809,0.0928575,-2.72489,0.112618,2.57456,2.52015,2.52423,-1.31216,0.501606,6.18077,3.08817,6.36119,6.20986
