0.4,1,0.12383,0.897322,-0.5,35.5893,24726.3,0.10881
0.4,2,-0.129983,0.871143,0.5,35.4846,16540.7,0.108289
0.4,3,-0.436843,0.800891,2,35.2036,11317.2,0.107297
0.9,1,0.019957,0.781382,-0,35.1255,17241.8,0.10881
0.9,2,-0.149206,0.750127,0.5,35.0005,16736,0.108289
0.9,3,-0.102056,0.678159,0.5,34.7126,16915.6,0.107297
1.4,1,0.0192366,0.782241,-0,35.129,17200,0.10881
1.4,2,-0.132027,0.747307,0.5,34.9892,17723.6,0.108289
1.4,3,-0.0861414,0.667412,0.5,34.6696,16143.8,0.107297
1.9,1,0.0201252,0.781067,-0,35.1243,16743.6,0.10881
1.9,2,-0.143442,0.751763,0.5,35.0071,17174.8,0.108289
1.9,3,-0.105153,0.67958,0.5,34.7183,16867.1,0.107297
2.4,1,0.0204713,0.780612,-0,35.1224,17292.4,0.10881
2.4,2,-0.148989,0.750446,0.5,35.0018,16658.2,0.108289
2.4,3,-0.105364,0.679668,0.5,34.7187,17108.4,0.107297
2.9,1,0.0211808,0.78069,-0,35.1228,17402.2,0.10881
2.9,2,-0.132762,0.747785,0.5,34.9911,17810.5,0.108289
2.9,3,-0.102655,0.678522,0.5,34.7141,16621.2,0.107297
3.4,1,0.0211808,0.78069,-0,35.1228,17379,0.10881
3.4,2,-0.136897,0.74995,0.5,34.9998,17570.8,0.108289
3.4,3,-0.0927312,0.671226,0.5,34.6849,16317,0.107297
3.9,1,0.0206065,0.780627,-0,35.1225,17467.6,0.10881
3.9,2,-0.129586,0.745718,0.5,34.9829,17541.4,0.108289
3.9,3,-0.0992274,0.675598,0.5,34.7024,16847.1,0.107297
4.4,1,0.0216748,0.780744,-0,35.123,17310.9,0.10881
4.4,2,-0.147879,0.750693,0.5,35.0028,16549.8,0.108289
4.4,3,-0.103169,0.679073,0.5,34.7163,16952,0.107297
4.9,1,0.0203054,0.780728,-0,35.1229,16918,0.10881
4.9,2,-0.136508,0.749723,0.5,34.9989,17785.6,0.108289
4.9,3,-0.106696,0.682549,0.5,34.7302,17208.8,0.107297
5.4,1,0.0203608,0.780624,-0,35.1225,16662.9,0.10881
5.4,2,-0.138361,0.7508,0.5,35.0032,17546.7,0.108289
5.4,3,-0.099864,0.676272,0.5,34.7051,16603.8,0.107297
5.9,1,0.0210024,0.780671,-0,35.1227,16737.3,0.10881
5.9,2,-0.132688,0.747738,0.5,34.991,17450.4,0.108289
5.9,3,-0.105974,0.688308,0.5,34.7532,17744.2,0.107297
6.4,1,0.0232748,0.780637,-0,35.1225,17254.7,0.10881
6.4,2,-0.14474,0.751321,0.5,35.0053,16678.9,0.108289
6.4,3,-0.104563,0.69166,0.5,34.7666,17908.8,0.107297
6.9,1,0.0247522,0.780461,-0,35.1218,16909.8,0.10881
6.9,2,-0.134669,0.748794,0.5,34.9952,17716.7,0.108289
6.9,3,-0.105776,0.689856,0.5,34.7594,17800.5,0.107297
7.4,1,0.0235663,0.779564,-0,35.1183,17843.1,0.10881
7.4,2,-0.148481,0.75064,0.5,35.0026,16548.6,0.108289
7.4,3,-0.102605,0.692529,0.5,34.7701,17958.6,0.107297
7.9,1,0.0215216,0.779241,-0,35.117,17149.4,0.10881
7.9,2,-0.133076,0.747989,0.5,34.992,17841.3,0.108289
7.9,3,-0.105958,0.688438,0.5,34.7538,17575.2,0.107297
8.4,1,0.0219119,0.78077,-0,35.1231,17585.8,0.10881
8.4,2,-0.14573,0.750984,0.5,35.0039,16524.8,0.108289
8.4,3,-0.104121,0.691857,0.5,34.7674,18047.2,0.107297
8.9,1,0.0249034,0.780283,-0,35.1211,16429.4,0.10881
8.9,2,-0.133181,0.748058,0.5,34.9922,17775,0.108289
8.9,3,-0.0854746,0.699019,0.5,34.7961,18500,0.107297
9.4,1,0.0205693,0.780623,-0,35.1225,16732.2,0.10881
9.4,2,-0.14573,0.750984,0.5,35.0039,16175.9,0.108289
9.4,3,-0.0779365,0.699873,0.5,34.7995,18820.9,0.107297
9.9,1,0.0247933,0.780224,-0,35.1209,15613.1,0.10881
9.9,2,-0.140124,0.751997,0.5,35.008,17287,0.108289
9.9,3,-0.0964074,0.695264,0.5,34.7811,18244.6,0.107297
10.4,1,0.0248446,0.780252,-0,35.121,16069,0.10881
10.4,2,-0.148678,0.748177,0.5,34.9927,15984.6,0.108289
10.4,3,-0.100377,0.693515,0.5,34.7741,18250.3,0.107297
10.9,1,0.0218346,0.780762,-0,35.123,15583.7,0.10881
10.9,2,-0.140006,0.751957,0.5,35.0078,16967.5,0.108289
10.9,3,-0.0976228,0.69473,0.5,34.7789,18300.1,0.107297
11.4,1,0.0246335,0.780138,-0,35.1206,15233.4,0.10881
11.4,2,-0.139571,0.751653,0.5,35.0066,17254.1,0.108289
11.4,3,-0.0665646,0.701154,0.5,34.8046,19055.5,0.107297
11.9,1,0.0218346,0.780762,-0,35.123,15634.6,0.10881
11.9,2,-0.137485,0.750292,0.5,35.0012,16927.8,0.108289
11.9,3,-0.106164,0.686803,0.5,34.7472,17825,0.107297
12.4,1,0.0218346,0.780762,-0,35.123,15272.5,0.10881
12.4,2,-0.139216,0.751377,0.5,35.0055,16908.3,0.108289
12.4,3,-0.10559,0.690839,0.5,34.7634,18022.2,0.107297
12.9,1,0.0218346,0.780762,-0,35.123,14992.8,0.10881
12.9,2,-0.139416,0.751533,0.5,35.0061,16914.6,0.108289
12.9,3,-0.105991,0.688172,0.5,34.7527,17794.2,0.107297
13.4,1,0.0237296,0.779652,-0,35.1186,14964,0.10881
13.4,2,-0.138996,0.751207,0.5,35.0048,16926,0.108289
13.4,3,-0.105613,0.690719,0.5,34.7629,17891.3,0.107297
13.9,1,0.0245092,0.780071,-0,35.1203,15177,0.10881
13.9,2,-0.138999,0.751209,0.5,35.0048,16585.4,0.108289
13.9,3,-0.106593,0.683378,0.5,34.7335,17578.6,0.107297
14.4,1,0.0241054,0.779854,-0,35.1194,15290.3,0.10881
14.4,2,-0.148922,0.750543,0.5,35.0022,15552.3,0.108289
14.4,3,-0.106619,0.683165,0.5,34.7327,17640.2,0.107297
14.9,1,0.0218346,0.780762,-0,35.123,14857.4,0.10881
14.9,2,-0.137208,0.750131,0.5,35.0005,16582.5,0.108289
14.9,3,-0.106365,0.685201,0.5,34.7408,17660.2,0.107297
15.4,1,0.0234912,0.779523,-0,35.1181,14925.9,0.10881
15.4,2,-0.132665,0.747722,0.5,34.9909,16847.8,0.108289
15.4,3,-0.106699,0.682524,0.5,34.7301,17463.1,0.107297
15.9,1,0.0165314,0.77931,-0,35.1172,14990,0.10881
15.9,2,-0.138842,0.751087,0.5,35.0043,16993.7,0.108289
15.9,3,-0.106129,0.687083,0.5,34.7483,17669.6,0.107297
16.4,1,0.0234912,0.779523,-0,35.1181,15073.4,0.10881
16.4,2,-0.137364,0.750221,0.5,35.0009,16232.6,0.108289
16.4,3,-0.10678,0.681869,0.5,34.7275,17563.4,0.107297
16.9,1,0.0130636,0.779482,-0,35.1179,15405.1,0.10881
16.9,2,-0.142217,0.75218,0.5,35.0087,15656.6,0.108289
16.9,3,-0.105454,0.679716,0.5,34.7189,17337.1,0.107297
17.4,1,0.00678723,0.779876,-0,35.1195,15241.4,0.10881
17.4,2,-0.12969,0.733395,0.5,34.9336,15588.6,0.108289
17.4,3,-0.103197,0.679019,0.5,34.7161,16801.4,0.107297
17.9,1,0.00616876,0.779753,-0,35.119,15222.6,0.10881
17.9,2,-0.126546,0.73114,0.5,34.9246,14264,0.108289
17.9,3,-0.105803,0.68966,0.5,34.7586,17674.6,0.107297
18.4,1,0.00616876,0.779753,-0,35.119,14971.6,0.10881
18.4,2,-0.10497,0.713873,0.5,34.8555,13890.9,0.108289
18.4,3,-0.105603,0.690769,0.5,34.7631,17776,0.107297
18.9,1,-0.0049034,0.776317,-0,35.1053,15324.7,0.10881
18.9,2,-0.111138,0.709947,0.5,34.8398,13307.8,0.108289
18.9,3,-0.105973,0.68832,0.5,34.7533,17650.6,0.107297
19.4,1,-0.00183926,0.777863,-0,35.1115,15220.4,0.10881
19.4,2,-0.108446,0.709345,0.5,34.8374,13409.8,0.108289
19.4,3,-0.10273,0.692474,0.5,34.7699,17913.9,0.107297
19.9,1,-0.00183926,0.777863,-0,35.1115,15201.3,0.10881
19.9,2,-0.108119,0.709272,0.5,34.8371,13438.9,0.108289
19.9,3,-0.103995,0.691913,0.5,34.7677,17777.8,0.107297
20.4,1,-0.00183926,0.777863,-0,35.1115,15259,0.10881
20.4,2,-0.110034,0.7097,0.5,34.8388,13362.2,0.108289
20.4,3,-0.105897,0.68892,0.5,34.7557,17553.8,0.107297
20.9,1,-0.00183926,0.777863,-0,35.1115,15206.9,0.10881
20.9,2,-0.110034,0.7097,0.5,34.8388,13323.6,0.108289
20.9,3,-0.105675,0.690392,0.5,34.7616,17590.9,0.107297
21.4,1,-0.00183926,0.777863,-0,35.1115,15151,0.10881
21.4,2,-0.112456,0.710094,0.5,34.8404,13344,0.108289
21.4,3,-0.105792,0.689747,0.5,34.759,17532.6,0.107297
21.9,1,-0.00369085,0.77693,-0,35.1077,15209.7,0.10881
21.9,2,-0.1102,0.709737,0.5,34.8389,13382.6,0.108289
21.9,3,-0.106705,0.680194,0.5,34.7208,16886.8,0.107297
22.4,1,-0.00966639,0.771497,-0,35.086,15340.6,0.10881
22.4,2,-0.112254,0.712515,0.5,34.8501,12916.6,0.108289
22.4,3,-0.105389,0.679682,0.5,34.7187,16705.4,0.107297
22.9,1,-0.0109946,0.771323,-0,35.0853,15435.9,0.10881
22.9,2,-0.112288,0.711282,0.5,34.8451,13021.4,0.108289
22.9,3,-0.102115,0.678195,0.5,34.7128,16415.1,0.107297
23.4,1,-0.00966639,0.771497,-0,35.086,15274.6,0.10881
23.4,2,-0.112114,0.711458,0.5,34.8458,12873.2,0.108289
23.4,3,-0.100063,0.676482,0.5,34.7059,16357,0.107297
23.9,1,-0.00966639,0.771497,-0,35.086,15295.2,0.10881
23.9,2,-0.112556,0.712887,0.5,34.8515,12795.8,0.108289
23.9,3,-0.106247,0.686144,0.5,34.7446,17197.4,0.107297
24.4,1,-0.00966639,0.771497,-0,35.086,15029.4,0.10881
24.4,2,-0.112429,0.71114,0.5,34.8446,12891,0.108289
24.4,3,-0.10606,0.687628,0.5,34.7505,17215.5,0.107297
24.9,1,-0.00891716,0.77329,-0,35.0932,14833.7,0.10881
24.9,2,-0.112429,0.71114,0.5,34.8446,12638.8,0.108289
24.9,3,-0.106323,0.685539,0.5,34.7422,17131.1,0.107297
25.4,1,-0.0139105,0.771257,-0,35.085,15246.8,0.10881
25.4,2,-0.112114,0.711458,0.5,34.8458,12425,0.108289
25.4,3,-0.1061,0.687313,0.5,34.7493,17190.2,0.107297
25.9,1,-0.0192637,0.770103,-0,35.0804,15348.6,0.10881
25.9,2,-0.1126,0.710107,0.5,34.8404,12701.8,0.108289
25.9,3,-0.106371,0.685152,0.5,34.7406,17099.8,0.107297
26.4,1,-0.0194012,0.770051,-0,35.0802,15382.2,0.10881
26.4,2,-0.113187,0.710375,0.5,34.8415,12491.1,0.108289
26.4,3,-0.106466,0.684395,0.5,34.7376,17034.9,0.107297
26.9,1,-0.0158062,0.771391,-0,35.0856,15049.9,0.10881
26.9,2,-0.113219,0.710343,0.5,34.8414,12505.6,0.108289
26.9,3,-0.106323,0.685536,0.5,34.7421,17114.1,0.107297
27.4,1,-0.0193573,0.770068,-0,35.0803,15230.4,0.10881
27.4,2,-0.109131,0.709498,0.5,34.838,12707.6,0.108289
27.4,3,-0.106824,0.680926,0.5,34.7237,17053.3,0.107297
27.9,1,-0.024163,0.768234,-0,35.0729,15440.2,0.10881
27.9,2,-0.1126,0.710107,0.5,34.8404,12588.6,0.108289
27.9,3,-0.105583,0.690876,0.5,34.7635,17572,0.107297
28.4,1,-0.0208165,0.769623,-0,35.0785,15349.1,0.10881
28.4,2,-0.106497,0.716258,0.5,34.865,13317.1,0.108289
28.4,3,-0.100353,0.693526,0.5,34.7741,17799.2,0.107297
28.9,1,-0.0208225,0.769622,-0,35.0785,15279,0.10881
28.9,2,-0.140387,0.739072,0.5,34.9563,14282.2,0.108289
28.9,3,-0.106294,0.685763,0.5,34.7431,17297.6,0.107297
29.4,1,-0.0156747,0.771382,-0,35.0855,14856.7,0.10881
29.4,2,-0.107979,0.717385,0.5,34.8695,13595.1,0.108289
29.4,3,-0.105946,0.688535,0.5,34.7541,17437.2,0.107297
29.9,1,-0.0181238,0.770537,-0,35.0821,15029.8,0.10881
29.9,2,-0.132955,0.735009,0.5,34.94,14089.4,0.108289
29.9,3,-0.104191,0.691826,0.5,34.7673,17672.4,0.107297
30.4,1,-0.0267028,0.766981,-0,35.0679,15429.8,0.10881
30.4,2,-0.108584,0.717843,0.5,34.8714,13532.3,0.108289
30.4,3,-0.105762,0.689932,0.5,34.7597,17490.2,0.107297
30.9,1,-0.0245694,0.768026,-0,35.0721,15307,0.10881
30.9,2,-0.144641,0.742766,0.5,34.9711,14252.6,0.108289
30.9,3,-0.105638,0.690584,0.5,34.7623,17561.7,0.107297
31.4,1,-0.0250352,0.767787,-0,35.0711,15334,0.10881
31.4,2,-0.126572,0.731158,0.5,34.9246,13855.2,0.108289
31.4,3,-0.104904,0.679513,0.5,34.7181,17006.9,0.107297
31.9,1,-0.033085,0.765304,-0,35.0612,15508.8,0.10881
31.9,2,-0.127208,0.731627,0.5,34.9265,13768.1,0.108289
31.9,3,-0.105658,0.679825,0.5,34.7193,17112.7,0.107297
32.4,1,-0.0347365,0.764097,-0,35.0564,15409.8,0.10881
32.4,2,-0.132151,0.734612,0.5,34.9384,13886.3,0.108289
32.4,3,-0.106797,0.680502,0.5,34.722,17197,0.107297
32.9,1,-0.0327234,0.765567,-0,35.0623,15296.2,0.10881
32.9,2,-0.105033,0.714107,0.5,34.8564,13230.3,0.108289
32.9,3,-0.105213,0.679596,0.5,34.7184,16911,0.107297
33.4,1,-0.0333246,0.765129,-0,35.0605,15279.1,0.10881
33.4,2,-0.110525,0.719312,0.5,34.8772,13426.3,0.108289
33.4,3,-0.106635,0.683041,0.5,34.7322,17248.5,0.107297
33.9,1,-0.0342889,0.764425,-0,35.0577,15348.5,0.10881
33.9,2,-0.109315,0.718398,0.5,34.8736,13348.6,0.108289
33.9,3,-0.0991896,0.675558,0.5,34.7022,16410.6,0.107297
34.4,1,0.0396147,0.489726,-0,33.9589,14592.6,0.10881
34.4,2,-0.133498,0.69149,0.5,34.766,15356,0.108289
34.4,3,-0.0655978,0.701263,0.5,34.8051,18553.8,0.107297
34.9,1,0.0391701,0.492322,-0,33.9693,14465.8,0.10881
34.9,2,-0.133423,0.691081,0.5,34.7643,15204.2,0.108289
34.9,3,-0.0794751,0.699699,0.5,34.7988,18378.8,0.107297
35.4,1,0.0378139,0.504015,-0,34.0161,14382.2,0.10881
35.4,2,-0.134666,0.690795,0.5,34.7632,15076.2,0.108289
35.4,3,-0.0965728,0.695192,0.5,34.7808,17815.3,0.107297
35.9,1,0.05067,0.493057,-0.5,33.9722,15269.4,0.10881
35.9,2,-0.130086,0.696281,0.5,34.7851,14717.3,0.108289
35.9,3,-0.106081,0.687462,0.5,34.7498,17151,0.107297
36.4,1,0.0414643,0.500172,-0,34.0007,13983,0.10881
36.4,2,-0.134231,0.691582,0.5,34.7663,14944.7,0.108289
36.4,3,-0.102834,0.692428,0.5,34.7697,17333,0.107297
36.9,1,0.0455342,0.51029,-0,34.0412,13982.6,0.10881
36.9,2,-0.133434,0.690186,0.5,34.7607,15164.8,0.108289
36.9,3,-0.106821,0.68071,0.5,34.7228,16545,0.107297
37.4,1,0.0447171,0.480244,-0,33.921,14131.8,0.10881
37.4,2,-0.134446,0.691346,0.5,34.7654,14968.9,0.108289
37.4,3,-0.0895023,0.698284,0.5,34.7931,17875.1,0.107297
37.9,1,0.0483898,0.461776,-0,33.8471,14121.4,0.10881
37.9,2,-0.133308,0.690475,0.5,34.7619,15138.8,0.108289
37.9,3,-0.105683,0.690346,0.5,34.7614,17105.1,0.107297
38.4,1,0.0487077,0.46468,-0,33.8587,14147.5,0.10881
38.4,2,-0.133479,0.691375,0.5,34.7655,15189.7,0.108289
38.4,3,-0.106129,0.68708,0.5,34.7483,16857.2,0.107297
38.9,1,0.0479735,0.459964,-0,33.8399,14190.7,0.10881
38.9,2,-0.133496,0.691478,0.5,34.7659,15296.2,0.108289
38.9,3,-0.105837,0.689397,0.5,34.7576,17040.9,0.107297
39.4,1,0.0449347,0.441665,-0,33.7667,14373.8,0.10881
39.4,2,-0.133476,0.691355,0.5,34.7654,15175.5,0.108289
39.4,3,-0.105969,0.67989,0.5,34.7196,16353.6,0.107297
39.9,1,0.0450611,0.450936,-0,33.8037,14240.8,0.10881
39.9,2,-0.133638,0.692316,0.5,34.7693,15205,0.108289
39.9,3,-0.106309,0.685649,0.5,34.7426,16754.7,0.107297
40.4,1,0.0485611,0.463715,-0,33.8549,13916.9,0.10881
40.4,2,-0.134148,0.691604,0.5,34.7664,14792.6,0.108289
40.4,3,-0.106825,0.681003,0.5,34.724,16422.5,0.107297
40.9,1,0.045181,0.452233,-0,33.8089,14076.6,0.10881
40.9,2,-0.133523,0.691635,0.5,34.7665,15161,0.108289
40.9,3,-0.106828,0.681294,0.5,34.7252,16429.6,0.107297
41.4,1,0.0497698,0.471776,-0,33.8871,13698.1,0.10881
41.4,2,-0.133535,0.691704,0.5,34.7668,15150.1,0.108289
41.4,3,-0.106727,0.682299,0.5,34.7292,16427.4,0.107297
41.9,1,0.0459067,0.454008,-0,33.816,13873.1,0.10881
41.9,2,-0.133489,0.691437,0.5,34.7657,15065.8,0.108289
41.9,3,-0.105373,0.679673,0.5,34.7187,16031.4,0.107297
42.4,1,0.045181,0.452233,-0,33.8089,13891.4,0.10881
42.4,2,-0.131568,0.694715,0.5,34.7789,14536.2,0.108289
42.4,3,-0.106731,0.682267,0.5,34.7291,16218.4,0.107297
42.9,1,0.0497706,0.471784,-0,33.8871,13678.1,0.10881
42.9,2,-0.127734,0.705917,0.5,34.8237,14001.4,0.108289
42.9,3,-0.106685,0.682641,0.5,34.7306,16190.7,0.107297
43.4,1,0.0525568,0.480737,-0.5,33.9229,13546.2,0.10881
43.4,2,-0.127612,0.70484,0.5,34.8194,14009.8,0.108289
43.4,3,-0.106685,0.682641,0.5,34.7306,16177.1,0.107297
43.9,1,0.0533227,0.464628,-0.5,33.8585,13545.1,0.10881
43.9,2,-0.125734,0.701483,0.5,34.8059,14183.3,0.108289
43.9,3,-0.106823,0.680886,0.5,34.7235,16094.1,0.107297
44.4,1,0.0519241,0.446127,-0.5,33.7845,13740.7,0.10881
44.4,2,-0.12503,0.708482,0.5,34.8339,13698,0.108289
44.4,3,-0.106231,0.68627,0.5,34.7451,16351.1,0.107297
44.9,1,0.0598078,0.471586,-0.5,33.8863,13422.2,0.10881
44.9,2,-0.126613,0.706983,0.5,34.8279,13846.4,0.108289
44.9,3,-0.106569,0.683565,0.5,34.7343,16201.4,0.107297
45.4,1,0.0622969,0.473723,-0.5,33.8949,13337.8,0.10881
45.4,2,-0.126509,0.707082,0.5,34.8283,13808.7,0.108289
45.4,3,-0.105672,0.679833,0.5,34.7193,15868.1,0.107297
45.9,1,0.0548037,0.443641,-0.5,33.7746,13678.1,0.10881
45.9,2,-0.126068,0.7075,0.5,34.83,13824.4,0.108289
45.9,3,-0.105171,0.679585,0.5,34.7183,15809.1,0.107297
46.4,1,0.0554187,0.450232,-0.5,33.8009,13585.5,0.10881
46.4,2,-0.127281,0.706348,0.5,34.8254,13951.7,0.108289
46.4,3,-0.104529,0.679411,0.5,34.7176,15733.2,0.107297
46.9,1,0.0652955,0.458462,-0.5,33.8338,13307.4,0.10881
46.9,2,-0.126783,0.706821,0.5,34.8273,13671,0.108289
46.9,3,-0.103143,0.679123,0.5,34.7165,15617.6,0.107297
47.4,1,0.0587936,0.453551,-0.5,33.8142,13434.9,0.10881
47.4,2,-0.127726,0.698356,0.5,34.7934,14145.9,0.108289
47.4,3,-0.102414,0.678376,0.5,34.7135,15536.6,0.107297
47.9,1,0.0580471,0.419,-0.5,33.676,13934.6,0.10881
47.9,2,-0.126844,0.699128,0.5,34.7965,13941.4,0.108289
47.9,3,-0.0972495,0.673834,0.5,34.6953,15289,0.107297
48.4,1,0.0585046,0.427387,-0.5,33.7095,14459.1,0.10881
48.4,2,-0.185462,0.738505,1,34.954,11840.8,0.108289
48.4,3,0.0359722,0.658468,-0,34.6339,17171.4,0.107297
48.9,1,0.0639252,0.438038,-0.5,33.7522,14226.1,0.10881
48.9,2,-0.186946,0.738805,1,34.9552,11833.9,0.108289
48.9,3,0.0263975,0.656503,-0,34.626,16761.8,0.107297
49.4,1,0.0582174,0.41622,-0.5,33.6649,14591.7,0.10881
49.4,2,-0.183154,0.738038,1,34.9522,11694.5,0.108289
49.4,3,0.0292893,0.657115,-0,34.6285,16866.8,0.107297
49.9,1,0.0581758,0.43415,-0.5,33.7366,14351.4,0.10881
49.9,2,-0.186048,0.738623,1,34.9545,12027.4,0.108289
49.9,3,0.0265615,0.656537,-0,34.6261,16780.2,0.107297
50.4,1,0.0580358,0.433188,-0.5,33.7328,14433.1,0.10881
50.4,2,-0.179146,0.737343,1,34.9494,13084.3,0.108289
50.4,3,0.0271408,0.656656,-0,34.6266,16803,0.107297
50.9,1,0.0738694,0.445972,-0.5,33.7839,13959.2,0.10881
50.9,2,-0.189816,0.739715,1,34.9589,13453.1,0.108289
50.9,3,0.0304124,0.657358,-0,34.6294,16918.9,0.107297
51.4,1,0.0722437,0.468438,-0.5,33.8738,13375.1,0.10881
51.4,2,-0.18776,0.738969,1,34.9559,13315,0.108289
51.4,3,0.0232399,0.653119,-0,34.6125,16321,0.107297
51.9,1,0.0796727,0.456835,-0.5,33.8273,13682.6,0.10881
51.9,2,-0.18964,0.739615,1,34.9585,13431.3,0.108289
51.9,3,0.0379089,0.658378,-0,34.6335,17307.2,0.107297
52.4,1,0.0796727,0.456835,-0.5,33.8273,13686,0.10881
52.4,2,-0.18964,0.739615,1,34.9585,13423.7,0.108289
52.4,3,0.0237153,0.653309,-0,34.6132,16372.7,0.107297
52.9,1,0.0435289,0.544593,-0,34.1784,13564.9,0.10881
52.9,2,-0.126732,0.703339,0.5,34.8134,14846,0.108289
52.9,3,0.0242612,0.65375,-0,34.615,16465.8,0.107297
53.4,1,0.0307145,0.446839,-0,33.7874,16280.4,0.10881
53.4,2,-0.124454,0.709838,0.5,34.8394,13650.5,0.108289
53.4,3,0.0233908,0.65318,-0,34.6127,16333.7,0.107297
53.9,1,0.0344634,0.523266,-0,34.0931,14910.5,0.10881
53.9,2,-0.125734,0.701478,0.5,34.8059,14417.4,0.108289
53.9,3,0.0114484,0.65054,-0,34.6022,15874.9,0.107297
54.4,1,0.034806,0.524885,-0,34.0995,14642.8,0.10881
54.4,2,-0.125741,0.701642,0.5,34.8066,14544.2,0.108289
54.4,3,0.00599573,0.647453,-0,34.5898,15915.8,0.107297
54.9,1,0.0312519,0.512098,-0,34.0484,15033.3,0.10881
54.9,2,-0.124766,0.708696,0.5,34.8348,13988.9,0.108289
54.9,3,0.0030952,0.645427,-0,34.5817,15828,0.107297
55.4,1,0.0270702,0.468879,-0,33.8755,15097.4,0.10881
55.4,2,-0.12577,0.707783,0.5,34.8311,13831.8,0.108289
55.4,3,-0.00512955,0.638675,-0,34.5547,15413.9,0.107297
55.9,1,0.0340961,0.463503,-0,33.854,15186.2,0.10881
55.9,2,-0.130105,0.696264,0.5,34.7851,14500.5,0.108289
55.9,3,0.0239855,0.653417,-0,34.6137,16394.6,0.107297
56.4,1,0.035529,0.497309,-0,33.9892,15340.5,0.10881
56.4,2,-0.132203,0.693915,0.5,34.7757,14225.4,0.108289
56.4,3,0.0216021,0.652854,-0,34.6114,16229.1,0.107297
56.9,1,0.0332671,0.483996,-0,33.936,15276.3,0.10881
56.9,2,-0.126421,0.702807,0.5,34.8112,13929.7,0.108289
56.9,3,0.000911776,0.643555,-0,34.5742,15649.5,0.107297
57.4,1,0.0342778,0.49129,-0,33.9652,15088.2,0.10881
57.4,2,-0.131314,0.695034,0.5,34.7801,14357.8,0.108289
57.4,3,-0.00194488,0.641221,-0,34.5649,15521.4,0.107297
57.9,1,0.0328133,0.461122,-0,33.8445,15256.2,0.10881
57.9,2,-0.127362,0.706271,0.5,34.8251,13786.2,0.108289
57.9,3,0.000911776,0.643555,-0,34.5742,15625.5,0.107297
58.4,1,0.0285901,0.452746,-0,33.811,15407.5,0.10881
58.4,2,-0.126603,0.703119,0.5,34.8125,13915.2,0.108289
58.4,3,-0.00256746,0.640711,-0,34.5628,15496.2,0.107297
58.9,1,0.0300204,0.461664,-0,33.8467,15341.2,0.10881
58.9,2,-0.126433,0.702828,0.5,34.8113,13955.4,0.108289
58.9,3,0.00321575,0.645542,-0,34.5822,15728.8,0.107297
59.4,1,0.0319254,0.465694,-0,33.8628,15251.6,0.10881
59.4,2,-0.127834,0.705217,0.5,34.8209,13885.4,0.108289
59.4,3,0.0245642,0.655719,-0,34.6229,16649.4,0.107297
59.9,1,0.0301081,0.461833,-0,33.8473,15277,0.10881
59.9,2,-0.126772,0.699191,0.5,34.7968,14168.9,0.108289
59.9,3,0.0240325,0.654943,-0,34.6198,16579.4,0.107297
60.4,1,0.02823,0.451591,-0,33.8064,16337.3,0.10881
60.4,2,-0.187956,0.739008,1,34.956,14104.6,0.108289
60.4,3,-0.0670979,0.614137,0.5,34.4565,16512.3,0.107297
60.9,1,-0.0260079,0.745617,-0,34.9825,13979,0.10881
60.9,2,-0.0881011,0.619493,0.5,34.478,15254.5,0.108289
60.9,3,-0.0624978,0.596615,0.5,34.3865,15272.2,0.107297
61.4,1,0.0435129,0.725753,-0,34.903,16428.6,0.10881
61.4,2,-0.0910368,0.626263,0.5,34.5051,14146.5,0.108289
61.4,3,-0.0625637,0.594132,0.5,34.3765,15066.2,0.107297
61.9,1,0.0117798,0.757013,-0,35.0281,15037.6,0.10881
61.9,2,-0.0877255,0.618809,0.5,34.4752,14399.4,0.108289
61.9,3,-0.0713886,0.604057,0.5,34.4162,14433.7,0.107297
62.4,1,0.0328341,0.75984,-0,35.0394,15399,0.10881
62.4,2,-0.0774667,0.597119,0.5,34.3885,14558.2,0.108289
62.4,3,-0.0641942,0.588866,0.5,34.3555,15060.7,0.107297
62.9,1,0.0174285,0.77393,-0,35.0957,15154.7,0.10881
62.9,2,-0.0847711,0.608674,0.5,34.4347,14226.2,0.108289
62.9,3,-0.0639239,0.581436,0.5,34.3257,14763.8,0.107297
63.4,1,0.0560969,0.736459,-0.5,34.9458,16217.3,0.10881
63.4,2,-0.0856223,0.612574,0.5,34.4503,14296,0.108289
63.4,3,-0.0650454,0.579558,0.5,34.3182,14243,0.107297
63.9,1,0.0524808,0.66488,-0.5,34.6595,16235.2,0.10881
63.9,2,-0.0741325,0.595043,0.5,34.3802,14961,0.108289
63.9,3,-0.0704982,0.603205,0.5,34.4128,14325.8,0.107297
64.4,1,0.0414063,0.727711,-0,34.9108,15821.6,0.10881
64.4,2,-0.0798773,0.601426,0.5,34.4057,14547.8,0.108289
64.4,3,-0.0692684,0.603205,0.5,34.4128,13998.8,0.107297
64.9,1,0.0404714,0.717375,-0,34.8695,15543.7,0.10881
64.9,2,-0.0787412,0.599648,0.5,34.3986,14490.2,0.108289
64.9,3,-0.0646903,0.586743,0.5,34.347,14035.9,0.107297
65.4,1,0.0282188,0.735618,-0,34.9425,15223.8,0.10881
65.4,2,-0.0697627,0.585665,0.5,34.3427,14989.2,0.108289
65.4,3,-0.0680195,0.59776,0.5,34.391,14154.5,0.107297
65.9,1,0.0197954,0.735184,-0,34.9407,15046.9,0.10881
65.9,2,-0.0713732,0.587934,0.5,34.3517,14976,0.108289
65.9,3,-0.0663398,0.592294,0.5,34.3692,14199.8,0.107297
66.4,1,0.0204719,0.728563,-0,34.9143,15025.4,0.10881
66.4,2,-0.0807646,0.603046,0.5,34.4122,14744.1,0.108289
66.4,3,-0.0667782,0.592258,0.5,34.369,14281.9,0.107297
66.9,1,0.020981,0.727487,-0,34.9099,15051.3,0.10881
66.9,2,-0.0825404,0.607112,0.5,34.4284,14511,0.108289
66.9,3,-0.0662261,0.592304,0.5,34.3692,14171.4,0.107297
67.4,1,0.0202226,0.729102,-0,34.9164,14992,0.10881
67.4,2,-0.0689503,0.588833,0.5,34.3553,14943.3,0.108289
67.4,3,-0.0661204,0.592312,0.5,34.3692,14153.9,0.107297
67.9,1,0.0188762,0.731939,-0,34.9278,14983.4,0.10881
67.9,2,-0.070663,0.594157,0.5,34.3766,14805,0.108289
67.9,3,-0.0661199,0.592312,0.5,34.3692,14163.5,0.107297
68.4,1,0.010425,0.749953,-0,34.9998,14516.2,0.10881
68.4,2,-0.0822737,0.607107,0.5,34.4284,14556.2,0.108289
68.4,3,-0.0660162,0.61635,0.5,34.4654,14200.4,0.107297
68.9,1,0.0152372,0.705423,-0,34.8217,13845.4,0.10881
68.9,2,-0.0845516,0.61168,0.5,34.4467,14729.8,0.108289
68.9,3,-0.112395,0.592288,0.5,34.3692,12094.7,0.107297
69.4,1,0.022573,0.639464,-0,34.5579,14264.7,0.10881
69.4,2,-0.0807177,0.602938,0.5,34.4118,14842.6,0.108289
69.4,3,-0.113451,0.592193,0.5,34.3688,12029.4,0.107297
69.9,1,0.010405,0.658698,-0,34.6348,14103.2,0.10881
69.9,2,-0.0757504,0.599683,0.5,34.3987,14950.1,0.108289
69.9,3,-0.110576,0.592697,0.5,34.3708,12186.9,0.107297
70.4,1,0.0185422,0.651395,-0,34.6056,14097.4,0.10881
70.4,2,-0.0731658,0.596882,0.5,34.3875,15091.6,0.108289
70.4,3,-0.114137,0.592142,0.5,34.3686,12295.4,0.107297
70.9,1,0.0137885,0.663629,-0,34.6545,14160.6,0.10881
70.9,2,-0.0851426,0.612602,0.5,34.4504,14760.1,0.108289
70.9,3,-0.116446,0.596196,0.5,34.3848,12193.4,0.107297
71.4,1,0.00209117,0.67971,-0,34.7188,13791.6,0.10881
71.4,2,-0.0780068,0.602117,0.5,34.4085,15060.8,0.108289
71.4,3,-0.114836,0.596418,0.5,34.3857,12273.2,0.107297
71.9,1,0.0108012,0.666606,-0,34.6664,14109.6,0.10881
71.9,2,-0.0649651,0.58754,0.5,34.3502,15353.6,0.108289
71.9,3,-0.112656,0.592252,0.5,34.369,12373.8,0.107297
72.4,1,0.0373873,0.64351,-0,34.574,14448.2,0.10881
72.4,2,-0.0672141,0.59038,0.5,34.3615,15230.2,0.108289
72.4,3,-0.111798,0.597097,0.5,34.3884,12497.8,0.107297
72.9,1,0.0248329,0.645849,-0,34.5834,14317,0.10881
72.9,2,-0.0815588,0.606053,0.5,34.4242,14980.1,0.108289
72.9,3,-0.0938049,0.556542,0.5,34.2262,12473.1,0.107297
73.4,1,0.0461286,0.623849,-0,34.4954,14589.9,0.10881
73.4,2,-0.0668563,0.589987,0.5,34.3599,15335.1,0.108289
73.4,3,-0.08312,0.560451,0.5,34.2418,13291,0.107297
73.9,1,0.0326366,0.6859,-0,34.7436,14530.6,0.10881
73.9,2,-0.0780105,0.602121,0.5,34.4085,15148.2,0.108289
73.9,3,-0.0825166,0.560549,0.5,34.2422,13402.2,0.107297
74.4,1,0.0243065,0.701135,-0,34.8045,14332.8,0.10881
74.4,2,-0.0754231,0.599329,0.5,34.3973,15137.6,0.108289
74.4,3,-0.081789,0.560907,0.5,34.2436,13258.5,0.107297
74.9,1,0.0208573,0.713177,-0,34.8527,14131.6,0.10881
74.9,2,-0.0637848,0.585878,0.5,34.3435,15316.4,0.108289
74.9,3,-0.0854374,0.541054,0.5,34.1642,13070,0.107297
75.4,1,0.0130775,0.722125,-0,34.8885,14100.1,0.10881
75.4,2,-0.0649651,0.58754,0.5,34.3502,15311.9,0.108289
75.4,3,-0.0809986,0.542379,0.5,34.1695,13195.3,0.107297
75.9,1,0.0130775,0.722125,-0,34.8885,14192.6,0.10881
75.9,2,-0.0754193,0.599325,0.5,34.3973,15227.2,0.108289
75.9,3,-0.0854415,0.541053,0.5,34.1642,13157.7,0.107297
76.4,1,0.0130775,0.722125,-0,34.8885,14183.8,0.10881
76.4,2,-0.087187,0.617198,0.5,34.4688,14857.5,0.108289
76.4,3,-0.081647,0.542186,0.5,34.1687,13170.6,0.107297
76.9,1,0.0342747,0.700593,-0,34.8024,15507.5,0.10881
76.9,2,-0.086579,0.615835,0.5,34.4633,14804.9,0.108289
76.9,3,-0.0930491,0.543678,0.5,34.1747,11745.2,0.107297
77.4,1,0.0343397,0.715927,-0,34.8637,16149.7,0.10881
77.4,2,-0.0891141,0.621087,0.5,34.4843,13951.6,0.108289
77.4,3,-0.0932355,0.5188,0.5,34.0752,11578.2,0.107297
77.9,1,0.0346491,0.716879,-0,34.8675,16164.9,0.10881
77.9,2,-0.0993719,0.602106,0.5,34.4084,13860.3,0.108289
77.9,3,-0.0929118,0.523201,0.5,34.0928,11318.2,0.107297
78.4,1,0.0328512,0.712771,-0,34.8511,16350.6,0.10881
78.4,2,-0.100539,0.604681,0.5,34.4187,13657.4,0.108289
78.4,3,-0.0799715,0.533527,0.5,34.1341,11970.9,0.107297
78.9,1,0.0340189,0.691584,-0,34.7663,16652,0.10881
78.9,2,-0.0847734,0.565475,0.5,34.2619,14243.8,0.108289
78.9,3,-0.0826651,0.534585,0.5,34.1383,11952.3,0.107297
79.4,1,0.030492,0.72775,-0,34.911,15749,0.10881
79.4,2,-0.101209,0.606155,0.5,34.4246,13517.1,0.108289
79.4,3,-0.0801784,0.533603,0.5,34.1344,12157.8,0.107297
79.9,1,0.0329855,0.714878,-0,34.8595,16054.3,0.10881
79.9,2,-0.106633,0.617939,0.5,34.4718,13311.3,0.108289
79.9,3,-0.0936289,0.495112,0.5,33.9804,12108.2,0.107297
80.4,1,0.0343109,0.707827,-0,34.8313,15914.9,0.10881
80.4,2,-0.103355,0.619224,0.5,34.4769,13623.1,0.108289
80.4,3,-0.089384,0.523997,0.5,34.096,11475.7,0.107297
80.9,1,0.0368163,0.733328,-0,34.9333,15888,0.10881
80.9,2,-0.0881326,0.575861,0.5,34.3034,14221.4,0.108289
80.9,3,-0.0896337,0.541302,0.5,34.1652,11556.1,0.107297
81.4,1,0.035056,0.721357,-0,34.8854,16234.7,0.10881
81.4,2,-0.0933198,0.594954,0.5,34.3798,13893.5,0.108289
81.4,3,-0.0866792,0.487409,0.5,33.9496,12892.3,0.107297
81.9,1,0.0355032,0.748086,-0,34.9923,15120.5,0.10881
81.9,2,-0.109504,0.624071,0.5,34.4963,13308.9,0.108289
81.9,3,-0.0805385,0.486599,0.5,33.9464,12723.8,0.107297
82.4,1,0.0362426,0.73654,-0,34.9462,15660.4,0.10881
82.4,2,-0.110414,0.626,0.5,34.504,13285.7,0.108289
82.4,3,-0.0816957,0.534165,0.5,34.1367,12120.7,0.107297
82.9,1,0.0374742,0.752422,-0,35.0097,14909.8,0.10881
82.9,2,-0.0939656,0.598043,0.5,34.3922,13965.6,0.108289
82.9,3,-0.0908035,0.522982,0.5,34.0919,11482.2,0.107297
83.4,1,0.0357337,0.749914,-0,34.9997,14629.2,0.10881
83.4,2,-0.109711,0.624511,0.5,34.498,13249.8,0.108289
83.4,3,-0.0797601,0.529174,0.5,34.1167,12843.8,0.107297
83.9,1,0.037752,0.753318,-0,35.0133,14959.4,0.10881
83.9,2,-0.100012,0.612016,0.5,34.4481,13604.3,0.108289
83.9,3,-0.07775,0.481279,0.5,33.9251,13279.4,0.107297
84.4,1,0.0439566,0.704959,-0,34.8198,14711.8,0.10881
84.4,2,-0.0968132,0.605026,0.5,34.4201,13771.5,0.108289
84.4,3,-0.0775738,0.481821,0.5,33.9273,13328.4,0.107297
84.9,1,0.0457865,0.71028,-0,34.8411,14869.4,0.10881
84.9,2,-0.0926815,0.590474,0.5,34.3619,14114.6,0.108289
84.9,3,-0.0848262,0.533654,0.5,34.1346,11788.1,0.107297
85.4,1,0.0459505,0.707734,-0,34.8309,14801.6,0.10881
85.4,2,-0.0976005,0.609585,0.5,34.4383,13627,0.108289
85.4,3,-0.0796815,0.481964,0.5,33.9279,13570.3,0.107297
85.9,1,0.0448814,0.713949,-0,34.8558,14561.3,0.10881
85.9,2,-0.114795,0.638044,0.5,34.5522,13075.8,0.108289
85.9,3,-0.0833029,0.5425,0.5,34.17,13038.6,0.107297
86.4,1,0.0461298,0.727334,-0,34.9093,14633.8,0.10881
86.4,2,-0.0931716,0.593375,0.5,34.3735,13973.8,0.108289
86.4,3,-0.0878558,0.488178,0.5,33.9527,12253.6,0.107297
86.9,1,0.0457754,0.726295,-0,34.9052,14664.6,0.10881
86.9,2,-0.0981624,0.610808,0.5,34.4432,13735.4,0.108289
86.9,3,-0.0938351,0.497551,0.5,33.9902,12144.5,0.107297
87.4,1,0.0473004,0.681896,-0,34.7276,15439.8,0.10881
87.4,2,-0.103817,0.622969,0.5,34.4919,13455.6,0.108289
87.4,3,-0.0866391,0.487383,0.5,33.9495,12950.5,0.107297
87.9,1,0.0440051,0.71936,-0,34.8774,14441.7,0.10881
87.9,2,-0.104285,0.604071,0.5,34.4163,13514.2,0.108289
87.9,3,-0.081884,0.497576,0.5,33.9903,13170.9,0.107297
88.4,1,0.046279,0.662525,-0,34.6501,15981.8,0.10881
88.4,2,-0.0884444,0.572324,0.5,34.2893,13997.4,0.108289
88.4,3,-0.0932214,0.494527,0.5,33.9781,12251.8,0.107297
88.9,1,0.0441263,0.783379,-0,35.1335,14641.8,0.10881
88.9,2,-0.0861806,0.567222,0.5,34.2689,14140.5,0.108289
88.9,3,-0.0888436,0.488894,0.5,33.9556,12440.6,0.107297
89.4,1,0.0496206,0.742332,-0,34.9693,14701.9,0.10881
89.4,2,-0.0889542,0.574699,0.5,34.2988,14058.3,0.108289
89.4,3,-0.093222,0.49453,0.5,33.9781,12203.5,0.107297
89.9,1,0.0377177,0.730117,-0,34.9205,14145.9,0.10881
89.9,2,-0.101789,0.601728,0.5,34.4069,13514.9,0.108289
89.9,3,-0.0842207,0.505969,0.5,34.0239,13216,0.107297
90.4,1,0.0478148,0.698036,-0,34.7921,15439.2,0.10881
90.4,2,-0.0911007,0.583733,0.5,34.3349,13843.4,0.108289
90.4,3,-0.085423,0.483221,0.5,33.9329,12599,0.107297
90.9,1,0.0453992,0.757454,-0,35.0298,15757.8,0.10881
90.9,2,-0.0997501,0.597194,0.5,34.3888,13622.1,0.108289
90.9,3,-0.0897124,0.49568,0.5,33.9827,12047.4,0.107297
91.4,1,0.0460412,0.786994,-0,35.148,14476.5,0.10881
91.4,2,-0.107967,0.609006,0.5,34.436,13458.7,0.108289
91.4,3,-0.0810557,0.492979,0.5,33.9719,14081.9,0.107297
91.9,1,0.0420131,0.777569,-0,35.1103,14749.4,0.10881
91.9,2,-0.0846045,0.565251,0.5,34.261,14313.4,0.108289
91.9,3,-0.0797445,0.486269,0.5,33.9451,12965.4,0.107297
92.4,1,0.0452476,0.714545,-0,34.8582,15002.1,0.10881
92.4,2,-0.0934246,0.594163,0.5,34.3767,13904.6,0.108289
92.4,3,-0.0819757,0.487234,0.5,33.9489,12931.4,0.107297
92.9,1,0.0495534,0.778493,-0,35.114,15371.3,0.10881
92.9,2,-0.0927177,0.590123,0.5,34.3605,13950.6,0.108289
92.9,3,-0.0882989,0.511045,0.5,34.0442,11623.8,0.107297
93.4,1,0.0467878,0.724521,-0,34.8981,14706.2,0.10881
93.4,2,-0.0929513,0.592073,0.5,34.3683,14073.8,0.108289
93.4,3,-0.0793391,0.487346,0.5,33.9494,13132.1,0.107297
93.9,1,0.0491422,0.705448,-0,34.8218,15842.6,0.10881
93.9,2,-0.0906372,0.580382,0.5,34.3215,14161.4,0.108289
93.9,3,-0.0811778,0.492609,0.5,33.9704,13105.8,0.107297
94.4,1,0.0457422,0.762738,-0,35.051,15806.1,0.10881
94.4,2,-0.0961052,0.597725,0.5,34.3909,13895.3,0.108289
94.4,3,-0.0812931,0.49226,0.5,33.969,12970.1,0.107297
94.9,1,0.0184049,0.764208,-0,35.0568,16494.2,0.10881
94.9,2,-0.0988658,0.604487,0.5,34.4179,14717.8,0.108289
94.9,3,-0.0909389,0.500509,0.5,34.002,14694.8,0.107297
95.4,1,0.0463657,0.76447,-0,35.0579,15167.2,0.10881
95.4,2,-0.0933712,0.609014,0.5,34.4361,14599.3,0.108289
95.4,3,-0.0920526,0.4975,0.5,33.99,14624.3,0.107297
95.9,1,0.0546974,0.788578,-0.5,35.1543,15600.6,0.10881
95.9,2,-0.103743,0.588576,0.5,34.3543,14939.2,0.108289
95.9,3,-0.0862906,0.483863,0.5,33.9355,15072.6,0.107297
96.4,1,0.0802547,0.741203,-0.5,34.9648,16063,0.10881
96.4,2,-0.103665,0.590861,0.5,34.3634,14955.9,0.108289
96.4,3,-0.0785964,0.481509,0.5,33.926,15502.6,0.107297
96.9,1,0.0636233,0.802637,-0.5,35.2105,14700.5,0.10881
96.9,2,-0.102745,0.59912,0.5,34.3965,14924.2,0.108289
96.9,3,-0.0666851,0.517156,0.5,34.0686,15989.4,0.107297
97.4,1,0.0301126,0.773453,-0,35.0938,14613.2,0.10881
97.4,2,-0.10325,0.595766,0.5,34.3831,15290.2,0.108289
97.4,3,-0.0908038,0.48984,0.5,33.9594,15497.2,0.107297
97.9,1,0.0520682,0.792916,-0.5,35.1717,16042.1,0.10881
97.9,2,-0.0870828,0.607521,0.5,34.4301,14584.4,0.108289
97.9,3,-0.0642183,0.522945,0.5,34.0918,15147.8,0.107297
98.4,1,0.0594664,0.76511,-0.5,35.0604,16662.9,0.10881
98.4,2,-0.0969776,0.573592,0.5,34.2944,14727.5,0.108289
98.4,3,-0.0751172,0.459722,0.5,33.8389,14606.5,0.107297
98.9,1,0.0514664,0.74347,-0.5,34.9739,15523.3,0.10881
98.9,2,-0.097146,0.562751,0.5,34.251,14014.2,0.108289
98.9,3,-0.0830468,0.499784,0.5,33.9991,15045.3,0.107297
99.4,1,0.0471851,0.774301,-0,35.0972,15953,0.10881
99.4,2,-0.0866204,0.550944,0.5,34.2038,14297.8,0.108289
99.4,3,-0.069827,0.476762,0.5,33.907,15940.2,0.107297
99.9,1,0.0465269,0.786872,-0,35.1475,16585.4,0.10881
99.9,2,-0.082149,0.543194,0.5,34.1728,14485.3,0.108289
99.9,3,-0.0872962,0.527506,0.5,34.11,17135.4,0.107297
100.4,1,0.0302495,0.807332,-0,35.2293,16113.3,0.10881
100.4,2,-0.0644275,0.520502,0.5,34.082,15272.9,0.108289
100.4,3,-0.0520763,0.487983,0.5,33.9519,15828.1,0.107297
100.9,1,0.0517679,0.794911,-0.5,35.1796,17924.5,0.10881
100.9,2,-0.0698195,0.546686,0.5,34.1867,16668.9,0.108289
100.9,3,-0.0809605,0.483329,0.5,33.9333,16051.4,0.107297
101.4,1,0.0513045,0.793481,-0.5,35.1739,17705,0.10881
101.4,2,-0.0683603,0.545087,0.5,34.1803,16687.6,0.108289
101.4,3,-0.0869177,0.487565,0.5,33.9503,15790.2,0.107297
101.9,1,0.0447967,0.756383,-0,35.0255,17667.4,0.10881
101.9,2,-0.0659062,0.542065,0.5,34.1683,16682.6,0.108289
101.9,3,-0.0831145,0.485077,0.5,33.9403,15963.8,0.107297
102.4,1,0.0362641,0.739397,-0,34.9576,18673.8,0.10881
102.4,2,-0.0601238,0.591357,0.5,34.3654,16355.5,0.108289
102.4,3,-0.0852072,0.490076,0.5,33.9603,15968.6,0.107297
102.9,1,0.0474662,0.819424,-0,35.2777,16898.8,0.10881
102.9,2,-0.0685895,0.588326,0.5,34.3533,16050.7,0.108289
102.9,3,-0.0456589,0.52669,-0,34.1068,15366.6,0.107297
103.4,1,0.0456928,0.73025,-0,34.921,14567,0.10881
103.4,2,-0.0091311,0.543008,-0,34.172,17283.6,0.108289
103.4,3,-0.0728408,0.470685,0.5,33.8827,14259.4,0.107297
103.9,1,0.0378359,0.743113,-0,34.9725,15699.9,0.10881
103.9,2,-0.0690975,0.601105,0.5,34.4044,15618.3,0.108289
103.9,3,-0.0798349,0.486306,0.5,33.9452,13809.6,0.107297
104.4,1,0.0301352,0.820003,-0,35.28,14758.6,0.10881
104.4,2,-0.0738656,0.597642,0.5,34.3906,15503.4,0.108289
104.4,3,-0.0823106,0.49599,0.5,33.984,14871.8,0.107297
104.9,1,0.0609554,0.841004,-0.5,35.364,14843.1,0.10881
104.9,2,-0.0845458,0.611253,0.5,34.445,14451.8,0.108289
104.9,3,-0.0820269,0.491244,0.5,33.965,17020.4,0.107297
105.4,1,0.0195966,0.800216,-0,35.2009,16045.9,0.10881
105.4,2,-0.0590379,0.587236,0.5,34.3489,15079.9,0.108289
105.4,3,-0.0618655,0.47923,0.5,33.9169,15533.7,0.107297
105.9,1,0.0182511,0.798842,-0,35.1954,16462.9,0.10881
105.9,2,-0.0232615,0.559649,-0,34.2386,16425.8,0.108289
105.9,3,-0.083191,0.472984,0.5,33.8919,15808.1,0.107297
106.4,1,0.0386375,0.800664,-0,35.2027,17783,0.10881
106.4,2,-0.0494634,0.570936,-0,34.2837,15948.4,0.108289
106.4,3,-0.0687514,0.463238,0.5,33.853,15257.2,0.107297
106.9,1,0.039259,0.805459,-0,35.2218,17797.4,0.10881
106.9,2,-0.0481939,0.569896,-0,34.2796,15967.7,0.108289
106.9,3,-0.0730346,0.470178,0.5,33.8807,15476.2,0.107297
107.4,1,0.0376664,0.807893,-0,35.2316,17697.4,0.10881
107.4,2,-0.0605841,0.585689,0.5,34.3428,15677.7,0.108289
107.4,3,-0.0762836,0.470468,0.5,33.8819,15524.8,0.107297
107.9,1,0.0417111,0.795321,-0,35.1813,17645,0.10881
107.9,2,-0.0514929,0.572594,0.5,34.2904,15907.4,0.108289
107.9,3,-0.0619616,0.472549,0.5,33.8902,15018.3,0.107297
108.4,1,0.0336809,0.806884,-0,35.2275,17311.8,0.10881
108.4,2,-0.0534296,0.574826,0.5,34.2993,15929.7,0.108289
108.4,3,-0.0747927,0.470379,0.5,33.8815,15439.6,0.107297
108.9,1,0.0367859,0.809375,-0,35.2375,17398.6,0.10881
108.9,2,-0.0367972,0.557607,-0,34.2304,16108.6,0.108289
108.9,3,-0.0827937,0.47469,0.5,33.8988,15912.8,0.107297
109.4,1,0.0402135,0.804001,-0,35.216,17670.4,0.10881
109.4,2,-0.0366639,0.557429,-0,34.2297,16072.7,0.108289
109.4,3,-0.0618536,0.472626,0.5,33.8905,15157,0.107297
109.9,1,0.0420109,0.80123,-0,35.2049,17716.8,0.10881
109.9,2,-0.0404001,0.562403,-0,34.2496,16033.8,0.108289
109.9,3,-0.0733675,0.470216,0.5,33.8809,15522.4,0.107297
110.4,1,0.0435826,0.798488,-0,35.194,17871.6,0.10881
110.4,2,-0.0395497,0.561227,-0,34.2449,15975.9,0.108289
110.4,3,-0.0729138,0.470165,0.5,33.8807,15489.6,0.107297
110.9,1,0.0423639,0.800682,-0,35.2027,17845.9,0.10881
110.9,2,-0.0511291,0.572297,0.5,34.2892,15792.3,0.108289
110.9,3,-0.0733675,0.470216,0.5,33.8809,15741.9,0.107297
111.4,1,0.0420058,0.801238,-0,35.205,17754.1,0.10881
111.4,2,-0.0399557,0.570724,-0,34.2829,16010.8,0.108289
111.4,3,-0.0747705,0.470377,0.5,33.8815,15913.5,0.107297
111.9,1,0.0438823,0.797866,-0,35.1915,17851.4,0.10881
111.9,2,-0.0360234,0.566855,-0,34.2674,15975.8,0.108289
111.9,3,-0.0592889,0.480072,0.5,33.9203,15420.2,0.107297
112.4,1,0.0421172,0.801065,-0,35.2043,17721.8,0.10881
112.4,2,-0.0391064,0.566215,-0,34.2649,15978.2,0.108289
112.4,3,-0.0667305,0.47633,0.5,33.9053,15804.3,0.107297
112.9,1,0.034476,0.806023,-0,35.2241,17256.2,0.10881
112.9,2,-0.0527767,0.578394,0.5,34.3136,15598.5,0.108289
112.9,3,-0.0661654,0.476559,0.5,33.9062,15561.8,0.107297
113.4,1,0.0366472,0.803657,-0,35.2146,17397.8,0.10881
113.4,2,-0.0506724,0.575792,0.5,34.3032,15626.1,0.108289
113.4,3,-0.0656883,0.476752,0.5,33.907,15695.6,0.107297
113.9,1,0.0343926,0.806114,-0,35.2245,17291,0.10881
113.9,2,-0.0438301,0.570214,-0,34.2809,15854,0.108289
113.9,3,-0.0655017,0.476828,0.5,33.9073,15784.4,0.107297
114.4,1,0.0420288,0.794653,-0,35.1786,17583.3,0.10881
114.4,2,-0.0418923,0.572514,-0,34.2901,15747.8,0.108289
114.4,3,-0.0549185,0.483059,0.5,33.9322,15183.4,0.107297
114.9,1,0.0426906,0.793255,-0,35.173,17621.4,0.10881
114.9,2,-0.0518208,0.622494,0.5,34.49,15529.4,0.108289
114.9,3,-0.053089,0.484858,0.5,33.9394,15216.2,0.107297
115.4,1,0.0426933,0.793249,-0,35.173,17621.7,0.10881
115.4,2,-0.0442786,0.616183,-0,34.4647,15589.9,0.108289
115.4,3,-0.0515219,0.490595,0.5,33.9624,15177.8,0.107297
115.9,1,0.0407746,0.789422,-0,35.1577,17625.3,0.10881
115.9,2,-0.0424781,0.614663,-0,34.4587,15563.5,0.108289
115.9,3,-0.0538033,0.489479,0.5,33.9579,15321.6,0.107297
116.4,1,0.0414221,0.788171,-0,35.1527,17657.4,0.10881
116.4,2,-0.0348465,0.565611,-0,34.2624,15886.7,0.108289
116.4,3,-0.0603773,0.467995,0.5,33.872,15408.5,0.107297
116.9,1,0.0414221,0.788171,-0,35.1527,17619.9,0.10881
116.9,2,-0.053548,0.583875,0.5,34.3355,15372.3,0.108289
116.9,3,-0.0587808,0.473703,0.5,33.8948,15397,0.107297
117.4,1,0.0441736,0.783121,-0,35.1325,17704.6,0.10881
117.4,2,-0.0646835,0.596331,0.5,34.3853,15103,0.108289
117.4,3,-0.065155,0.472529,0.5,33.8901,15263.2,0.107297
117.9,1,0.0441722,0.783123,-0,35.1325,17546.1,0.10881
117.9,2,-0.0538356,0.580132,0.5,34.3205,15431,0.108289
117.9,3,-0.0688234,0.472776,0.5,33.8911,15125.8,0.107297
118.4,1,0.0407746,0.789422,-0,35.1577,17566.8,0.10881
118.4,2,-0.0495526,0.574882,-0,34.2995,15442,0.108289
118.4,3,-0.0814214,0.474542,0.5,33.8982,15003.4,0.107297
118.9,1,0.03164,0.757702,-0,35.0308,17586.6,0.10881
118.9,2,-0.0603723,0.588707,0.5,34.3548,15262.6,0.108289
118.9,3,-0.0800454,0.474245,0.5,33.897,15092.9,0.107297
