0.5,1001,0.693947,0.980733,1.26833,0,0.0272166
0.6,1002,0.698763,0.953925,1.20644,0,0.0272166
0.7,1003,0.738507,1.04785,1.16194,0,0.0272166
0.8,1004,0.756987,0.972917,1.15646,0,0.0272166
0.9,1005,0.748667,0.938029,1.19146,0,0.0272166
1,1006,0.738555,1.02017,1.16944,0,0.0272166
1.1,1007,0.737787,1.05183,1.15563,0,0.0272166
1.2,1008,0.760971,0.991197,1.16909,0,0.0272166
1.3,1009,0.757011,0.941149,1.19751,0,0.0272166
1.4,1010,0.738531,1.04569,1.14082,0,0.0272166
1.5,1011,0.756971,0.977877,1.22347,0,0.0272166
1.6,1012,0.743915,0.962757,1.18654,0,0.0272166
1.7,1013,0.743275,1.01645,1.1634,0,0.0272166
1.8,1014,0.737771,1.04964,1.1622,0,0.0272166
1.9,1015,0.752235,0.974909,1.21874,0,0.0272166
2,1016,0.748651,0.928605,1.17383,0,0.0272166
2.1,1017,0.760955,1.00579,1.22655,0,0.0272166
2.2,1018,0.757011,0.933285,1.1742,0,0.0272166
2.3,1019,0.761819,0.992405,1.20084,0,0.0272166
2.4,1020,0.758251,0.939973,1.22158,0,0.0272166
2.5,1021,0.759019,1.04492,1.20777,0,0.0272166
2.6,1022,0.758251,0.991013,1.20817,0,0.0272166
2.7,1023,0.761067,0.938909,1.24552,0,0.0272166
2.8,1024,0.762235,1.01323,1.14629,0,0.0272166
2.9,1025,0.763755,1.04239,1.19414,0,0.0272166
3,1026,0.758251,0.980165,1.2337,0,0.0272166
3.1,1027,0.759019,0.935797,1.19415,0,0.0272166
3.2,1028,0.780851,1.00176,1.2353,0,0.0272166
3.3,1029,0.764555,0.941661,1.2425,0,0.0272166
3.4,1030,0.763755,1.02398,1.15868,0,0.0272166
3.5,1031,0.786003,1.00026,1.2497,0,0.0272166
3.6,1032,0.758243,0.920357,1.16369,0,0.0272166
3.7,1033,0.794731,1.01392,1.23898,0,0.0272166
3.8,1034,0.752331,0.944501,1.20394,0,0.0272166
3.9,1035,0.759299,1.05667,1.17806,0,0.0272166
4,1036,0.785235,0.976157,1.23425,0,0.0272166
4.1,1037,0.769307,0.938837,1.21279,0,0.0272166
4.2,1038,0.732579,1.05669,1.18126,0,0.0272166
4.3,1039,0.763979,0.966021,1.23025,0,0.0272166
4.4,1040,0.767587,0.945733,1.20069,0,0.0272166
4.5,1041,0.736211,1.05593,1.19738,0,0.0272166
4.6,1042,0.761779,0.968477,1.23514,0,0.0272166
4.7,1043,0.743547,0.940365,1.20447,0,0.0272166
4.8,1044,0.731203,1.05591,1.18113,0,0.0272166
4.9,1045,0.756059,1.02603,1.2529,0,0.0272166
5,1046,0.783755,0.934749,1.2468,0,0.0272166
5.1,1047,0.792115,0.956557,1.27676,0,0.0272166
5.2,1048,0.778115,0.965717,1.18706,0,0.0272166
5.3,1049,0.730427,1.02649,1.20541,0,0.0272166
5.4,1050,0.757235,1.01626,1.18116,0,0.0272166
5.5,1051,0.777547,0.940237,1.22211,0,0.0272166
5.6,1052,0.730427,1.05668,1.17481,0,0.0272166
5.7,1053,0.752843,1.02243,1.30286,0,0.0272166
5.8,1054,0.777547,0.928613,1.19365,0,0.0272166
5.9,1055,0.762371,1.04272,1.28024,0,0.0272166
6,1056,0.790963,0.969693,1.30243,0,0.0272166
6.1,1057,0.766355,0.938741,1.22255,0,0.0272166
6.2,1058,0.742963,1.03445,1.16608,0,0.0272166
6.3,1059,0.751499,1.02079,1.2857,0,0.0272166
6.4,1060,0.774971,0.964821,1.30497,0,0.0272166
6.5,1061,0.730427,1.03445,1.26326,0,0.0272166
6.6,1062,0.769019,1.04228,1.24406,0,0.0272166
6.7,1063,0.808971,0.947541,1.31309,0,0.0272166
6.8,1064,0.790515,0.934053,1.28955,0,0.0272166
6.9,1065,0.780403,1.03472,1.28786,0,0.0272166
7,1066,0.821771,0.945301,1.30588,0,0.0272166
7.1,1067,0.779451,0.937269,1.28781,0,0.0272166
7.2,1068,0.798795,1.06674,1.27089,0,0.0272166
7.3,1069,0.830347,0.939133,1.31285,0,0.0272166
7.4,1070,0.800347,0.942773,1.31208,0,0.0272166
7.5,1071,0.730427,1.02825,1.24185,0,0.0272166
7.6,1072,0.794075,1.01593,1.26129,0,0.0272166
7.7,1073,0.784955,0.966693,1.33319,0,0.0272166
7.8,1074,0.730411,1.03697,1.22229,0,0.0272166
7.9,1075,0.809347,1.04098,1.28086,0,0.0272166
8,1076,0.847371,0.946757,1.3069,0,0.0272166
8.1,1077,0.789219,0.933781,1.32744,0,0.0272166
8.2,1078,0.786179,1.05244,1.2847,0,0.0272166
8.3,1079,0.818187,0.939501,1.35649,0,0.0272166
8.4,1080,0.769427,0.957125,1.30658,0,0.0272166
8.5,1081,0.730427,1.05773,1.24092,0,0.0272166
8.6,1082,0.792075,0.993461,1.33082,0,0.0272166
8.7,1083,0.748771,0.950965,1.28222,0,0.0272166
8.8,1084,0.730411,1.02754,1.2475,0,0.0272166
8.9,1085,0.784691,1.04051,1.36923,0,0.0272166
9,1086,0.789307,0.942405,1.3563,0,0.0272166
9.1,1087,0.745275,0.935653,1.33892,0,0.0272166
9.2,1088,0.783931,1.03308,1.32582,0,0.0272166
9.3,1089,0.789307,0.945269,1.3627,0,0.0272166
9.4,1090,0.759011,0.957125,1.3868,0,0.0272166
9.5,1091,0.741947,1.02754,1.33826,0,0.0272166
9.6,1092,0.784355,1.02002,1.29582,0,0.0272166
9.7,1093,0.778003,0.957149,1.36802,0,0.0272166
9.8,1094,0.776203,1.02754,1.33891,0,0.0272166
9.9,1095,0.785979,1.00399,1.33457,0,0.0272166
10,1096,0.776251,0.930741,1.31321,0,0.0272166
10.1,1097,0.785971,1.03441,1.38718,0,0.0272166
10.2,1098,0.789307,0.916997,1.34547,0,0.0272166
10.3,1099,0.789307,0.959805,1.38022,0,0.0272166
10.4,1100,0.785379,0.928157,1.32017,0,0.0272166
10.5,1101,0.779667,1.01679,1.31141,0,0.0272166
10.6,1102,0.782563,0.921317,1.35321,0,0.0272166
10.7,1103,0.779651,1.01828,1.31141,0,0.0272166
10.8,1104,0.782563,0.945077,1.38133,0,0.0272166
10.9,1105,0.768827,1.00544,1.33016,0,0.0272166
11,1106,0.768827,1.05627,1.30008,0,0.0272166
11.1,1107,0.788027,0.994277,1.30774,0,0.0272166
11.2,1108,0.774203,0.951741,1.29806,0,0.0272166
11.3,1109,0.774331,1.0358,1.2193,0,0.0272166
11.4,1110,0.787851,1.00878,1.41326,0,0.0272166
11.5,1111,0.774379,0.952101,1.25801,0,0.0272166
11.6,1112,0.768827,1.03104,1.24626,0,0.0272166
11.7,1113,0.787851,1.01481,1.3581,0,0.0272166
11.8,1114,0.788067,0.943301,1.31686,0,0.0272166
11.9,1115,0.768827,1.02088,1.27306,0,0.0272166
12,1116,0.768811,1.01264,1.28294,0,0.0272166
12.1,1117,0.771643,1.05255,1.29234,0,0.0272166
12.2,1118,0.791315,0.963917,1.34458,0,0.0272166
12.3,1119,0.793443,0.983949,1.30555,0,0.0272166
12.4,1120,0.768827,1.01117,1.29757,0,0.0272166
12.5,1121,0.768811,1.00982,1.28138,0,0.0272166
12.6,1122,0.768827,1.05081,1.30476,0,0.0272166
12.7,1123,0.796819,0.968077,1.31852,0,0.0272166
12.8,1124,0.787939,0.977797,1.28601,0,0.0272166
12.9,1125,0.768827,1.00982,1.27959,0,0.0272166
13,1126,0.768811,1.02236,1.29687,0,0.0272166
13.1,1127,0.777955,1.03961,1.27942,0,0.0272166
13.2,1128,0.803427,0.960829,1.29142,0,0.0272166
13.3,1129,0.789355,0.980421,1.31293,0,0.0272166
13.4,1130,0.798435,1.01264,1.29638,0,0.0272166
13.5,1131,0.793867,1.02236,1.30331,0,0.0272166
13.6,1132,0.794811,1.04281,1.28002,0,0.0272166
13.7,1133,0.794643,0.956629,1.29067,0,0.0272166
13.8,1134,0.808547,0.984981,1.3082,0,0.0272166
13.9,1135,0.789307,1.01262,1.25682,0,0.0272166
14,1136,0.789307,1.01953,1.22507,0,0.0272166
14.1,1137,0.789307,1.01263,1.26329,0,0.0272166
14.2,1138,0.792123,1.05253,1.25672,0,0.0272166
14.3,1139,0.835995,0.968341,1.30342,0,0.0272166
14.4,1140,0.794035,0.940565,1.25581,0,0.0272166
14.5,1141,0.768811,1.02234,1.25638,0,0.0272166
14.6,1142,0.768827,1.04281,1.25532,0,0.0272166
14.7,1143,0.836427,0.975317,1.25608,0,0.0272166
14.8,1144,0.783971,0.983597,1.27039,0,0.0272166
14.9,1145,0.768827,1.02234,1.26544,0,0.0272166
15,1146,0.768827,1.01437,1.23197,0,0.0272166
15.1,1147,0.768827,1.05077,1.2528,0,0.0272166
15.2,1148,0.838459,0.997069,1.2499,0,0.0272166
15.3,1149,0.805507,0.940941,1.28197,0,0.0272166
15.4,1150,0.801227,1.04282,1.25278,0,0.0272166
15.5,1151,0.840219,1.01189,1.2499,0,0.0272166
15.6,1152,0.809339,0.982029,1.26866,0,0.0272166
15.7,1153,0.801211,1.02234,1.25276,0,0.0272166
15.8,1154,0.818139,1.02925,1.24572,0,0.0272166
15.9,1155,0.823291,1.01367,1.27439,0,0.0272166
16,1156,0.829083,0.965677,1.28248,0,0.0272166
16.1,1157,0.801227,1.05318,1.24681,0,0.0272166
16.2,1158,0.823163,1.01046,1.29506,0,0.0272166
16.3,1159,0.826395,0.969941,1.2719,0,0.0272166
16.4,1160,0.801227,1.02152,1.2497,0,0.0272166
16.5,1161,0.801227,1.03386,1.17279,0,0.0272166
16.6,1162,0.825211,1.00874,1.2845,0,0.0272166
16.7,1163,0.832707,0.937109,1.22377,0,0.0272166
16.8,1164,0.816851,0.989309,1.26142,0,0.0272166
16.9,1165,0.832707,0.984421,1.22299,0,0.0272166
17,1166,0.801227,1.02557,1.20685,0,0.0272166
17.1,1167,0.833771,0.944877,1.27495,0,0.0272166
17.2,1168,0.815779,0.944885,1.21285,0,0.0272166
17.3,1169,0.801227,1.04837,1.18218,0,0.0272166
17.4,1170,0.844955,0.873701,1.19962,0,0.0272166
17.5,1171,0.868443,0.814525,1.27359,0,0.0272166
17.6,1172,0.869723,0.851389,1.23495,0,0.0272166
17.7,1173,0.864091,0.840197,1.25836,0,0.0272166
17.8,1174,0.854787,0.824245,1.27272,0,0.0272166
17.9,1175,0.846427,0.865997,1.28672,0,0.0272166
18,1176,0.846427,0.824245,1.29134,0,0.0272166
18.1,1177,0.854403,0.865997,1.28442,0,0.0272166
18.2,1178,0.846427,0.824245,1.29688,0,0.0272166
18.3,1179,0.846427,0.838853,1.28179,0,0.0272166
18.4,1180,0.846427,0.817909,1.29688,0,0.0272166
18.5,1181,0.846427,0.827597,1.29855,0,0.0272166
18.6,1182,0.846427,0.789685,1.27574,0,0.0272166
18.7,1183,0.846427,0.777413,1.31163,0,0.0272166
18.8,1184,0.863355,0.778429,1.2853,0,0.0272166
18.9,1185,0.889499,0.765893,1.2803,0,0.0272166
19,1186,0.877147,0.789189,1.31142,0,0.0272166
19.1,1187,0.892587,0.778429,1.27175,0,0.0272166
19.2,1188,0.877131,0.767221,1.30255,0,0.0272166
19.3,1189,0.877147,0.775613,1.28277,0,0.0272166
19.4,1190,0.877147,0.779405,1.31162,0,0.0272166
19.5,1191,0.877915,0.780405,1.26269,0,0.0272166
19.6,1192,0.877131,0.751541,1.31196,0,0.0272166
19.7,1193,0.897147,0.791285,1.2667,0,0.0272166
19.8,1194,0.877147,0.771437,1.29854,0,0.0272166
19.9,1195,0.877147,0.781045,1.30703,0,0.0272166
20,1196,0.879963,0.772781,1.28544,0,0.0272166
20.1,1197,0.877147,0.781045,1.2741,0,0.0272166
20.2,1198,0.877147,0.774237,1.26558,0,0.0272166
20.3,1199,0.892587,0.781053,1.26802,0,0.0272166
20.4,1200,0.877147,0.771437,1.28317,0,0.0272166
20.5,1201,0.877131,0.782397,1.26354,0,0.0272166
20.6,1202,0.884507,0.760565,1.26017,0,0.0272166
20.7,1203,0.877147,0.771437,1.27673,0,0.0272166
20.8,1204,0.892587,0.785613,1.25957,0,0.0272166
20.9,1205,0.877147,0.771437,1.29315,0,0.0272166
21,1206,0.877147,0.772213,1.26805,0,0.0272166
21.1,1207,0.877147,0.761005,1.26864,0,0.0272166
21.2,1208,0.877147,0.770621,1.2737,0,0.0272166
21.3,1209,0.892587,0.747317,1.26826,0,0.0272166
21.4,1210,0.877147,0.760997,1.28714,0,0.0272166
21.5,1211,0.877147,0.767405,1.23571,0,0.0272166
21.6,1212,0.890835,0.747317,1.21829,0,0.0272166
21.7,1213,0.885107,0.761005,1.21686,0,0.0272166
21.8,1214,0.877131,0.745821,1.19418,0,0.0272166
21.9,1215,0.884611,0.770605,1.23658,0,0.0272166
22,1216,0.899195,0.760989,1.21545,0,0.0272166
22.1,1217,0.910187,0.747301,1.23067,0,0.0272166
22.2,1218,0.928931,0.770605,1.19235,0,0.0272166
22.3,1219,0.922723,0.760997,1.2143,0,0.0272166
22.4,1220,0.921707,0.718717,1.22198,0,0.0272166
22.5,1221,0.931323,0.727941,1.2113,0,0.0272166
22.6,1222,0.930835,0.717565,1.21544,0,0.0272166
22.7,1223,0.921707,0.736093,1.20184,0,0.0272166
22.8,1224,0.921707,0.710765,1.19859,0,0.0272166
22.9,1225,0.931323,0.734749,1.19173,0,0.0272166
23,1226,0.930835,0.698421,1.21776,0,0.0272166
23.1,1227,0.921707,0.748437,1.18167,0,0.0272166
23.2,1228,0.945011,0.717565,1.18857,0,0.0272166
23.3,1229,0.921707,0.714261,1.21959,0,0.0272166
23.4,1230,0.921707,0.731261,1.18213,0,0.0272166
23.5,1231,0.940451,0.715605,1.27506,0,0.0272166
23.6,1232,0.921691,0.737565,1.26266,0,0.0272166
23.7,1233,0.921707,0.728429,1.26598,0,0.0272166
23.8,1234,0.940451,0.717077,1.26699,0,0.0272166
23.9,1235,0.921707,0.716093,1.26992,0,0.0272166
24,1236,0.921707,0.727957,1.2529,0,0.0272166
24.1,1237,0.935395,0.720381,1.26705,0,0.0272166
24.2,1238,0.931323,0.734749,1.27463,0,0.0272166
24.3,1239,0.930835,0.709293,1.2517,0,0.0272166
24.4,1240,0.921707,0.737565,1.27699,0,0.0272166
24.5,1241,0.926715,0.727949,1.26521,0,0.0272166
24.6,1242,0.910187,0.717565,1.24445,0,0.0272166
24.7,1243,0.910187,0.736093,1.26162,0,0.0272166
24.8,1244,0.928931,0.707933,1.27426,0,0.0272166
24.9,1245,0.910187,0.737565,1.26705,0,0.0272166
25,1246,0.993451,0.717565,1.23866,0,0.0272166
25.1,1247,0.952907,0.727957,1.28421,0,0.0272166
25.2,1248,0.953291,0.718909,1.26269,0,0.0272166
25.3,1249,0.920795,0.714261,1.26475,0,0.0272166
25.4,1250,0.952139,0.731253,1.27549,0,0.0272166
25.5,1251,0.951243,0.737565,1.23138,0,0.0272166
25.6,1252,0.977467,0.712789,1.28371,0,0.0272166
25.7,1253,0.995531,0.761525,1.26527,0,0.0272166
25.8,1254,0.959195,0.748821,1.26302,0,0.0272166
25.9,1255,0.994379,0.760509,1.26521,0,0.0272166
26,1256,0.973699,0.759269,1.24444,0,0.0272166
26.1,1257,0.966403,0.755949,1.28422,0,0.0272166
26.2,1258,0.993483,0.762501,1.26558,0,0.0272166
26.3,1259,0.966403,0.753357,1.24445,0,0.0272166
26.4,1260,0.995531,0.752733,1.26162,0,0.0272166
26.5,1261,0.972563,0.762493,1.26994,0,0.0272166
26.6,1262,0.981011,0.755949,1.26702,0,0.0272166
26.7,1263,0.973715,0.751893,1.25167,0,0.0272166
26.8,1264,0.994379,0.765085,1.2755,0,0.0272166
26.9,1265,0.965507,0.753365,1.26703,0,0.0272166
27,1266,1.02248,0.742485,1.25167,0,0.0272166
27.1,1267,0.967371,0.772733,1.24611,0,0.0272166
27.2,1268,0.997995,0.753365,1.24891,0,0.0272166
27.3,1269,1.01916,0.742493,1.26123,0,0.0272166
27.4,1270,0.995163,0.775965,1.24297,0,0.0272166
27.5,1271,1.01338,0.739277,1.24894,0,0.0272166
27.6,1272,0.997859,0.775949,1.26159,0,0.0272166
27.7,1273,1.00571,0.733349,1.27299,0,0.0272166
27.8,1274,0.978051,0.759277,1.27535,0,0.0272166
27.9,1275,1.01392,0.760509,1.29794,0,0.0272166
28,1276,0.995115,0.765317,1.2989,0,0.0272166
28.1,1277,1.00484,0.748661,1.28858,0,0.0272166
28.2,1278,0.991979,0.806853,1.30229,0.0150849,0.0272166
28.3,1279,1.00483,0.829221,1.25508,0,0.0272166
28.4,1280,1.00365,0.825989,1.32026,0,0.0272166
28.5,1281,0.999003,0.793389,1.28886,0,0.0272166
28.6,1282,0.993787,0.848133,1.26812,0,0.0272166
28.7,1283,0.989947,0.800093,1.29792,0,0.0272166
28.8,1284,1.00485,0.807069,1.29814,0.0150849,0.0272166
28.9,1285,1.00367,0.895045,1.26811,0,0.0272166
29,1286,0.980067,0.830597,1.2983,0,0.0272166
29.1,1287,1.01275,0.893269,1.28136,0,0.0272166
29.2,1288,0.996307,0.830589,1.28455,0,0.0272166
29.3,1289,0.988739,0.879437,1.29793,0,0.0272166
29.4,1290,0.964579,0.829261,1.28133,0,0.0272166
29.5,1291,0.976139,0.882269,1.28925,0,0.0272166
29.6,1292,0.975995,0.841621,1.30303,0,0.0272166
29.7,1293,0.984059,0.849253,1.2723,0,0.0272166
29.8,1294,0.955915,0.862261,1.28923,0,0.0272166
29.9,1295,0.984835,0.879453,1.30632,0,0.0272166
30,1296,0.984003,0.841629,1.27266,0,0.0272166
30.1,1297,0.981147,0.849253,1.29794,0,0.0272166
30.2,1298,0.988667,0.862261,1.27536,0,0.0272166
30.3,1299,1.01999,0.879445,1.30326,0,0.0272166
30.4,1300,1.02223,0.830597,1.28861,0,0.0272166
30.5,1301,0.986507,0.893285,1.28489,0,0.0272166
30.6,1302,1.02226,0.829253,1.29068,0,0.0272166
30.7,1303,1.00223,0.849253,1.29731,0,0.0272166
30.8,1304,1.00655,0.860789,1.27621,0,0.0272166
30.9,1305,1.01529,0.907909,1.29505,0,0.0272166
31,1306,1.0049,0.899005,1.30187,0,0.0272166
31.1,1307,1.02467,0.871253,1.26523,0,0.0272166
31.2,1308,0.993195,0.912549,1.229,0,0.0272166
31.3,1309,1.0156,0.900645,1.25596,0,0.0272166
31.4,1310,1.01686,0.866061,1.21609,0,0.0272166
31.5,1311,1.02121,0.880901,1.25998,0,0.0272166
31.6,1312,1.00062,0.882149,1.24666,0,0.0272166
31.7,1313,1.00815,0.882669,1.23639,0,0.0272166
31.8,1314,1.00763,0.864413,1.23284,0,0.0272166
31.9,1315,1.04,0.867653,1.22618,0,0.0272166
32,1316,1.04321,0.860453,1.25898,0,0.0272166
32.1,1317,1.07214,0.872013,1.24662,0,0.0272166
32.2,1318,1.0491,0.858949,1.23638,0,0.0272166
32.3,1319,1.07564,0.854285,1.20895,0.0150849,0.0272166
32.4,1320,1.04877,0.878037,1.23921,0,0.0272166
32.5,1321,1.01947,0.868021,1.17906,0,0.0272166
32.6,1322,1.04843,0.860445,1.2329,0,0.0272166
32.7,1323,1.04059,0.878669,1.24272,0,0.0272166
32.8,1324,1.02701,0.866645,1.22521,0,0.0272166
32.9,1325,1.03808,0.818733,1.21939,0,0.0272166
33,1326,1.04843,0.829701,1.24334,0,0.0272166
33.1,1327,1.02556,0.831845,1.2281,0,0.0272166
33.2,1328,1.04204,0.828229,1.21351,0,0.0272166
33.3,1329,1.02586,0.823173,1.21555,0,0.0272166
33.4,1330,1.04127,0.834885,1.25522,0,0.0272166
33.5,1331,1.04571,0.842749,1.20894,0,0.0272166
33.6,1332,1.01869,0.828205,1.21941,0,0.0272166
33.7,1333,1.04845,0.828245,1.25175,0,0.0272166
33.8,1334,1.02555,0.823181,1.21942,0,0.0272166
33.9,1335,1.04639,0.832213,1.17787,0,0.0272166
34,1336,1.04679,0.838573,1.20046,0,0.0272166
34.1,1337,1.04934,0.7304,1.18586,0,0.0471405
34.2,1338,1.02946,0.715808,1.31885,0,0.0471405
34.3,1339,0.959536,0.800024,1.32254,0,0.0471405
34.4,1340,0.91752,0.82984,1.41551,0.0150849,0.0471405
34.5,1341,0.91248,0.809824,1.35991,0,0.0471405
34.6,1342,0.911432,0.824456,1.3728,0,0.0471405
34.7,1343,0.906976,0.83896,1.36697,0,0.0471405
34.8,1344,0.927008,0.855744,1.35109,0,0.0471405
34.9,1345,0.914632,0.82596,1.38322,0,0.0471405
35,1346,0.911432,0.835736,1.38466,0,0.0471405
35.1,1347,0.916032,0.85896,1.37227,0,0.0471405
35.2,1348,0.917936,0.838952,1.36907,0,0.0471405
35.3,1349,0.928912,0.857488,1.33546,0,0.0471405
35.4,1350,0.901176,0.804208,1.33397,0,0.0471405
35.5,1351,1.00278,0.807992,1.2357,0,0.0471405
35.6,1352,0.882336,0.828848,1.35564,0,0.0471405
35.7,1353,0.997944,0.805168,1.2493,0,0.0471405
35.8,1354,0.904952,0.816464,1.35512,0,0.0471405
35.9,1355,1.01352,0.778048,1.2762,0,0.0471405
36,1356,0.877648,0.857296,1.33704,0,0.0471405
36.1,1357,1.02052,0.776448,1.25425,0,0.0471405
36.2,1358,0.88556,0.85864,1.2869,0,0.0471405
36.3,1359,1.0048,0.833776,1.29804,0,0.0471405
36.4,1360,0.88692,0.798768,1.31125,0.0150849,0.0471405
36.5,1361,1.00375,0.830832,1.36903,0,0.0471405
36.6,1362,0.905176,0.813128,1.2428,0,0.0471405
36.7,1363,0.877696,0.83896,1.30686,0,0.0471405
36.8,1364,1.01787,0.827616,1.43179,0,0.0471405
36.9,1365,0.873312,0.819176,1.24103,0,0.0471405
37,1366,1.02488,0.812176,1.33846,0,0.0471405
37.1,1367,0.888392,0.76648,1.23239,0,0.0471405
37.2,1368,0.877408,0.832896,1.31031,0,0.0471405
37.3,1369,0.870824,0.825264,1.32332,0,0.0471405
37.4,1370,0.8864,0.80096,1.35959,0,0.0471405
37.5,1371,0.896472,0.826592,1.32814,0,0.0471405
37.6,1372,0.898272,0.828336,1.33154,0,0.0471405
37.7,1373,0.878392,0.8266,1.24781,0,0.0471405
37.8,1374,0.88492,0.815072,1.2868,0,0.0471405
37.9,1375,0.88436,0.822048,1.2927,0,0.0471405
38,1376,0.881696,0.828344,1.30822,0,0.0471405
38.1,1377,0.8824,0.831136,1.26316,0,0.0471405
38.2,1378,0.880928,0.811856,1.29479,0,0.0471405
38.3,1379,0.888704,0.825272,1.27076,0,0.0471405
38.4,1380,0.881688,0.828336,1.27438,0,0.0471405
38.5,1381,0.882392,0.799488,1.27222,0,0.0471405
38.6,1382,0.88092,0.823528,1.32869,0,0.0471405
38.7,1383,0.8904,0.828336,1.27186,0,0.0471405
38.8,1384,0.875656,0.84352,1.27718,0,0.0471405
38.9,1385,0.886336,0.829688,1.28546,0,0.0471405
39,1386,0.876032,0.795072,1.2722,0,0.0471405
39.1,1387,0.876688,0.828312,1.29271,0,0.0471405
39.2,1388,0.91344,0.811864,1.23518,0,0.0471405
39.3,1389,0.89728,0.828336,1.23721,0,0.0471405
39.4,1390,0.91056,0.82808,1.22904,0,0.0471405
39.5,1391,0.901856,0.825128,1.25369,0,0.0471405
39.6,1392,0.912864,0.815072,1.2399,0,0.0471405
39.7,1393,0.899336,0.811144,1.2428,0,0.0471405
39.8,1394,0.898344,0.829688,1.23589,0,0.0471405
39.9,1395,0.898192,0.840704,1.26757,0.0150849,0.0471405
40,1396,0.8946,0.798144,1.20646,0,0.0471405
40.1,1397,0.910552,0.828088,1.2347,0,0.0471405
40.2,1398,0.91116,0.82512,1.25006,0.0150849,0.0471405
40.3,1399,0.871544,0.845264,1.18564,0,0.0471405
40.4,1400,0.88252,0.798152,1.24366,0,0.0471405
40.5,1401,0.8846,0.824864,1.26757,0.0150849,0.0471405
40.6,1402,0.874056,0.82832,1.20998,0,0.0471405
40.7,1403,0.893288,0.81508,1.23734,0,0.0471405
40.8,1404,0.878584,0.800848,1.24951,0,0.0471405
40.9,1405,0.89664,0.831744,1.24626,0,0.0471405
41,1406,0.862,0.814824,1.20978,0,0.0471405
41.1,1407,0.894144,0.773744,1.2595,0,0.0471405
41.2,1408,0.895784,0.843552,1.24433,0,0.0471405
41.3,1409,0.878536,0.840872,1.21737,0.0150849,0.0471405
41.4,1410,0.875504,0.832656,1.25173,0,0.0471405
41.5,1411,0.884576,0.823104,1.24814,0,0.0471405
41.6,1412,0.892656,0.832656,1.28158,0,0.0471405
41.7,1413,0.879024,0.830504,1.23794,0,0.0471405
41.8,1414,0.878536,0.817712,1.235,0,0.0471405
41.9,1415,0.89412,0.829144,1.22173,0.0150849,0.0471405
42,1416,0.895792,0.779752,1.23056,0,0.0471405
42.1,1417,0.862824,0.74008,1.23393,0,0.0471405
42.2,1418,0.889688,0.77728,1.24463,0,0.0471405
42.3,1419,0.882888,0.744928,1.19906,0,0.0471405
42.4,1420,0.89664,0.784432,1.25158,0,0.0471405
42.5,1421,0.861968,0.756536,1.23883,0,0.0471405
42.6,1422,0.902784,0.72964,1.22338,0,0.0471405
42.7,1423,0.887072,0.724912,1.24026,0,0.0471405
42.8,1424,0.878528,0.752216,1.26903,0,0.0471405
42.9,1425,0.875496,0.732456,1.25334,0,0.0471405
43,1426,0.883088,0.739856,1.26358,0,0.0471405
43.1,1427,0.903176,0.73944,1.26722,0,0.0471405
43.2,1428,0.88524,0.75004,1.26355,0,0.0471405
43.3,1429,0.857176,0.716872,1.27127,0,0.0471405
43.4,1430,0.863432,0.739856,1.25334,0,0.0471405
43.5,1431,0.858224,0.755032,1.26361,0,0.0471405
43.6,1432,0.878544,0.739856,1.27042,0,0.0471405
43.7,1433,0.864952,0.751376,1.26037,0,0.0471405
43.8,1434,0.865496,0.71552,1.27766,0,0.0471405
43.9,1435,0.8638,0.756776,1.24261,0,0.0471405
44,1436,0.855576,0.738104,1.27664,0,0.0471405
44.1,1437,0.872512,0.728808,1.28006,0,0.0471405
44.2,1438,0.872856,0.718904,1.25804,0,0.0471405
44.3,1439,0.857552,0.722224,1.25728,0,0.0471405
44.4,1440,0.880832,0.703552,1.27052,0,0.0471405
44.5,1441,0.847224,0.704456,1.26591,0,0.0471405
44.6,1442,0.872496,0.697176,1.26722,0,0.0471405
44.7,1443,0.861112,0.7286,1.26034,0,0.0471405
44.8,1444,0.873272,0.705288,1.27013,0,0.0471405
44.9,1445,0.847224,0.720472,1.2577,0,0.0471405
45,1446,0.87684,0.68064,1.25923,0,0.0471405
45.1,1447,0.87248,0.718968,1.26722,0,0.0471405
45.2,1448,0.843904,0.700704,1.26356,0,0.0471405
45.3,1449,0.831728,0.706624,1.27448,0,0.0471405
45.4,1450,0.841272,0.71936,1.2264,0,0.0471405
45.5,1451,0.851264,0.715312,1.2139,0,0.0471405
45.6,1452,0.854256,0.70528,1.22619,0,0.0471405
45.7,1453,0.869056,0.720712,1.21532,0,0.0471405
45.8,1454,0.848256,0.7144,1.21208,0,0.0471405
45.9,1455,0.867216,0.714648,1.21894,0,0.0471405
46,1456,0.867232,0.707624,1.23257,0,0.0471405
46.1,1457,0.864344,0.722936,1.21531,0,0.0471405
46.2,1458,0.846088,0.715272,1.21208,0,0.0471405
46.3,1459,0.870104,0.723768,1.21894,0,0.0471405
46.4,1460,0.859992,0.727616,1.21207,0,0.0471405
46.5,1461,0.855632,0.69344,1.23581,0,0.0471405
46.6,1462,0.85732,0.727624,1.21208,0,0.0471405
46.7,1463,0.85416,0.701464,1.21894,0,0.0471405
46.8,1464,0.88464,0.716744,1.21208,0,0.0471405
46.9,1465,0.837376,0.722296,1.2017,0,0.0471405
47,1466,0.859984,0.727624,1.17641,0,0.0471405
47.1,1467,0.870112,0.739656,1.18662,0,0.0471405
47.2,1468,0.86868,0.784632,1.18038,0,0.0471405
47.3,1469,0.859992,0.751216,1.174,0,0.0471405
47.4,1470,0.851496,0.7692,1.19306,0,0.0471405
47.5,1471,0.859976,0.775024,1.19125,0,0.0471405
47.6,1472,0.871568,0.769192,1.18038,0,0.0471405
47.7,1473,0.837384,0.7684,1.17411,0,0.0471405
47.8,1474,0.858512,0.77832,1.21298,0,0.0471405
47.9,1475,0.880288,0.765896,1.16976,0,0.0471405
48,1476,0.86,0.7692,1.21704,0,0.0471405
48.1,1477,0.851488,0.76664,1.2667,0,0.0586094
48.2,1478,0.859984,0.769192,1.26214,0,0.0586094
48.3,1479,0.859992,0.669075,1.25259,0,0.0720082
48.4,1480,0.86836,0.715403,1.24791,0,0.0720082
48.5,1481,0.86172,0.717507,1.20585,0,0.0720082
48.6,1482,0.85044,0.689947,1.20648,0,0.0720082
48.7,1483,0.868008,0.727339,1.2342,0,0.0720082
48.8,1484,0.858496,0.705859,1.22002,0,0.0720082
48.9,1485,0.845488,0.720731,1.20753,0.0150849,0.0720082
49,1486,0.865576,0.725875,1.21039,0.0150849,0.0720082
49.1,1487,0.86372,0.700235,1.22301,0.0150849,0.0720082
49.2,1488,0.809568,0.705875,1.21148,0,0.0720082
49.3,1489,0.85048,0.720731,1.2264,0,0.0720082
49.4,1490,0.883896,0.707123,1.21923,0,0.0720082
49.5,1491,0.846496,0.700331,1.21047,0,0.0720082
49.6,1492,0.870824,0.729075,1.21371,0,0.0720082
49.7,1493,0.862088,0.694203,1.21837,0,0.0720082
49.8,1494,0.872296,0.711915,1.23096,0,0.0720082
49.9,1495,0.858096,0.717507,1.20818,0,0.0720082
50,1496,0.874816,0.729091,1.21371,0,0.0720082
50.1,1497,0.858096,0.678771,1.22458,0,0.0720082
50.2,1498,0.846496,0.729083,1.21857,0,0.0720082
50.3,1499,0.872304,0.715003,1.22999,0,0.0720082
50.4,1500,0.860608,0.692459,1.21047,0,0.0720082
50.5,1501,0.838192,0.716163,1.21363,0,0.0720082
50.6,1502,0.816624,0.725875,1.22237,0,0.0720082
50.7,1503,0.826224,0.702779,1.21994,0,0.0720082
50.8,1504,0.836344,0.704907,1.21221,0,0.0720082
50.9,1505,0.824024,0.735235,1.22385,0,0.0720082
51,1506,0.794528,0.703659,1.2137,0,0.0720082
51.1,1507,0.76592,0.735995,1.21624,0,0.0720082
51.2,1508,0.754248,0.687731,1.21047,0,0.0720082
51.3,1509,0.779616,0.735995,1.21132,0,0.0720082
51.4,1510,0.749688,0.723651,1.16288,0,0.0720082
51.5,1511,0.770472,0.689667,1.18173,0,0.0720082
51.6,1512,0.770488,0.742147,1.16696,0,0.0720082
51.7,1513,0.758816,0.694611,1.1779,0,0.0720082
51.8,1514,0.770488,0.738147,1.14868,0,0.0720082
51.9,1515,0.772992,0.733787,1.26269,0,0.0720082
52,1516,0.752512,0.703403,1.16744,0,0.0720082
52.1,1517,0.78136,0.729803,1.17872,0,0.0720082
52.2,1518,0.747176,0.733779,1.18462,0,0.0720082
52.3,1519,0.771248,0.703003,1.17872,0,0.0720082
52.4,1520,0.772992,0.733787,1.16744,0,0.0720082
52.5,1521,0.747184,0.681211,1.17872,0,0.0720082
52.6,1522,0.78136,0.694539,1.17374,0,0.0720082
52.7,1523,0.752504,0.72336,1.17871,0,0.0586094
52.8,1524,0.765928,0.75736,1.16744,0,0.0586094
52.9,1525,0.673435,0.747464,1.17872,0,0.0544331
53,1526,0.770795,0.718168,1.12671,0,0.0544331
53.1,1527,0.744739,0.720608,1.18153,0,0.0544331
53.2,1528,0.705739,0.744992,1.15789,0,0.0544331
53.3,1529,0.761563,0.736672,1.13507,0,0.0544331
53.4,1530,0.782107,0.695024,1.16433,0,0.0544331
53.5,1531,0.704267,0.774048,1.1787,0,0.0544331
53.6,1532,0.768267,0.704696,1.11788,0,0.0544331
53.7,1533,0.779843,0.736152,1.1689,0,0.0544331
53.8,1534,0.699691,0.76548,1.1705,0,0.0544331
53.9,1535,0.724731,0.7568,1.12877,0,0.0544331
54,1536,0.767419,0.700032,1.11629,0,0.0544331
54.1,1537,0.774627,0.725096,1.15922,0,0.0544331
54.2,1538,0.724483,0.766816,1.1705,0,0.0544331
54.3,1539,0.701755,0.747472,1.17872,0,0.0544331
54.4,1540,0.723235,0.756032,1.11425,0,0.0544331
54.5,1541,0.779787,0.726,1.11626,0,0.0544331
54.6,1542,0.764523,0.790384,1.15598,0,0.0544331
54.7,1543,0.722243,0.75308,1.18462,0,0.0544331
54.8,1544,0.701747,0.76352,1.1787,0,0.0544331
54.9,1545,0.734251,0.70092,1.10637,0,0.0544331
55,1546,0.771427,0.726008,1.09766,0,0.0544331
55.1,1547,0.760539,0.804496,1.14813,0,0.0544331
55.2,1548,0.726227,0.744304,1.18827,0,0.0544331
55.3,1549,0.710883,0.780368,1.15787,0,0.0544331
55.4,1550,0.770595,0.711456,1.07355,0.0150849,0.0544331
55.5,1551,0.758163,0.78416,1.15627,0,0.0544331
55.6,1552,0.712819,0.78608,1.18827,0,0.0544331
55.7,1553,0.694059,0.755496,1.17507,0,0.0544331
55.8,1554,0.774515,0.788296,1.05509,0,0.0544331
55.9,1555,0.756443,0.77812,1.17003,0,0.0544331
56,1556,0.712819,0.753792,1.15815,0,0.0544331
56.1,1557,0.710003,0.778488,1.18746,0,0.0544331
56.2,1558,0.753907,0.850528,1.13172,0,0.0544331
56.3,1559,0.751883,0.729632,1.10722,0,0.0544331
56.4,1560,0.714563,0.787576,1.15569,0,0.0544331
56.5,1561,0.712819,0.754728,1.15924,0,0.0544331
56.6,1562,0.694843,0.769152,1.10052,0,0.0544331
56.7,1563,0.843435,0.781744,1.16869,0,0.0544331
56.8,1564,0.776339,0.782208,1.03847,0,0.0544331
56.9,1565,0.731003,0.750152,1.0977,0,0.0544331
57,1566,0.733243,0.77316,1.11222,0,0.0544331
57.1,1567,0.740259,0.797288,1.09945,0,0.0544331
57.2,1568,0.740171,0.743528,1.09596,0,0.0544331
57.3,1569,0.730675,0.78476,1.11222,0,0.0544331
57.4,1570,0.721723,0.783176,1.0861,0,0.0544331
57.5,1571,0.743539,0.741488,1.09696,0,0.0544331
57.6,1572,0.730675,0.797296,1.11222,0,0.0544331
57.7,1573,0.716395,0.775952,1.09846,0,0.0544331
57.8,1574,0.720955,0.756528,1.09696,0,0.0544331
57.9,1575,0.760227,0.72848,1.0977,0,0.0544331
58,1576,0.772579,0.747232,1.11222,0,0.0544331
58.1,1577,0.731123,0.737928,1.09773,0,0.0544331
58.2,1578,0.763283,0.759776,1.0977,0,0.0544331
58.3,1579,0.739803,0.75308,1.11221,0,0.0544331
58.4,1580,0.773099,0.748576,1.08357,0,0.0544331
58.5,1581,0.732891,0.735128,1.11184,0,0.0544331
58.6,1582,0.763275,0.750048,1.09446,0,0.0544331
58.7,1583,0.745803,0.754448,1.10135,0,0.0544331
58.8,1584,0.761539,0.728488,1.09947,0,0.0544331
58.9,1585,0.761939,0.750048,1.10683,0,0.0544331
59,1586,0.747171,0.762792,1.10135,0,0.0544331
59.1,1587,0.765907,0.718384,1.09945,0,0.0544331
59.2,1588,0.728899,0.768112,1.15316,0,0.0544331
59.3,1589,0.763283,0.74724,1.21397,0,0.0544331
59.4,1590,0.754491,0.737936,1.19949,0,0.0544331
59.5,1591,0.765883,0.743248,1.21036,0,0.0544331
59.6,1592,0.733459,0.729584,1.21224,0,0.0544331
59.7,1593,0.762563,0.760144,1.2136,0,0.0544331
59.8,1594,0.741971,0.747232,1.18334,0,0.0544331
59.9,1595,0.761547,0.765624,1.19308,0,0.0544331
60,1596,0.741811,0.715568,1.19496,0,0.0544331
60.1,1597,0.767267,0.672843,1.22641,0,0.0816497
60.2,1598,0.761923,0.699875,1.21669,0,0.0816497
60.3,1599,0.732883,0.672611,1.23003,0,0.0816497
60.4,1600,0.778827,0.724355,1.2123,0,0.0816497
60.5,1601,0.738939,0.702211,1.2308,0,0.0816497
60.6,1602,0.752859,0.700475,1.22827,0,0.0816497
60.7,1603,0.681197,0.761832,1.2264,0,0.0720082
60.8,1604,0.736077,0.752768,1.17423,0,0.0720082
60.9,1605,0.63232,0.826717,1.13043,0,0.0720082
61,1606,0.656848,0.835669,1.12791,0,0.0720082
61.1,1607,0.679792,0.846269,1.13042,0,0.0720082
61.2,1608,0.723416,0.863341,1.08247,0,0.0720082
61.3,1609,0.782824,0.846269,1.07031,0,0.0720082
61.4,1610,0.759352,0.820357,1.12014,0,0.0720082
61.5,1611,0.67736,0.849557,1.12071,0,0.0720082
61.6,1612,0.694928,0.839749,1.0817,0,0.0720082
61.7,1613,0.781456,0.833141,1.05811,0,0.0720082
61.8,1614,0.782552,0.865429,1.10186,0,0.0720082
61.9,1615,0.647168,0.835973,1.07025,0,0.0720082
62,1616,0.715792,0.856829,1.08403,0,0.0720082
62.1,1617,0.7906,0.817261,1.03872,0,0.0720082
62.2,1618,0.778888,0.861437,1.04692,0,0.0720082
62.3,1619,0.649936,0.858325,1.0946,0,0.0720082
62.4,1620,0.715744,0.855501,1.09316,0,0.0720082
62.5,1621,0.787384,0.806733,1.03148,0,0.0720082
62.6,1622,0.736528,0.857237,1.0512,0,0.0720082
62.7,1623,0.674424,0.893901,1.08383,0,0.0720082
62.8,1624,0.671208,0.894669,1.08573,0,0.0720082
62.9,1625,0.68292,0.817637,1.07183,0,0.0720082
63,1626,0.820792,0.840925,1.03323,0,0.0720082
63.1,1627,0.74452,0.856421,1.06206,0,0.0720082
63.2,1628,0.673656,0.903021,1.08573,0,0.0720082
63.3,1629,0.68408,0.834733,1.07531,0,0.0720082
63.4,1630,0.791368,0.825525,1.03148,0,0.0720082
63.5,1631,0.767744,0.877501,1.05483,0,0.0720082
63.6,1632,0.675896,0.874797,1.09295,0,0.0720082
63.7,1633,0.687296,0.831685,1.0627,0,0.0720082
63.8,1634,0.787384,0.849629,1.04234,0,0.0720082
63.9,1635,0.77732,0.891965,1.0512,0,0.0720082
64,1636,0.661752,0.837341,1.08385,0,0.0720082
64.1,1637,0.68088,0.880629,1.05913,0,0.0720082
64.2,1638,0.724288,0.852461,1.06557,0,0.0720082
64.3,1639,0.786184,0.836757,1.03321,0,0.0720082
64.4,1640,0.74964,0.870597,1.03053,0,0.0720082
64.5,1641,0.689432,0.871533,1.04503,0,0.0720082
64.6,1642,0.66888,0.859789,1.05039,0,0.0720082
64.7,1643,0.742256,0.853373,1.06919,0,0.0720082
64.8,1644,0.762728,0.870573,1.03148,0,0.0720082
64.9,1645,0.732232,0.857885,1.03323,0,0.0720082
65,1646,0.770792,0.885661,1.02515,0,0.0720082
65.1,1647,0.705232,0.874013,1.04865,0,0.0720082
65.2,1648,0.703168,0.896837,1.04677,0,0.0720082
65.3,1649,0.680184,0.875933,1.04503,0,0.0720082
65.4,1650,0.70524,0.904037,1.04315,0,0.0720082
65.5,1651,0.68032,0.898877,1.0559,0,0.0720082
65.6,1652,0.678832,0.865173,1.04503,0,0.0720082
65.7,1653,0.68356,0.874693,1.04677,0,0.0720082
65.8,1654,0.683392,0.900797,1.04865,0,0.0720082
65.9,1655,0.682976,0.899645,1.04865,0,0.0720082
66,1656,0.657936,0.873797,1.04677,0,0.0720082
66.1,1657,0.683392,0.903701,1.04503,0,0.0720082
66.2,1658,0.682224,0.871197,1.0559,0,0.0720082
66.3,1659,0.681648,0.897589,1.04315,0,0.0720082
66.4,1660,0.686064,0.875157,1.05589,0,0.0720082
66.5,1661,0.679536,0.898877,1.04503,0,0.0720082
66.6,1662,0.65588,0.902325,1.04677,0,0.0720082
66.7,1663,0.688128,0.875933,1.04865,0,0.0720082
66.8,1664,0.674248,0.895989,1.04865,0,0.0720082
66.9,1665,0.688112,0.865165,1.04677,0,0.0720082
67,1666,0.684856,0.907597,1.04503,0,0.0720082
67.1,1667,0.651312,0.869909,1.05039,0,0.0720082
67.2,1668,0.680864,0.897125,1.04865,0,0.0720082
67.3,1669,0.686072,0.875573,1.0559,0,0.0720082
67.4,1670,0.685024,0.904045,1.04503,0,0.0720082
67.5,1671,0.683376,0.869061,1.04677,0,0.0720082
67.6,1672,0.68356,0.896845,1.04865,0,0.0720082
67.7,1673,0.6486,0.910061,1.04865,0,0.0720082
67.8,1674,0.686048,0.867213,1.04677,0,0.0720082
67.9,1675,0.67952,0.899869,1.04502,0,0.0720082
68,1676,0.685584,0.857061,1.05039,0,0.0720082
68.1,1677,0.679136,0.864797,1.04865,0,0.0720082
68.2,1678,0.67016,0.879741,1.0559,0,0.0720082
68.3,1679,0.680608,0.850797,1.04503,0,0.0720082
68.4,1680,0.641696,0.873733,1.04677,0,0.0720082
68.5,1681,0.771645,0.851637,0.826101,0,0.0471405
68.6,1682,0.777677,0.879317,0.892813,0,0.0471405
68.7,1683,0.753381,0.848509,0.887309,0,0.0471405
68.8,1684,0.777653,0.868101,0.896437,0,0.0471405
68.9,1685,0.768757,0.853845,0.892813,0,0.0471405
69,1686,0.779853,0.876637,0.894541,0,0.0471405
69.1,1687,0.765429,0.868461,0.900997,0,0.0471405
69.2,1688,0.744237,0.898773,0.896437,0,0.0471405
69.3,1689,0.765429,0.909013,0.892813,0,0.0471405
69.4,1690,0.779877,0.875421,0.887309,0,0.0471405
69.5,1691,0.762533,0.888525,0.896429,0,0.0471405
69.6,1692,0.770069,0.860077,0.894557,0,0.0471405
69.7,1693,0.744661,0.891733,0.892813,0,0.0471405
69.8,1694,0.774805,0.856853,0.896437,0,0.0471405
69.9,1695,0.762493,0.889053,0.900997,0,0.0471405
70,1696,0.779125,0.855317,0.892813,0,0.0471405
70.1,1697,0.736325,0.888501,0.887309,0,0.0471405
70.2,1698,0.774389,0.860053,0.903685,0,0.0471405
70.3,1699,0.767221,0.851333,0.896437,0,0.0471405
70.4,1700,0.774053,0.894549,0.883685,0,0.0471405
70.5,1701,0.748645,0.855325,0.896437,0,0.0471405
70.6,1702,0.764973,0.882997,0.885005,0,0.0471405
70.7,1703,0.763997,0.860045,0.877837,0,0.0471405
70.8,1704,0.778053,0.888501,0.888709,0,0.0471405
70.9,1705,0.767229,0.860069,0.873485,0,0.0471405
71,1706,0.742389,0.885821,0.881461,0,0.0471405
71.1,1707,0.771573,0.855317,0.882389,0,0.0471405
71.2,1708,0.774053,0.882997,0.881461,0,0.0471405
71.3,1709,0.763653,0.874285,0.880733,0,0.0471405
71.4,1710,0.742765,0.884253,0.881461,0,0.0471405
71.5,1711,0.771237,0.907197,0.877837,0,0.0471405
71.6,1712,0.774053,0.889749,0.872133,0,0.0471405
71.7,1713,0.760773,0.907189,0.895125,0,0.0471405
71.8,1714,0.754685,0.879517,0.902733,0,0.0471405
71.9,1715,0.762525,0.912701,0.891517,0,0.0471405
72,1716,0.779501,0.884253,0.892669,0,0.0471405
72.1,1717,0.760781,0.884245,0.891509,0,0.0471405
72.2,1718,0.817829,0.912693,0.905205,0,0.0471405
72.3,1719,0.765261,0.879517,0.889045,0,0.0471405
72.4,1720,0.798013,0.907197,0.895141,0,0.0471405
72.5,1721,0.817957,0.889757,0.893589,0,0.0471405
72.6,1722,0.790765,0.907189,0.895141,0,0.0471405
72.7,1723,0.803573,0.884237,0.889045,0,0.0471405
72.8,1724,0.821053,0.915925,0.905205,0,0.0471405
72.9,1725,0.782765,0.876293,0.892669,0,0.0471405
73,1726,0.811549,0.915917,0.891517,0,0.0471405
73.1,1727,0.814837,0.884245,0.905205,0,0.0471405
73.2,1728,0.780613,0.912693,0.889045,0,0.0471405
73.3,1729,0.814861,0.884261,0.941061,0,0.0471405
73.4,1730,0.815541,0.907957,0.934941,0,0.0471405
73.5,1731,0.783829,0.884253,0.942765,0,0.0471405
73.6,1732,0.806837,0.907189,0.922421,0,0.0471405
73.7,1733,0.816309,0.884245,0.947325,0,0.0471405
73.8,1734,0.790021,0.912709,0.927925,0,0.0471405
73.9,1735,0.811957,0.884245,0.937261,0,0.0471405
74,1736,0.807877,0.879517,0.940461,0,0.0471405
74.1,1737,0.786077,0.912693,0.929269,0,0.0471405
74.2,1738,0.815189,0.884245,0.935885,0,0.0471405
74.3,1739,0.812669,0.907205,0.929285,0,0.0471405
74.4,1740,0.786797,0.889749,0.940461,0,0.0471405
74.5,1741,0.807525,0.907197,0.934789,0,0.0471405
74.6,1742,0.818077,0.879509,0.930397,0,0.0471405
74.7,1743,0.783885,0.912693,0.947325,0,0.0471405
74.8,1744,0.838109,0.884261,0.934789,0,0.0471405
74.9,1745,0.781141,0.915917,0.930397,0,0.0471405
75,1746,0.777037,0.884245,0.934789,0,0.0471405
75.1,1747,0.767765,0.907957,0.934941,0,0.0471405
75.2,1748,0.796885,0.884245,0.934789,0,0.0471405
75.3,1749,0.768437,0.884261,0.930397,0,0.0471405
75.4,1750,0.768437,0.912701,0.947325,0,0.0471405
75.5,1751,0.801445,0.884245,0.927925,0,0.0471405
75.6,1752,0.773941,0.907189,0.937261,0,0.0471405
75.7,1753,0.796885,0.872797,0.927925,0,0.0471405
75.8,1754,0.768437,0.907205,0.947325,0,0.0471405
75.9,1755,0.768437,0.889757,0.930381,0,0.0471405
76,1756,0.796885,0.868533,0.934789,0.0150849,0.0471405
76.1,1757,0.773941,0.811533,0.934957,0,0.0471405
76.2,1758,0.768437,0.831469,0.934789,0,0.0471405
76.3,1759,0.796885,0.832253,0.930397,0,0.0471405
76.4,1760,0.768437,0.848557,0.944853,0,0.0471405
76.5,1761,0.796885,0.831469,0.937261,0,0.0471405
76.6,1762,0.778501,0.837093,0.927925,0,0.0471405
76.7,1763,0.768437,0.847245,0.937261,0,0.0471405
76.8,1764,0.796885,0.869077,0.940445,0,0.0471405
76.9,1765,0.868587,0.851981,0.747088,0,0.0272166
77,1766,0.865491,0.847245,0.806632,0,0.0272166
77.1,1767,0.876243,0.869061,0.791072,0,0.0272166
77.2,1768,0.819347,0.843261,0.77944,0,0.0272166
77.3,1769,0.845019,0.851989,0.77488,0,0.0272166
77.4,1770,0.832803,0.847253,0.77944,0,0.0272166
77.5,1771,0.849379,0.869061,0.779424,0,0.0272166
77.6,1772,0.826355,0.851981,0.77944,0,0.0272166
77.7,1773,0.839939,0.832509,0.77944,0,0.0272166
77.8,1774,0.835491,0.811917,0.784944,0,0.0272166
77.9,1775,0.829979,0.836181,0.771072,0,0.0272166
78,1776,0.845011,0.803965,0.807232,0,0.0272166
78.1,1777,0.824115,0.830661,0.8196,0,0.0272166
78.2,1778,0.889227,0.922221,0.766976,0,0.0272166
78.3,1779,0.853075,0.854733,0.798368,0,0.0272166
78.4,1780,0.841827,0.831461,0.841008,0,0.0272166
78.5,1781,0.831059,0.817453,0.856464,0,0.0272166
78.6,1782,0.805603,0.850469,0.841776,0,0.0272166
78.7,1783,0.834835,0.849421,0.841024,0,0.0272166
78.8,1784,0.846147,0.853573,0.752944,0,0.0272166
78.9,1785,0.868611,0.899749,0.815528,0,0.0272166
79,1786,0.827051,0.842173,0.824352,0,0.0272166
79.1,1787,0.812987,0.844221,0.839008,0,0.0272166
79.2,1788,0.839475,0.856917,0.740992,0,0.0272166
79.3,1789,0.846219,0.858629,0.78828,0,0.0272166
79.4,1790,0.785539,0.828749,0.839024,0,0.0272166
79.5,1791,0.813651,0.831221,0.84704,0,0.0272166
79.6,1792,0.855371,0.830565,0.727456,0,0.0272166
79.7,1793,0.859123,0.885325,0.805472,0,0.0272166
79.8,1794,0.803051,0.831221,0.826272,0,0.0272166
79.9,1795,0.812779,0.806789,0.832464,0.0150849,0.0272166
80,1796,0.818907,0.862245,0.770672,0,0.0272166
80.1,1797,0.858659,0.858781,0.797568,0,0.0272166
80.2,1798,0.742795,0.828749,0.863872,0,0.0272166
80.3,1799,0.919603,0.826373,0.880632,0,0.0272166
80.4,1800,0.871475,0.822869,0.754672,0,0.0272166
80.5,1801,0.830347,0.878069,0.78344,0,0.0272166
80.6,1802,0.775851,0.836709,0.866352,0,0.0272166
80.7,1803,0.770987,0.806781,0.869376,0,0.0272166
80.8,1804,0.853371,0.863981,0.848016,0.0150849,0.0272166
80.9,1805,0.806427,0.899549,0.768784,0,0.0272166
81,1806,0.849347,0.865589,0.788944,0,0.0272166
81.1,1807,0.795611,0.830925,0.859136,0,0.0272166
81.2,1808,0.773803,0.817677,0.845192,0,0.0272166
81.3,1809,0.783099,0.822205,0.871096,0,0.0272166
81.4,1810,0.840155,0.866517,0.851232,0,0.0272166
81.5,1811,0.795691,0.909149,0.768784,0,0.0272166
81.6,1812,0.749139,0.861429,0.82072,0,0.0272166
81.7,1813,0.843563,0.792637,0.89424,0,0.0272166
81.8,1814,0.806219,0.767485,0.846304,0,0.0272166
81.9,1815,0.763443,0.795157,0.890264,0,0.0272166
82,1816,0.819091,0.897869,0.857928,0,0.0272166
82.1,1817,0.821107,0.888485,0.748784,0,0.0272166
82.2,1818,0.723739,0.829069,0.82528,0,0.0272166
82.3,1819,0.931011,0.808077,0.813432,0,0.0272166
82.4,1820,0.799579,0.791469,0.824472,0,0.0272166
82.5,1821,0.734635,0.790421,0.90352,0,0.0272166
82.6,1822,0.834371,0.795213,0.909504,0,0.0272166
82.7,1823,0.820811,0.785461,0.862776,0,0.0272166
82.8,1824,0.796267,0.865949,0.857416,0,0.0272166
82.9,1825,0.767795,0.866725,0.761392,0,0.0272166
83,1826,0.838939,0.821597,0.846576,0,0.0272166
83.1,1827,0.830939,0.836509,0.801128,0,0.0272166
83.2,1828,0.778659,0.824437,0.822496,0,0.0272166
83.3,1829,0.787819,0.819421,0.90352,0,0.0272166
83.4,1830,0.760123,0.794317,0.906032,0,0.0272166
83.5,1831,0.782659,0.810749,0.90352,0,0.0272166
83.6,1832,0.774243,0.853485,0.910272,0,0.0272166
83.7,1833,0.782963,0.865141,0.77,0,0.0272166
83.8,1834,0.790219,0.835133,0.810288,0,0.0272166
83.9,1835,0.766251,0.836397,0.904368,0,0.0272166
84,1836,0.861331,0.845493,0.658504,0,0.0272166
84.1,1837,0.857163,0.777477,0.818336,0,0.0272166
84.2,1838,0.845379,0.809005,0.909,0,0.0272166
84.3,1839,0.780571,0.798301,0.885544,0,0.0272166
84.4,1840,0.765291,0.849333,0.914352,0,0.0272166
84.5,1841,0.785779,0.860669,0.797784,0,0.0272166
84.6,1842,0.780339,0.840605,0.849384,0,0.0272166
84.7,1843,0.773267,0.848021,0.883672,0,0.0272166
84.8,1844,0.785779,0.856781,0.820976,0,0.0272166
84.9,1845,0.772347,0.880245,0.80048,0,0.0272166
85,1846,0.784723,0.825781,0.875944,0,0.0272166
85.1,1847,0.738403,0.803981,0.950368,0,0.0272166
85.2,1848,0.724227,0.772989,0.927,0,0.0272166
85.3,1849,0.739051,0.777501,0.93252,0,0.0272166
85.4,1850,0.776931,0.847085,0.881552,0,0.0272166
85.5,1851,0.781219,0.865149,0.814896,0,0.0272166
85.6,1852,0.777523,0.873941,0.81372,0,0.0272166
85.7,1853,0.785779,0.856789,0.807736,0,0.0272166
85.8,1854,0.746443,0.806205,0.877016,0,0.0272166
85.9,1855,0.721883,0.774277,0.9496,0,0.0272166
86,1856,0.744211,0.767965,0.926312,0,0.0272166
86.1,1857,0.714507,0.782253,0.93252,0,0.0272166
86.2,1858,0.747659,0.855813,0.906728,0,0.0272166
86.3,1859,0.736811,0.850757,0.818592,0,0.0272166
86.4,1860,0.744483,0.875085,0.847008,0,0.0272166
86.5,1861,0.763755,0.874701,0.810472,0,0.0272166
86.6,1862,0.745707,0.801333,0.914464,0,0.0272166
86.7,1863,0.739067,0.792901,0.945984,0,0.0272166
86.8,1864,0.744115,0.816901,0.845784,0,0.0272166
86.9,1865,0.746283,0.844813,0.81316,0,0.0272166
87,1866,0.761715,0.872373,0.810472,0,0.0272166
87.1,1867,0.761459,0.865165,0.827424,0,0.0272166
87.2,1868,0.773955,0.796501,0.9266,0,0.0272166
87.3,1869,0.830491,0.740085,0.882528,0,0.0272166
87.4,1870,0.813915,0.821933,0.851376,0,0.0272166
87.5,1871,0.746011,0.861181,0.812984,0,0.0272166
87.6,1872,0.736891,0.872373,0.840024,0,0.0272166
87.7,1873,0.748075,0.858301,0.80896,0,0.0272166
87.8,1874,0.718291,0.849557,0.909368,0,0.0272166
87.9,1875,0.706563,0.813389,0.966264,0,0.0272166
88,1876,0.741275,0.866093,0.863544,0,0.0272166
88.1,1877,0.746019,0.885645,0.805912,0,0.0272166
88.2,1878,0.774067,0.790973,0.896272,0,0.0272166
88.3,1879,0.844067,0.847661,0.81176,0,0.0272166
88.4,1880,0.854955,0.877157,0.82148,0,0.0272166
88.5,1881,0.739715,0.888341,0.838408,0,0.0272166
88.6,1882,0.695099,0.864429,0.944504,0,0.0272166
88.7,1883,0.691027,0.833661,0.954832,0,0.0272166
88.8,1884,0.752707,0.847325,0.866952,0,0.0272166
88.9,1885,0.733403,0.885645,0.842776,0,0.0272166
89,1886,0.775571,0.883253,0.7988,0,0.0272166
89.1,1887,0.838683,0.872381,0.775776,0,0.0272166
89.2,1888,0.792611,0.841397,0.916904,0,0.0272166
89.3,1889,0.755779,0.863677,0.898992,0,0.0272166
89.4,1890,0.730587,0.879597,0.821472,0,0.0272166
89.5,1891,0.756899,0.881253,0.838592,0,0.0272166
89.6,1892,0.757035,0.877229,0.808304,0,0.0272166
89.7,1893,0.860435,0.840669,0.794616,0,0.0272166
89.8,1894,0.776675,0.846629,0.928968,0,0.0272166
89.9,1895,0.670771,0.824533,0.974528,0,0.0272166
90,1896,0.685187,0.828925,0.957984,0,0.0272166
90.1,1897,0.659899,0.836477,0.993696,0,0.0272166
90.2,1898,0.770659,0.771309,0.949544,0,0.0272166
90.3,1899,0.811051,0.813645,0.800792,0,0.0272166
90.4,1900,0.804331,0.870413,0.84872,0,0.0272166
90.5,1901,0.722395,0.888349,0.863408,0,0.0272166
90.6,1902,0.741075,0.881269,0.842488,0,0.0272166
90.7,1903,0.720339,0.888349,0.867392,0,0.0272166
90.8,1904,0.790099,0.841421,0.80128,0,0.0272166
90.9,1905,0.825795,0.832781,0.795944,0,0.0272166
91,1906,0.846483,0.836365,0.779752,0,0.0272166
91.1,1907,0.755211,0.827413,0.928904,0,0.0272166
91.2,1908,0.676827,0.797421,0.978008,0,0.0272166
91.3,1909,0.668259,0.795781,0.981784,0,0.0272166
91.4,1910,0.739595,0.797437,0.928072,0,0.0272166
91.5,1911,0.846691,0.793301,0.817488,0,0.0272166
91.6,1912,0.799683,0.921565,0.84692,0,0.0272166
91.7,1913,0.726659,0.911597,0.89872,0,0.0272166
91.8,1914,0.734763,0.925933,0.866,0,0.0272166
91.9,1915,0.731523,0.901365,0.898976,0,0.0272166
92,1916,0.836083,0.827733,0.813464,0,0.0272166
92.1,1917,0.837387,0.834317,0.776112,0,0.0272166
92.2,1918,0.767147,0.832525,0.913344,0,0.0272166
92.3,1919,0.826755,0.788493,0.833128,0,0.0272166
92.4,1920,0.764579,0.879429,0.87472,0,0.0272166
92.5,1921,0.731515,0.856445,0.888608,0,0.0272166
92.6,1922,0.723163,0.871885,0.88076,0,0.0272166
92.7,1923,0.731947,0.865149,0.906016,0,0.0272166
92.8,1924,0.782747,0.866725,0.806136,0,0.0272166
92.9,1925,0.811203,0.864013,0.768992,0,0.0272166
93,1926,0.794123,0.824093,0.918816,0,0.0272166
93.1,1927,0.835419,0.824109,0.829784,0,0.0272166
93.2,1928,0.777635,0.865445,0.889936,0,0.0272166
93.3,1929,0.729467,0.860429,0.899112,0,0.0272166
93.4,1930,0.734763,0.877405,0.919848,0,0.0272166
93.5,1931,0.728707,0.875533,0.895736,0,0.0272166
93.6,1932,0.803579,0.876493,0.823056,0,0.0272166
93.7,1933,0.830731,0.871477,0.796912,0,0.0272166
93.8,1934,0.846155,0.856429,0.778032,0,0.0272166
93.9,1935,0.818651,0.880741,0.921144,0,0.0272166
94,1936,0.762443,0.811325,0.926392,0,0.0272166
94.1,1937,0.734035,0.885469,0.892936,0,0.0272166
94.2,1938,0.826811,0.860261,0.829656,0,0.0272166
94.3,1939,0.863115,0.880261,0.775776,0,0.0272166
94.4,1940,0.813147,0.850325,0.914608,0,0.0272166
94.5,1941,0.852363,0.812189,0.81776,0,0.0272166
94.6,1942,0.772267,0.921053,0.898608,0,0.0272166
94.7,1943,0.824424,0.745056,0.921672,0,0.0471405
94.8,1944,0.934888,0.75796,0.80496,0,0.0471405
94.9,1945,1.00303,0.756448,0.792896,0,0.0471405
95,1946,0.964176,0.7708,0.908824,0,0.0471405
95.1,1947,0.979408,0.716704,0.834832,0,0.0471405
95.2,1948,0.879688,0.793792,0.886904,0,0.0471405
95.3,1949,0.78692,0.805696,0.92168,0,0.0471405
95.4,1950,0.923056,0.74188,0.802952,0,0.0471405
95.5,1951,0.980128,0.763824,0.807416,0,0.0471405
95.6,1952,0.9664,0.788144,0.792872,0,0.0471405
95.7,1953,0.953736,0.757104,0.912016,0,0.0471405
95.8,1954,0.834016,0.757144,0.918128,0,0.0471405
95.9,1955,0.928528,0.792472,0.84492,0,0.0471405
96,1956,0.968528,0.790272,0.764408,0,0.0471405
96.1,1957,0.946896,0.73672,0.922944,0,0.0471405
96.2,1958,0.977944,0.757544,0.827312,0,0.0471405
96.3,1959,0.973264,0.789824,0.839128,0,0.0471405
96.4,1960,0.888856,0.808208,0.893456,0,0.0471405
96.5,1961,0.828312,0.795888,0.924384,0,0.0471405
96.6,1962,0.92588,0.783048,0.85056,0,0.0471405
96.7,1963,0.961664,0.781432,0.829944,0,0.0471405
96.8,1964,0.97324,0.804136,0.792832,0,0.0471405
96.9,1965,0.752411,0.77124,1.00478,0,0.0544331
97,1966,0.808203,0.720968,1.03089,0,0.0544331
97.1,1967,0.88052,0.710368,0.932464,0,0.0471405
97.2,1968,0.9806,0.75108,0.839672,0,0.0471405
97.3,1969,0.961664,0.785424,0.811888,0,0.0471405
97.4,1970,0.980112,0.791464,0.822568,0,0.0471405
97.5,1971,0.810667,0.739648,0.881605,0,0.0544331
97.6,1972,0.866027,0.777448,0.900525,0,0.0544331
97.7,1973,0.819659,0.778808,0.974741,0,0.0544331
97.8,1974,0.750115,0.782856,1.05185,0,0.0544331
97.9,1975,0.801355,0.730992,1.03142,0,0.0544331
98,1976,0.809539,0.71172,1.02821,0,0.0544331
98.1,1977,0.892904,0.799629,0.806563,0,0.0272166
98.2,1978,0.927896,0.831341,0.900067,0,0.0272166
98.3,1979,0.788123,0.820885,0.932112,0,0.0272166
98.4,1980,0.837611,0.837181,0.85196,0,0.0272166
98.5,1981,0.906888,0.854933,0.704491,0,0.0272166
98.6,1982,0.93076,0.839165,0.805331,0,0.0272166
98.7,1983,0.942992,0.823573,0.927227,0,0.0272166
98.8,1984,0.926024,0.839669,0.773683,0,0.0272166
98.9,1985,0.791595,0.840197,0.940776,0,0.0272166
99,1986,0.818555,0.912541,0.938296,0,0.0272166
99.1,1987,0.818768,0.879853,0.853883,0,0.0272166
99.2,1988,0.864952,0.837653,0.945803,0,0.0272166
99.3,1989,0.929632,0.889141,0.790299,0,0.0272166
99.4,1990,0.937608,0.870733,0.794227,0,0.0272166
99.5,1991,0.934352,0.872813,0.762547,0,0.0272166
99.6,1992,0.940136,0.862957,0.889219,0,0.0272166
99.7,1993,0.782619,0.867949,0.877976,0,0.0272166
99.8,1994,0.822555,1.04284,0.93724,0,0.0272166
99.9,1995,0.751491,0.884125,1.00988,0,0.0272166
100,1996,0.759219,0.876605,1.01251,0,0.0272166
100.1,1997,0.820171,0.855413,1.01282,0,0.0272166
100.2,1998,0.819235,0.907981,0.87032,0,0.0272166
100.3,1999,0.910104,0.915325,0.739875,0,0.0272166
100.4,2000,0.934368,0.933181,0.809371,0,0.0272166
100.5,2001,0.788371,0.956845,0.853272,0,0.0272166
100.6,2002,0.837363,0.918677,0.864064,0,0.0272166
100.7,2003,0.828235,0.944309,0.875584,0,0.0272166
100.8,2004,0.837611,0.929341,0.85472,0,0.0272166
100.9,2005,0.825019,0.944309,0.872768,0,0.0272166
101,2006,0.831859,0.926637,0.877128,0,0.0272166
101.1,2007,0.828235,0.928373,0.847712,0,0.0272166
101.2,2008,0.843115,0.944309,0.877128,0,0.0272166
101.3,2009,0.831859,0.921365,0.881464,0,0.0272166
101.4,2010,0.828235,0.947109,0.850376,0,0.0272166
101.5,2011,0.835867,0.923837,0.868416,0,0.0272166
101.6,2012,0.828235,0.947125,0.871216,0,0.0272166
101.7,2013,0.839107,0.923837,0.872928,0,0.0272166
101.8,2014,0.835099,0.925925,0.864864,0,0.0272166
101.9,2015,0.828995,0.952285,0.864024,0,0.0272166
102,2016,0.831859,0.918677,0.86692,0,0.0272166
102.1,2017,0.828235,0.955501,0.851816,0,0.0272166
102.2,2018,0.837611,0.918133,0.881448,0,0.0272166
102.3,2019,0.825019,0.948869,0.87296,0,0.0272166
102.4,2020,0.887459,0.923837,0.860888,0,0.0272166
102.5,2021,0.825771,0.993173,0.948232,0,0.0272166
102.6,2022,0.742323,1.03412,1.00902,0,0.0272166
102.7,2023,0.705123,0.913725,1.02474,0,0.0272166
102.8,2024,0.751731,0.894005,0.982376,0,0.0272166
102.9,2025,0.893672,0.905029,0.842155,0,0.0272166
103,2026,0.925688,0.865005,0.938267,0,0.0272166
103.1,2027,0.917712,0.881861,0.916355,0,0.0272166
103.2,2028,0.995624,0.913613,0.807723,0,0.0272166
103.3,2029,0.778283,0.984773,0.90328,0,0.0272166
103.4,2030,0.750595,1.06073,0.936208,0,0.0272166
103.5,2031,0.757467,1.02853,0.930224,0,0.0272166
103.6,2032,0.822723,1.01481,0.899992,0,0.0272166
103.7,2033,0.912459,0.959565,0.882624,0,0.0272166
103.8,2034,0.899115,0.928357,0.906672,0,0.0272166
103.9,2035,0.878939,0.904781,0.897984,0,0.0272166
104,2036,0.824147,0.977549,0.94036,0,0.0272166
104.1,2037,0.758963,1.03175,0.950984,0,0.0272166
104.2,2038,0.763491,0.983365,0.984536,0,0.0272166
104.3,2039,0.785539,0.867501,1.2111,0,0.0272166
104.4,2040,0.779819,0.893061,0.997976,0,0.0272166
104.5,2041,1.08568,1.13295,0.898728,0,0.0272166
104.6,2042,0.788331,0.995117,0.947472,0,0.0272166
104.7,2043,0.858256,1.05585,0.839547,0,0.0272166
104.8,2044,0.881768,0.944749,0.933619,0,0.0272166
104.9,2045,0.750995,0.863429,1.00638,0,0.0272166
105,2046,0.896851,0.927357,0.895792,0,0.0272166
105.1,2047,0.994624,0.948557,0.751083,0,0.0272166
105.2,2048,0.871936,0.935933,0.926243,0,0.0272166
105.3,2049,0.891488,0.935709,0.937531,0,0.0272166
105.4,2050,0.986224,0.925613,0.826771,0,0.0272166
105.5,2051,0.838531,0.936797,0.879672,0,0.0272166
105.6,2052,0.883659,0.952717,0.902536,0,0.0272166
105.7,2053,0.901587,0.955805,0.909328,0,0.0272166
105.8,2054,0.785515,1.00265,0.967904,0,0.0272166
105.9,2055,0.758963,1.004,0.946208,0,0.0272166
106,2056,0.868035,0.991741,0.918488,0,0.0272166
106.1,2057,0.858491,0.956333,0.89192,0,0.0272166
106.2,2058,0.872899,0.919453,0.886904,0,0.0272166
106.3,2059,0.877915,0.962437,0.909552,0,0.0272166
106.4,2060,0.861691,0.950925,0.896296,0,0.0272166
106.5,2061,0.864907,0.925165,0.885736,0,0.0272166
106.6,2062,0.865627,0.953437,0.913904,0,0.0272166
106.7,2063,0.858163,0.936805,0.897968,0,0.0272166
106.8,2064,0.861379,0.942573,0.881376,0,0.0272166
106.9,2065,0.865627,0.953437,0.908232,0,0.0272166
107,2066,0.850955,0.950693,0.897608,0,0.0272166
107.1,2067,0.858163,0.928301,0.915568,0,0.0272166
107.2,2068,0.865627,0.954405,0.884064,0,0.0272166
107.3,2069,0.858907,0.950101,0.891656,0,0.0272166
107.4,2070,0.858147,0.922429,0.91872,0,0.0272166
107.5,2071,0.865627,0.963101,0.925952,0,0.0272166
107.6,2072,0.869683,0.924989,0.888296,0,0.0272166
107.7,2073,0.865675,0.947981,0.924224,0,0.0272166
107.8,2074,0.870835,0.953229,0.904824,0,0.0272166
107.9,2075,0.877147,0.946909,0.871216,0,0.0272166
108,2076,0.869683,0.970509,0.933712,0,0.0272166
108.1,2077,0.867187,0.983941,0.92956,0,0.0272166
108.2,2078,0.876835,0.948349,0.913944,0,0.0272166
108.3,2079,0.867107,0.989629,0.924992,0,0.0272166
108.4,2080,0.843819,0.942117,0.913936,0,0.0272166
108.5,2081,0.872603,0.966805,0.938288,0,0.0272166
108.6,2082,0.853755,0.984237,0.931024,0,0.0272166
108.7,2083,0.843819,0.950509,0.945384,0,0.0272166
108.8,2084,0.855419,0.973317,0.9348,0,0.0272166
108.9,2085,0.853739,0.981389,0.961256,0,0.0272166
109,2086,0.842347,0.941293,0.924128,0,0.0272166
109.1,2087,0.862883,0.987125,0.902488,0,0.0272166
109.2,2088,0.846291,0.948365,0.917208,0,0.0272166
109.3,2089,0.853739,0.968909,0.929664,0,0.0272166
109.4,2090,0.870083,0.981781,0.870672,0,0.0272166
109.5,2091,0.878971,0.956133,0.896416,0,0.0272166
109.6,2092,0.878475,0.972685,0.893064,0,0.0272166
109.7,2093,0.872163,0.976037,0.898584,0,0.0272166
109.8,2094,0.896171,0.955317,0.906624,0,0.0272166
109.9,2095,0.878475,0.970933,0.909312,0,0.0272166
110,2096,0.872163,0.955405,0.91008,0,0.0272166
110.1,2097,0.878987,0.970149,0.913864,0,0.0272166
110.2,2098,0.876971,0.976381,0.885832,0,0.0272166
110.3,2099,0.872163,0.957877,0.912128,0,0.0272166
110.4,2100,0.886451,0.973461,0.90784,0,0.0272166
110.5,2101,0.871011,0.981637,0.891328,0,0.0272166
110.6,2102,0.897323,0.969781,0.906616,0,0.0272166
110.7,2103,0.871011,0.953293,0.911808,0,0.0272166
110.8,2104,0.878459,0.981717,0.912128,0,0.0272166
110.9,2105,0.880123,0.947629,0.909312,0,0.0272166
111,2106,0.888179,0.978333,0.885824,0,0.0272166
111.1,2107,0.859803,0.969749,0.910656,0,0.0272166
111.2,2108,0.898779,0.956565,0.909312,0,0.0272166
111.3,2109,0.870979,0.980989,0.891328,0,0.0272166
111.4,2110,0.878451,0.967317,0.913864,0,0.0272166
111.5,2111,0.878635,0.956117,0.904576,0,0.0272166
111.6,2112,0.889651,0.978845,0.912128,0,0.0272166
111.7,2113,0.859803,0.944565,0.909312,0,0.0272166
111.8,2114,0.880107,0.981005,0.864504,0,0.0272166
111.9,2115,0.888179,0.975661,0.85704,0,0.0272166
112,2116,0.872147,0.958589,0.870432,0,0.0272166
112.1,2117,0.886435,0.973461,0.866976,0,0.0272166
112.2,2118,0.870995,0.970453,0.856736,0,0.0272166
112.3,2119,0.889315,0.952509,0.910328,0,0.0272166
112.4,2120,0.878971,0.970213,0.885976,0,0.0272166
112.5,2121,0.878459,0.982053,0.89212,0,0.0272166
112.6,2122,0.868931,0.953317,0.902144,0,0.0272166
112.7,2123,0.868571,0.969837,0.878192,0,0.0272166
112.8,2124,0.864595,0.983765,0.90184,0,0.0272166
112.9,2125,0.846259,0.941757,0.884232,0,0.0272166
113,2126,0.853739,0.984925,0.89212,0,0.0272166
113.1,2127,0.840587,0.949725,0.90388,0,0.0272166
113.2,2128,0.858619,0.971877,0.88216,0,0.0272166
113.3,2129,0.852267,0.982773,0.899312,0,0.0272166
113.4,2130,0.852923,0.947245,0.88276,0,0.0272166
113.5,2131,0.875955,0.962613,0.900096,0,0.0272166
113.6,2132,0.839707,0.957597,0.89416,0,0.0272166
113.7,2133,0.838043,0.926933,0.882184,0,0.0272166
113.8,2134,0.834019,0.962597,0.903888,0,0.0272166
113.9,2135,0.846003,0.960781,0.882184,0,0.0272166
114,2136,0.826595,0.922917,0.899328,0,0.0272166
114.1,2137,0.855147,0.963749,0.901408,0,0.0272166
114.2,2138,0.838043,0.955717,0.884656,0,0.0272166
114.3,2139,0.846955,0.925157,0.86724,0,0.0272166
114.4,2140,0.878979,0.963325,0.835296,0,0.0272166
114.5,2141,0.857291,0.958205,0.821288,0,0.0272166
114.6,2142,0.878411,0.929493,0.826264,0,0.0272166
114.7,2143,0.881339,0.955373,0.816136,0,0.0272166
114.8,2144,0.868483,0.959701,0.832896,0,0.0272166
114.9,2145,0.882795,0.934557,0.818176,0,0.0272166
115,2146,0.885667,0.953173,0.823032,0,0.0272166
115.1,2147,0.851779,0.959301,0.830552,0,0.0272166
115.2,2148,0.888315,0.924093,0.810088,0,0.0272166
115.3,2149,0.859747,0.965797,0.837448,0,0.0272166
115.4,2150,0.882811,0.954349,0.816136,0,0.0272166
115.5,2151,0.885659,0.926925,0.832896,0,0.0272166
115.6,2152,0.872435,0.963325,0.818176,0,0.0272166
115.7,2153,0.894331,0.927717,0.819816,0,0.0272166
115.8,2154,0.898339,0.979405,0.827736,0,0.0272166
115.9,2155,0.875675,0.958837,0.82872,0,0.0272166
116,2156,0.887467,0.981589,0.85128,0,0.0272166
116.1,2157,0.875643,0.938829,0.828808,0,0.0272166
116.2,2158,0.892859,0.975389,0.846712,0,0.0272166
116.3,2159,0.896595,0.964341,0.830856,0,0.0272166
116.4,2160,0.878891,0.978301,0.833648,0,0.0272166
116.5,2161,0.884235,0.942085,0.840392,0,0.0272166
116.6,2162,0.892835,0.965621,0.8288,0,0.0272166
116.7,2163,0.875675,0.972605,0.84672,0,0.0272166
116.8,2164,0.896595,0.979029,0.833368,0,0.0272166
116.9,2165,0.878891,0.937701,0.832488,0,0.0272166
117,2166,0.885987,0.972533,0.812584,0,0.0272166
117.1,2167,0.891091,0.973357,0.815832,0,0.0272166
117.2,2168,0.884395,0.943629,0.80628,0,0.0272166
117.3,2169,0.891091,0.952205,0.814336,0,0.0272166
117.4,2170,0.892859,0.914157,0.814656,0,0.0272166
117.5,2171,0.881147,0.942781,0.812592,0,0.0272166
117.6,2172,0.878747,0.950549,0.820392,0,0.0272166
117.7,2173,0.894331,0.949317,0.812592,0,0.0272166
117.8,2174,0.881139,0.917821,0.815832,0,0.0272166
117.9,2175,0.892851,0.938421,0.806272,0,0.0272166
118,2176,0.881155,0.951629,0.81112,0,0.0272166
118.1,2177,0.878739,0.952901,0.81788,0,0.0272166
118.2,2178,0.894331,0.909853,0.812592,0,0.0272166
118.3,2179,0.898339,0.945341,0.815824,0,0.0272166
118.4,2180,0.875675,0.949461,0.778464,0,0.0272166
118.5,2181,0.844211,0.929269,0.777528,0,0.0272166
118.6,2182,0.844955,0.950269,0.776952,0,0.0272166
118.7,2183,0.853675,0.949349,0.770624,0,0.0272166
118.8,2184,0.841715,0.961821,0.776952,0,0.0272166
118.9,2185,0.867787,0.922781,0.781512,0,0.0272166
