0.4,1,10,0,0,24726.3,0,32,0.64
0.4,2,11,0,0,16540.7,0,32,0.64
0.4,3,9,0,0,11317.2,0,32,0.64
0.9,1,10,0,8820,8421.84,0,35,0.64
0.9,2,11,0,11047,5689.04,0,35,0.64
0.9,3,9,0,12914.6,4000.96,0,34,0.64
1.4,1,10,0,8718.64,8481.36,0,35,0.64
1.4,2,11,0,12123.5,5600.08,0,35,0.64
1.4,3,9,0,12408.2,3735.68,0,34,0.64
1.9,1,10,0,8855.68,7887.92,0,35,0.64
1.9,2,11,0,11415.8,5759.04,0,34,0.64
1.9,3,9,0,13187.4,3679.68,0,34,0.64
2.4,1,10,0,8915.84,8376.56,0,35,0.64
2.4,2,11,0,11066.4,5591.84,0,35,0.64
2.4,3,9,0,13215.8,3892.64,0,34,0.64
2.9,1,10,0,8970.88,8431.36,0,35,0.64
2.9,2,11,0,12090.6,5719.92,0,35,0.64
2.9,3,9,0,12941.4,3679.76,0,34,0.64
3.4,1,10,0,8970.88,8408.16,0,35,0.64
3.4,2,11,0,11906.5,5664.32,0,35,0.64
3.4,3,9,0,12586.8,3730.16,0,34,0.64
3.9,1,10,0,8926.32,8541.28,0,35,0.64
3.9,2,11,0,12233.4,5308.08,0,35,0.64
3.9,3,9,0,12780.6,4066.56,0,34,0.64
4.4,1,10,0,9009.2,8301.68,0,35,0.64
4.4,2,11,0,11124,5425.76,0,35,0.64
4.4,3,9,0,13006.9,3945.12,0,34,0.64
4.9,1,10,0,8893.92,8024.08,0,35,0.64
4.9,2,11,0,11927,5858.64,0,34,0.64
4.9,3,9,0,13529,3679.76,0,34,0.64
5.4,1,10,0,8905.68,7757.2,0,35,0.64
5.4,2,11,0,11829.3,5717.44,0,34,0.64
5.4,3,9,0,12811.6,3792.16,0,34,0.64
5.9,1,10,0,8957.04,7780.24,0,35,0.64
5.9,2,11,0,12093.8,5356.56,0,34,0.64
5.9,3,9,0,13802.4,3941.76,0,34,0.64
6.4,1,10,0,9083.04,8171.68,0,35,0.64
6.4,2,11,0,11314.9,5364,0,35,0.64
6.4,3,9,0,14049.7,3859.12,0,34,0.64
6.9,1,10,0,9137.36,7772.48,0,35,0.64
6.9,2,11,0,12013.8,5702.88,0,34,0.64
6.9,3,9,0,13878.6,3921.84,0,34,0.64
7.4,1,10,0,9336.8,8506.32,0,35,0.64
7.4,2,11,0,11094.4,5454.24,0,35,0.64
7.4,3,9,0,14120.8,3837.84,0,34,0.64
7.9,1,10,0,9426.8,7722.64,0,35,0.64
7.9,2,11,0,12076.5,5764.8,0,34,0.64
7.9,3,9,0,13808.6,3766.56,0,34,0.64
8.4,1,10,0,9027.6,8558.16,0,35,0.64
8.4,2,11,0,11237.9,5286.88,0,35,0.64
8.4,3,9,0,14065.8,3981.44,0,34,0.64
8.9,1,10,0,9180.24,7249.12,0,35,0.64
8.9,2,11,0,12071.8,5703.2,0,34,0.64
8.9,3,9,0,14692.3,3807.68,0,34,0.64
9.4,1,10,0,8923.44,7808.72,0,35,0.64
9.4,2,11,0,11237.9,4938,0,35,0.64
9.4,3,9,0,14868,3952.88,0,34,0.64
9.9,1,10,0,9193.12,6420,0,35,0.64
9.9,2,11,0,11706.6,5580.48,0,34,0.64
9.9,3,9,0,14345.7,3898.96,0,34,0.64
10.4,1,10,0,9187.12,6881.84,0,35,0.64
10.4,2,11,0,10948.2,5036.32,0,35,0.64
10.4,3,9,0,14201.7,4048.64,0,34,0.64
10.9,1,10,0,9021.6,6562.08,0,35,0.64
10.9,2,11,0,11721,5246.48,0,35,0.64
10.9,3,9,0,14301.6,3998.48,0,34,0.64
11.4,1,10,0,9211.84,6021.52,0,35,0.64
11.4,2,11,0,11754.5,5499.6,0,34,0.64
11.4,3,9,0,15132.6,3922.88,0,34,0.64
11.9,1,10,0,9021.6,6612.96,0,35,0.64
11.9,2,11,0,11875.4,5052.4,0,35,0.64
11.9,3,9,0,13730.6,4094.48,0,34,0.64
12.4,1,10,0,9021.6,6250.88,0,35,0.64
12.4,2,11,0,11778.3,5130,0,35,0.64
12.4,3,9,0,13975.7,4046.48,0,34,0.64
12.9,1,10,0,9021.6,5971.2,0,35,0.64
12.9,2,11,0,11764.9,5149.68,0,35,0.64
12.9,3,9,0,13795.9,3998.32,0,34,0.64
13.4,1,10,0,9317.68,5646.32,0,35,0.64
13.4,2,11,0,11793,5132.96,0,35,0.64
13.4,3,9,0,13963.8,3927.44,0,34,0.64
13.9,1,10,0,9226.4,5950.56,0,35,0.64
13.9,2,11,0,11792.9,4792.48,0,35,0.64
13.9,3,9,0,13568.2,4010.4,0,34,0.64
14.4,1,10,0,9273.68,6016.64,0,35,0.64
14.4,2,11,0,11072.3,4480,0,35,0.64
14.4,3,9,0,13558.1,4082.16,0,34,0.64
14.9,1,10,0,9021.6,5835.76,0,35,0.64
14.9,2,11,0,11890.1,4692.4,0,35,0.64
14.9,3,9,0,13654.4,4005.76,0,34,0.64
15.4,1,10,0,9345.6,5580.32,0,35,0.64
15.4,2,11,0,12094.9,4752.88,0,35,0.64
15.4,3,9,0,13527.8,3935.28,0,34,0.64
15.9,1,10,0,9566.24,5423.76,0,35,0.64
15.9,2,11,0,11803.4,5190.32,0,34,0.64
15.9,3,9,0,13743.9,3925.68,0,34,0.64
16.4,1,10,0,9345.6,5727.84,0,35,0.64
16.4,2,11,0,11881.8,4350.72,0,35,0.64
16.4,3,9,0,13497,4066.32,0,34,0.64
16.9,1,10,0,9660.4,5744.72,0,35,0.64
16.9,2,11,0,11510.9,4145.76,0,35,0.64
16.9,3,9,0,13229.9,4107.2,0,34,0.64
17.4,1,10,0,9782.88,5458.56,0,35,0.64
17.4,2,11,0,10403.7,5184.88,0,34,0.64
17.4,3,9,0,12996.2,3805.2,0,34,0.64
17.9,1,10,0,9797.6,5425.04,0,35,0.64
17.9,2,11,0,10326.6,3937.36,0,34,0.64
17.9,3,9,0,13867.2,3807.44,0,34,0.64
18.4,1,10,0,9797.6,5174,0,35,0.64
18.4,2,11,0,9845.76,4045.12,0,34,0.64
18.4,3,9,0,13968.8,3807.2,0,34,0.64
18.9,1,10,0,10228.3,5096.4,0,35,0.64
18.9,2,11,0,9325.6,3982.24,0,34,0.64
18.9,3,9,0,13803,3847.6,0,34,0.64
19.4,1,10,0,10104.8,5115.6,0,35,0.64
19.4,2,11,0,9460.72,3949.12,0,34,0.64
19.4,3,9,0,14116.2,3797.68,0,34,0.64
19.9,1,10,0,10104.8,5096.48,0,35,0.64
19.9,2,11,0,9477.12,3961.76,0,34,0.64
19.9,3,9,0,14070.3,3707.52,0,34,0.64
20.4,1,10,0,10104.8,5154.24,0,35,0.64
20.4,2,11,0,9381.04,3981.12,0,34,0.64
20.4,3,9,0,13831.7,3722.08,0,34,0.64
20.9,1,10,0,10104.8,5102.08,0,35,0.64
20.9,2,11,0,9381.04,3942.56,0,34,0.64
20.9,3,9,0,13931.5,3659.36,0,34,0.64
21.4,1,10,0,10104.8,5046.24,0,35,0.64
21.4,2,11,0,9276.64,4067.36,0,34,0.64
21.4,3,9,0,13871.4,3661.2,0,34,0.64
21.9,1,10,0,10179.4,5030.24,0,35,0.64
21.9,2,11,0,9372.72,4009.92,0,34,0.64
21.9,3,9,0,13365.8,3521.04,0,34,0.64
22.4,1,10,0,10550.4,4790.24,0,35,0.64
22.4,2,11,0,8853.84,4062.8,0,34,0.64
22.4,3,9,0,13219.8,3485.68,0,34,0.64
22.9,1,10,0,10646.6,4789.36,0,35,0.64
22.9,2,11,0,9014.16,4007.28,0,34,0.64
22.9,3,9,0,12917.3,3497.84,0,34,0.64
23.4,1,10,0,10550.4,4724.24,0,35,0.64
23.4,2,11,0,8979.28,3893.92,0,34,0.64
23.4,3,9,0,12821.3,3535.68,0,34,0.64
23.9,1,10,0,10550.4,4744.8,0,35,0.64
23.9,2,11,0,8827.6,3968.24,0,34,0.64
23.9,3,9,0,13699.2,3498.16,0,34,0.64
24.4,1,10,0,10550.4,4478.96,0,35,0.64
24.4,2,11,0,9042.32,3848.64,0,34,0.64
24.4,3,9,0,13769.9,3445.6,0,34,0.64
24.9,1,10,0,10435.2,4398.48,0,35,0.64
24.9,2,11,0,9042.32,3596.48,0,34,0.64
24.9,3,9,0,13670.5,3460.64,0,34,0.64
25.4,1,10,0,10854.7,4392.08,0,35,0.64
25.4,2,11,0,8979.2,3445.76,0,34,0.64
25.4,3,9,0,13754.9,3435.36,0,34,0.64
25.9,1,10,0,11277.1,4071.52,0,35,0.64
25.9,2,11,0,9271.76,3430.08,0,34,0.64
25.9,3,9,0,13652.1,3447.68,0,34,0.64
26.4,1,10,0,11288.6,4093.6,0,35,0.64
26.4,2,11,0,9194,3297.12,0,34,0.64
26.4,3,9,0,13616.2,3418.64,0,34,0.64
26.9,1,10,0,10988.4,4061.52,0,35,0.64
26.9,2,11,0,9200.32,3305.28,0,34,0.64
26.9,3,9,0,13670.3,3443.76,0,34,0.64
27.4,1,10,0,11285,3945.44,0,35,0.64
27.4,2,11,0,9426.32,3281.28,0,34,0.64
27.4,3,9,0,13429.7,3623.6,0,34,0.64
27.9,1,10,0,11472.6,3967.68,0,35,0.64
27.9,2,11,0,9271.76,3316.88,0,34,0.64
27.9,3,9,0,13979.4,3592.64,0,34,0.64
28.4,1,10,0,11369.8,3979.28,0,35,0.64
28.4,2,11,0,9926.56,3390.56,0,34,0.64
28.4,3,9,0,14202.6,3596.64,0,34,0.64
28.9,1,10,0,11370,3909.04,0,35,0.64
28.9,2,11,0,10617.1,3665.04,0,34,0.64
28.9,3,9,0,13681.1,3616.48,0,34,0.64
29.4,1,10,0,10979.1,3877.6,0,35,0.64
29.4,2,11,0,9959.28,3635.84,0,34,0.64
29.4,3,9,0,13813.3,3623.92,0,34,0.64
29.9,1,10,0,11181.7,3848.16,0,35,0.64
29.9,2,11,0,10461.2,3628.24,0,34,0.64
29.9,3,9,0,14063.2,3609.2,0,34,0.64
30.4,1,10,0,11555.7,3874.16,0,35,0.64
30.4,2,11,0,9972.64,3559.68,0,34,0.64
30.4,3,9,0,13886.1,3604.16,0,34,0.64
30.9,1,10,0,11486.2,3820.8,0,35,0.64
30.9,2,11,0,10745.8,3506.8,0,34,0.64
30.9,3,9,0,13950.5,3611.2,0,34,0.64
31.4,1,10,0,11501.9,3832.08,0,35,0.64
31.4,2,11,0,10327.3,3527.92,0,34,0.64
31.4,3,9,0,13160.9,3846,0,34,0.64
31.9,1,10,0,11733.4,3775.44,0,35,0.64
31.9,2,11,0,10343.2,3424.88,0,34,0.64
31.9,3,9,0,13261.8,3850.96,0,34,0.64
32.4,1,10,0,11821,3588.72,0,35,0.64
32.4,2,11,0,10447,3439.28,0,34,0.64
32.4,3,9,0,13392.1,3804.96,0,34,0.64
32.9,1,10,0,11714.2,3582,0,35,0.64
32.9,2,11,0,9854,3376.32,0,34,0.64
32.9,3,9,0,13193.9,3717.04,0,34,0.64
33.4,1,10,0,11746.1,3533.04,0,35,0.64
33.4,2,11,0,10015.5,3410.8,0,34,0.64
33.4,3,9,0,13552.2,3696.24,0,34,0.64
33.9,1,10,0,11797.3,3551.2,0,35,0.64
33.9,2,11,0,9988.8,3359.84,0,34,0.64
33.9,3,9,0,12778.7,3631.92,0,34,0.64
34.4,1,9,2,10175.2,4417.44,4.625,33,0.64
34.4,2,12,0,10298.4,5057.6,0,34,0.64
34.4,3,9,0,15155.1,3398.64,0,34,0.608
34.9,1,9,2,10146.3,4319.44,4.625,33,0.64
34.9,2,12,0,10259.6,4944.64,0,34,0.64
34.9,3,9,0,14832.2,3546.64,0,34,0.64
35.4,1,9,2,10011.8,4370.48,4.625,33,0.64
35.4,2,12,0,10042.1,5034.08,0,34,0.64
35.4,3,9,0,14339.7,3475.6,0,34,0.64
35.9,1,9,2,11135.2,4134.16,5,34,0.64
35.9,2,12,0,9780.48,4936.8,0,34,0.64
35.9,3,9,0,13762,3389.04,0,34,0.64
36.4,1,9,2,9869.2,4113.76,4.5,33,0.64
36.4,2,12,0,9987.68,4957.04,0,34,0.64
36.4,3,9,0,14112.5,3220.56,0,34,0.608
36.9,1,9,2,9733.12,4249.52,4.5,33,0.64
36.9,2,12,0,10191.8,4973.04,0,34,0.64
36.9,3,9,0,13410.3,3134.72,0,34,0.64
37.4,1,9,2,9864,4267.76,4.375,33,0.64
37.4,2,12,0,10009.6,4959.28,0,34,0.64
37.4,3,9,0,14595.9,3279.2,0,34,0.64
37.9,1,9,2,9843.6,4277.76,4.25,33,0.64
37.9,2,12,0,10220.5,4918.32,0,34,0.64
37.9,3,9,0,13927,3178.08,0,34,0.64
38.4,1,9,2,9816.88,4330.64,4.25,33,0.64
38.4,2,12,0,10283.4,4906.32,0,34,0.64
38.4,3,9,0,13743.8,3113.44,0,34,0.64
38.9,1,9,2,9863.36,4327.36,4.25,33,0.64
38.9,2,12,0,10296.9,4999.36,0,34,0.64
38.9,3,9,0,13854.6,3186.32,0,34,0.64
39.4,1,9,2,10105.6,4268.16,4.25,33,0.64
39.4,2,12,0,10280.8,4894.72,0,34,0.64
39.4,3,9,0,13290.4,3063.2,0,34,0.64
39.9,1,9,2,9981.92,4258.88,4.25,33,0.64
39.9,2,12,0,10407,4798,0,34,0.64
39.9,3,9,0,13675.7,3079.04,0,34,0.608
40.4,1,9,2,9825.2,4091.68,4.25,33,0.64
40.4,2,12,0,9981.52,4811.12,0,34,0.64
40.4,3,9,0,13436.6,2985.92,0,34,0.64
40.9,1,9,2,9966.4,4110.24,4.25,33,0.64
40.9,2,12,0,10317.4,4843.6,0,34,0.64
40.9,3,9,0,13462.6,2967.04,0,34,0.64
41.4,1,9,2,9755.04,3943.04,4.25,33,0.64
41.4,2,12,0,10326.6,4823.52,0,34,0.64
41.4,3,9,0,13517.3,2910.08,0,34,0.64
41.9,1,9,2,9941.2,3931.92,4.25,33,0.64
41.9,2,12,0,10291.4,4774.4,0,34,0.608
41.9,3,9,0,13217.3,2814.16,0,34,0.64
42.4,1,9,2,9966.4,3925.04,4.25,33,0.64
42.4,2,12,0,9844.32,4691.92,0,34,0.64
42.4,3,9,0,13515.8,2702.64,0,34,0.64
42.9,1,9,2,9754.96,3923.12,4.25,33,0.64
42.9,2,12,0,9324.56,4676.8,0,34,0.64
42.9,3,9,0,13533.4,2657.36,0,34,0.64
43.4,1,9,2,9634.32,3911.92,4.25,33,0.64
43.4,2,12,0,9398.56,4611.2,0,34,0.64
43.4,3,9,0,13533.4,2643.76,0,34,0.64
43.9,1,9,2,9638,3907.12,4.125,33,0.64
43.9,2,12,0,9567.76,4615.52,0,34,0.64
43.9,3,9,0,13426.1,2668,0,34,0.64
44.4,1,9,2,9808.32,3932.4,4.125,33,0.64
44.4,2,12,0,9035.52,4662.48,0,34,0.64
44.4,3,9,0,13705.2,2645.92,0,34,0.64
44.9,1,9,2,9472.24,3949.92,4.125,33,0.64
44.9,2,12,0,9204.72,4641.68,0,34,0.64
44.9,3,9,0,13577,2624.48,0,34,0.64
45.4,1,9,2,9412.72,3925.12,4.125,33,0.64
45.4,2,12,0,9193.6,4615.12,0,34,0.64
45.4,3,9,0,13264,2604.08,0,34,0.64
45.9,1,9,2,9672.16,4005.92,4,33,0.64
45.9,2,12,0,9146.48,4677.92,0,34,0.64
45.9,3,9,0,13189.4,2619.68,0,34,0.64
46.4,1,9,2,9599.92,3985.6,4,33,0.64
46.4,2,12,0,9276.16,4675.52,0,34,0.64
46.4,3,9,0,13120.7,2612.48,0,34,0.64
46.9,1,9,2,9373.76,3933.6,4,33,0.64
46.9,2,12,0,9222.96,4448.08,0,34,0.64
46.9,3,9,0,13017,2600.64,0,34,0.64
47.4,1,9,2,9514.96,3919.92,4,33,0.64
47.4,2,12,0,9692,4453.92,0,34,0.64
47.4,3,9,0,12930.6,2605.92,0,34,0.64
47.9,1,9,2,9802.88,4131.76,3.875,33,0.64
47.9,2,12,0,9658.96,4282.48,0,34,0.64
47.9,3,9,0,12697.6,2591.36,0,34,0.64
48.4,1,9,2,9683.6,4775.52,3.875,33,0.64
48.4,2,13,0,9487.36,2353.44,0,34,0.64
48.4,3,8,0,13145.8,4025.68,0,34,0.64
48.9,1,9,2,9454.88,4771.2,3.875,33,0.608
48.9,2,13,0,9540.64,2293.28,0,34,0.64
48.9,3,8,0,12742,4019.76,0,34,0.64
49.4,1,9,2,9838.96,4752.72,3.875,33,0.64
49.4,2,13,0,9404.56,2289.92,0,34,0.64
49.4,3,8,0,12859,4007.84,0,34,0.64
49.9,1,9,2,9580.96,4770.4,3.875,33,0.64
49.9,2,13,0,9508.4,2518.96,0,34,0.64
49.9,3,8,0,12748.5,4031.76,0,34,0.64
50.4,1,9,2,9606.08,4827.04,3.875,33,0.64
50.4,2,13,0,9257.92,3826.4,0,34,0.64
50.4,3,8,0,12771.4,4031.6,0,34,0.64
50.9,1,9,2,9240.24,4718.96,3.875,33,0.64
50.9,2,13,0,9685.68,3767.44,0,34,0.64
50.9,3,8,0,12905.2,4013.68,0,34,0.64
51.4,1,9,2,8496.88,4878.24,3.875,33,0.64
51.4,2,13,0,9569.84,3745.12,0,34,0.64
51.4,3,8,0,12295.4,4025.6,0,34,0.64
51.9,1,9,2,8729.92,4952.72,3.875,33,0.64
51.9,2,13,0,9671.2,3760.08,0,34,0.64
51.9,3,8,0,13293.5,4013.68,0,34,0.64
52.4,1,9,2,8729.92,4956.08,3.875,33,0.64
52.4,2,13,0,9671.2,3752.48,0,34,0.64
52.4,3,8,0,12341,4031.68,0,34,0.64
52.9,1,10,2,8067.68,5497.2,3.875,33,0.64
52.9,2,12,0,9474.64,5371.36,0,34,0.64
52.9,3,8,0,12453.8,4011.92,0,34,0.64
53.4,1,10,2,9154.4,7126,3.875,33,0.64
53.4,2,12,0,8950.24,4700.24,0,34,0.64
53.4,3,8,0,12309.9,4023.76,0,34,0.64
53.9,1,10,2,8580.64,6329.84,4.375,34,0.64
53.9,2,12,0,9568,4849.44,0,34,0.64
53.9,3,8,0,11954.3,3920.56,0,34,0.64
54.4,1,10,2,8565.68,6077.12,4.375,34,0.64
54.4,2,12,0,9560.32,4983.92,0,34,0.64
54.4,3,8,0,11809.1,4106.72,0,34,0.64
54.9,1,10,2,8675.84,6357.44,4.375,34,0.64
54.9,2,12,0,9009.2,4979.68,0,34,0.64
54.9,3,8,0,11730.4,4097.6,0,34,0.64
55.4,1,10,2,9039.28,6058.08,4.25,34,0.64
55.4,2,12,0,9114.56,4717.2,0,34,0.608
55.4,3,8,0,11402.2,4011.76,0,34,0.64
55.9,1,10,2,8897.76,6288.48,3.75,33,0.64
55.9,2,12,0,9781.2,4719.28,0,34,0.64
55.9,3,8,0,12367,4027.6,0,34,0.64
56.4,1,10,2,8478.96,6861.52,3.75,33,0.64
56.4,2,12,0,9875.76,4349.6,0,34,0.64
56.4,3,8,0,12223.5,4005.6,0,34,0.64
56.9,1,10,2,8643.36,6632.96,3.75,33,0.64
56.9,2,12,0,9501.52,4428.16,0,34,0.64
56.9,3,8,0,11643.7,4005.84,0,34,0.64
57.4,1,10,2,8550.56,6537.6,3.75,33,0.64
57.4,2,12,0,9831.76,4526.08,0,34,0.64
57.4,3,8,0,11527.7,3993.76,0,34,0.64
57.9,1,10,2,8935.6,6320.64,3.75,33,0.64
57.9,2,12,0,9284.8,4501.36,0,34,0.64
57.9,3,8,0,11643.7,3981.84,0,34,0.64
58.4,1,10,2,9064.32,6343.2,3.625,33,0.64
58.4,2,12,0,9485.76,4429.44,0,34,0.64
58.4,3,8,0,11502.4,3993.76,0,34,0.64
58.9,1,10,2,8952.72,6388.48,3.5,33,0.64
58.9,2,12,0,9500.48,4454.96,0,34,0.64
58.9,3,8,0,11735,3993.84,0,34,0.64
59.4,1,10,2,8878.24,6373.36,3.5,33,0.64
59.4,2,12,0,9379.36,4506,0,34,0.64
59.4,3,8,0,12661.5,3987.84,0,34,0.64
59.9,1,10,2,8948.8,6328.24,3.5,33,0.64
59.9,2,12,0,9656.24,4512.64,0,34,0.64
59.9,3,8,0,12597.4,3981.92,0,34,0.64
60.4,1,10,2,9121.6,7215.68,3.5,33,0.64
60.4,2,13,0,9576.88,4527.76,0,34,0.64
60.4,3,7,3,12456.3,4056,7.125,34,0.64
60.9,1,12,6,8323.2,5655.84,5.4,34,0.64
60.9,2,11,4,9933.84,5320.64,5.9,34,0.64
60.9,3,7,2,11637.6,3634.56,7.16667,34,0.64
61.4,1,12,7,9593.52,6835.12,5.18182,34,0.64
61.4,2,11,4,9870.24,4276.24,6,34,0.64
61.4,3,7,2,11534.7,3531.44,7.16667,34,0.64
61.9,1,12,7,8471.68,6565.92,5,34,0.64
61.9,2,11,4,10026.4,4373.04,6,34,0.64
61.9,3,7,2,11035.8,3397.84,7.57143,34,0.64
62.4,1,12,7,9157.44,6241.6,5.54545,35,0.64
62.4,2,11,4,10221.7,4336.48,5.6,34,0.64
62.4,3,7,2,11265,3795.76,7.14286,34,0.64
62.9,1,12,7,8829.2,6325.52,5.54545,35,0.64
62.9,2,11,4,9843.04,4383.12,5.5,34,0.64
62.9,3,7,2,11051.7,3712.08,7,34,0.64
63.4,1,12,7,9913.68,6303.6,5.54545,35,0.64
63.4,2,11,4,9921.92,4374.08,5.7,34,0.64
63.4,3,7,2,10648.2,3594.88,7,34,0.64
63.9,1,12,6,9773.2,6462,5.18182,34,0.64
63.9,2,11,4,10586.3,4374.64,6,34,0.64
63.9,3,7,2,10845.4,3480.4,7.57143,34,0.64
64.4,1,12,7,9496.4,6325.2,5.18182,34,0.64
64.4,2,11,4,10372.6,4175.12,5.9,34,0.64
64.4,3,7,2,10638.6,3360.16,7.57143,34,0.64
64.9,1,12,6,9322.32,6221.36,5.72727,35,0.64
64.9,2,11,4,10245.5,4244.72,5.7,34,0.64
64.9,3,7,2,10665.6,3370.32,7.14286,34,0.64
65.4,1,12,7,9052.4,6171.36,5.09091,34,0.64
65.4,2,11,4,10707,4282.16,5.9,34,0.64
65.4,3,7,2,10764.8,3389.68,7.42857,34,0.64
65.9,1,12,7,8829.76,6217.12,4.90909,34,0.64
65.9,2,11,4,10663.1,4312.88,5.9,34,0.64
65.9,3,7,2,10819.8,3380,7.28571,34,0.64
66.4,1,12,7,8860.64,6164.8,4.81818,34,0.64
66.4,2,11,4,10418.2,4325.84,6,34,0.64
66.4,3,7,2,10892.2,3389.68,7.28571,34,0.64
66.9,1,12,7,8881.12,6170.16,4.81818,34,0.64
66.9,2,11,4,10318.3,4192.72,6,34,0.64
66.9,3,7,2,10801,3370.32,7.28571,34,0.64
67.4,1,12,7,8850.24,6141.76,4.81818,34,0.64
67.4,2,11,4,10707.1,4236.16,6,34,0.64
67.4,3,7,2,10783.6,3370.32,7.28571,34,0.64
67.9,1,12,7,8795.2,6188.16,4.81818,34,0.64
67.9,2,11,4,10665.4,4139.68,6.1,34,0.64
67.9,3,7,2,10783.5,3380,7.28571,34,0.64
68.4,1,12,7,8416.96,6099.2,4.81818,34,0.64
68.4,2,11,4,10404,4152.16,6.1,34,0.64
68.4,3,7,3,10801,3399.36,7.28571,34,0.64
68.9,1,11,6,9354.24,4491.2,5.1,34,0.64
68.9,2,11,4,10205.1,4524.72,6,34,0.64
68.9,3,8,4,9594.8,2499.92,6.625,34,0.64
69.4,1,11,5,9465.44,4799.28,5.1,34,0.64
69.4,2,11,4,10420.9,4421.76,6,34,0.64
69.4,3,8,4,9539.76,2489.6,6.625,34,0.64
69.9,1,11,5,9291.6,4811.6,5.2,34,0.64
69.9,2,11,4,10557.2,4392.88,6.1,34,0.64
69.9,3,8,4,9676.64,2510.24,6.625,34,0.64
70.4,1,11,5,9407.2,4690.24,5.2,34,0.64
70.4,2,11,4,10612.2,4479.44,6.1,34,0.64
70.4,3,8,4,9503.52,2791.92,6.625,34,0.64
70.9,1,11,5,9338.96,4821.68,5.3,34,0.64
70.9,2,11,4,10267.4,4492.72,6.1,34,0.64
70.9,3,8,4,9401.52,2791.92,6.75,34,0.64
71.4,1,11,5,9094.32,4697.28,5.3,34,0.64
71.4,2,11,4,10509.2,4551.6,6.1,34,0.64
71.4,3,8,4,9481.28,2791.92,6.75,34,0.64
71.9,1,11,5,9291.92,4817.68,5.3,34,0.64
71.9,2,11,4,10793.7,4559.92,6.1,34,0.64
71.9,3,8,4,9581.84,2791.92,6.625,34,0.64
72.4,1,11,5,9646.8,4801.44,5.3,34,0.64
72.4,2,11,4,10738.6,4491.6,6.1,34,0.64
72.4,3,8,4,9618.08,2879.76,6.75,34,0.64
72.9,1,11,5,9494.32,4822.64,5.2,34,0.64
72.9,2,11,4,10429.6,4550.48,6.1,34,0.64
72.9,3,8,3,9593.36,2879.76,6.75,34,0.64
73.4,1,11,5,9822.08,4767.84,5.2,34,0.64
73.4,2,11,4,10746.2,4588.88,6.1,34,0.64
73.4,3,8,3,10016.1,3274.96,6.75,34,0.64
73.9,1,11,6,9786.24,4744.32,5.2,34,0.64
73.9,2,11,4,10509.1,4639.12,6.1,34,0.64
73.9,3,8,3,10039.3,3362.88,6.75,34,0.64
74.4,1,11,6,9534.64,4798.16,5.2,34,0.64
74.4,2,11,4,10564.2,4573.44,6.1,34,0.64
74.4,3,8,3,10071.3,3187.2,6.75,34,0.64
74.9,1,11,6,9478.08,4653.52,5.3,34,0.64
74.9,2,11,4,10825.8,4490.56,6.1,34,0.64
74.9,3,8,3,9970.64,3099.36,6.28571,34,0.64
75.4,1,11,6,9351.04,4749.04,5.3,34,0.64
75.4,2,11,4,10793.7,4518.24,6.1,34,0.64
75.4,3,8,3,10139.9,3055.36,6.28571,34,0.64
75.9,1,11,6,9351.04,4841.52,5.3,34,0.64
75.9,2,11,4,10564.2,4662.96,6.1,34,0.64
75.9,3,8,3,9970.48,3187.2,6.28571,34,0.64
76.4,1,11,6,9351.04,4832.72,5.3,34,0.64
76.4,2,11,4,10152.2,4705.28,6.1,34,0.64
76.4,3,8,3,10115.2,3055.44,6.28571,34,0.64
76.9,1,10,5,10019.2,5488.32,5.55556,34,0.64
76.9,2,11,4,10186.5,4618.4,6.1,34,0.64
76.9,3,9,3,8470.88,3274.32,6.28571,34,0.64
77.4,1,10,5,9661.36,6488.32,5.55556,34,0.64
77.4,2,11,4,10139.2,3812.4,6.2,34,0.64
77.4,3,9,3,8794.4,2783.76,5.875,34,0.64
77.9,1,10,5,9633.12,6531.76,5.55556,34,0.64
77.9,2,11,3,10028.5,3831.84,6.2,34,0.64
77.9,3,9,3,8710.72,2607.52,5.875,34,0.64
78.4,1,10,5,9751.6,6599.04,5.55556,34,0.64
78.4,2,11,3,9981.28,3676.08,6.2,34,0.64
78.4,3,9,4,9410.08,2560.8,5.75,34,0.64
78.9,1,10,5,10019.4,6632.56,5.44444,34,0.64
78.9,2,11,3,10664.2,3579.68,6.2,34,0.64
78.9,3,9,4,9155.28,2797.04,5.75,34,0.64
79.4,1,10,5,9188.72,6560.32,5.44444,34,0.64
79.4,2,11,3,9954.16,3562.96,6.2,34,0.64
79.4,3,9,4,9390.24,2767.6,5.75,34,0.64
79.9,1,10,5,9461.12,6593.2,5.44444,34,0.608
79.9,2,11,3,9734.56,3576.72,6.2,34,0.64
79.9,3,9,3,9324.64,2783.6,5.75,34,0.64
80.4,1,10,5,10048.1,5866.8,5.66667,34,0.64
80.4,2,11,3,9895.36,3727.76,6.5,34,0.64
80.4,3,9,3,8546.72,2928.96,5.5,33,0.64
80.9,1,10,5,9397.6,6490.4,5.66667,34,0.64
80.9,2,11,3,10662.2,3559.28,6.5,34,0.64
80.9,3,9,4,8687.84,2868.24,5.625,33,0.64
81.4,1,10,5,9734.88,6499.84,5.66667,34,0.64
81.4,2,11,3,10331.8,3561.68,6.5,34,0.64
81.4,3,9,3,9512.32,3380,5.625,33,0.64
81.9,1,10,5,8967.76,6152.72,5.55556,34,0.64
81.9,2,11,3,9618.24,3690.64,6.2,34,0.64
81.9,3,9,3,9902.64,2821.12,5.75,34,0.64
82.4,1,10,5,9329.12,6331.28,5.66667,34,0.64
82.4,2,11,3,9581.36,3704.32,6.2,34,0.64
82.4,3,9,4,9244.72,2876,5.75,34,0.64
82.9,1,10,5,9011.28,5898.48,5.66667,34,0.64
82.9,2,11,3,10333.9,3631.68,6.6,34,0.64
82.9,3,9,3,8613.92,2868.32,5.625,33,0.64
83.4,1,10,5,8934.56,5694.64,5.55556,34,0.64
83.4,2,11,3,9609.84,3640,6.2,34,0.64
83.4,3,9,4,10060.3,2783.44,5.625,34,0.64
83.9,1,10,5,8995.84,5963.6,5.66667,34,0.64
83.9,2,11,3,10030.6,3573.68,6.5,34,0.64
83.9,3,9,3,10043.7,3235.76,5.625,33,0.64
84.4,1,10,4,8986.24,5725.6,5.66667,34,0.64
84.4,2,11,3,10160,3611.52,6.5,34,0.64
84.4,3,9,3,10143.5,3184.88,5.625,33,0.64
84.9,1,10,4,9056.8,5812.56,5.77778,34,0.64
84.9,2,11,3,10469.1,3645.52,6.6,34,0.64
84.9,3,9,4,9004.8,2783.28,5.625,33,0.64
85.4,1,10,4,9102.64,5698.96,5.77778,34,0.64
85.4,2,11,3,10137.5,3489.52,6.6,34,0.64
85.4,3,9,3,9815.52,3754.8,5.625,33,0.64
85.9,1,10,4,8552.16,6009.12,5.44444,34,0.64
85.9,2,11,3,9409.44,3666.32,6.3,34,0.64
85.9,3,9,4,10496,2542.64,5.875,34,0.64
86.4,1,10,4,8778.16,5855.68,5.77778,34,0.64
86.4,2,11,3,10417.5,3556.24,6.6,34,0.64
86.4,3,9,3,9470.08,2783.52,5.625,33,0.64
86.9,1,10,4,8796.16,5868.4,5.77778,34,0.64
86.9,2,11,3,10114.8,3620.56,6.6,34,0.64
86.9,3,9,3,9131.6,3012.88,5.625,33,0.64
87.4,1,10,4,9472.48,5967.36,5.77778,34,0.64
87.4,2,11,3,9886,3569.6,6.6,34,0.64
87.4,3,9,3,9513.76,3436.72,5.625,33,0.64
87.9,1,10,4,8398.96,6042.72,5.44444,34,0.64
87.9,2,11,3,9800.56,3713.6,5.88889,34,0.64
87.9,3,9,3,10662.6,2508.24,5.875,34,0.64
88.4,1,10,4,9882.88,6098.96,5.88889,34,0.64
88.4,2,11,3,10438.2,3559.2,6,34,0.64
88.4,3,9,3,9214.8,3036.96,5.625,33,0.64
88.9,1,10,5,8667.36,5974.4,5.88889,34,0.64
88.9,2,11,3,10523.1,3617.36,6,34,0.64
88.9,3,9,3,9427.76,3012.88,5.625,33,0.64
89.4,1,10,4,8639.2,6062.72,5.88889,34,0.64
89.4,2,11,3,10462.6,3595.68,6.11111,34,0.64
89.4,3,9,3,9214.72,2988.8,5.625,33,0.64
89.9,1,10,4,8041.04,6104.88,5.44444,34,0.64
89.9,2,11,3,9912,3602.88,6,34,0.64
89.9,3,9,3,10745.3,2470.72,6,34,0.64
90.4,1,10,4,9376.64,6062.56,5.88889,34,0.64
90.4,2,11,3,10370.8,3472.64,6.22222,34,0.64
90.4,3,9,3,9487.2,3111.76,5.5,33,0.64
90.9,1,10,5,9591.28,6166.56,6.11111,35,0.64
90.9,2,11,3,9994.48,3627.6,6,34,0.64
90.9,3,9,3,8959.44,3088,5.25,33,0.64
91.4,1,10,5,8729.28,5747.2,6,35,0.64
91.4,2,11,3,9641.04,3817.68,5.77778,34,0.64
91.4,3,9,3,10280.7,3801.2,5.875,34,0.64
91.9,1,10,5,8648.56,6100.8,5.77778,34,0.64
91.9,2,11,3,10680.3,3633.12,6.22222,34,0.64
91.9,3,9,3,9989.76,2975.6,5.75,33,0.64
92.4,1,10,4,8979.12,6022.96,5.77778,34,0.64
92.4,2,11,3,10461,3443.6,6.7,34,0.64
92.4,3,9,3,9747.2,3184.24,5.75,33,0.64
92.9,1,10,5,9445.36,5925.92,6.33333,35,0.64
92.9,2,11,3,10306.8,3643.84,6.3,34,0.64
92.9,3,9,3,8689.92,2933.92,5.25,33,0.64
93.4,1,10,4,8680.96,6025.2,5.66667,34,0.64
93.4,2,11,3,10440.7,3633.04,6.6,34,0.64
93.4,3,9,3,10198.5,2933.6,5.75,33,0.64
93.9,1,10,4,9519.84,6322.8,6.11111,35,0.64
93.9,2,11,3,10474.1,3687.36,6.3,34,0.64
93.9,3,9,3,10211.4,2894.32,5.875,34,0.64
94.4,1,10,5,9464.8,6341.28,6.11111,35,0.64
94.4,2,11,3,10169.9,3725.36,6.3,34,0.64
94.4,3,9,3,10146.1,2824,5.875,34,0.64
94.9,1,9,4,11030.3,5463.84,7.11111,35,0.64
94.9,2,12,3,9564.48,5153.28,5.90909,34,0.64
94.9,3,9,3,8928.96,5765.84,5.375,33,0.64
95.4,1,9,4,10230.6,4936.64,6.625,35,0.64
95.4,2,12,3,9418.8,5180.48,5.90909,34,0.64
95.4,3,9,3,9029.52,5594.8,5.5,33,0.64
95.9,1,9,4,10285.3,5315.36,7.11111,35,0.64
95.9,2,12,3,9924.72,5014.48,5.90909,34,0.64
95.9,3,9,3,9449.2,5623.44,5.5,33,0.64
96.4,1,9,3,9888.56,6174.4,6.77778,34,0.64
96.4,2,12,3,10082.1,4873.84,6.18182,34,0.64
96.4,3,9,3,9934.56,5568.08,5.625,33,0.64
96.9,1,10,4,8857.44,5843.04,7,35,0.64
96.9,2,12,3,9712.4,5211.84,5.90909,34,0.64
96.9,3,8,2,10714.5,5274.96,6.28571,34,0.64
97.4,1,9,4,10801.1,3812.08,7.11111,35,0.64
97.4,2,12,3,9914.64,5375.52,6.09091,34,0.64
97.4,3,9,3,9225.68,6271.52,5.5,33,0.64
97.9,1,10,5,9346.88,6695.2,6.5,35,0.64
97.9,2,12,3,9309.92,5274.48,5.81818,34,0.64
97.9,3,8,2,10980.9,4166.88,6.28571,34,0.64
98.4,1,10,4,9709.44,6953.44,7.11111,35,0.64
98.4,2,11,2,10038.5,4689.04,6.4,34,0.64
98.4,3,9,3,9519.6,5086.88,4.88889,33,0.64
98.9,1,10,4,9249.28,6274,6.375,35,0.64
98.9,2,11,2,10068.6,3945.52,6.1,34,0.64
98.9,3,9,3,10407.8,4637.52,6,34,0.64
99.4,1,9,4,10376.1,5576.96,6.88889,35,0.64
99.4,2,11,2,10374,3923.76,6.3,34,0.64
99.4,3,10,3,9275.6,6664.64,5.22222,33,0.64
99.9,1,10,5,8848.24,7737.2,6.1,34,0.64
99.9,2,11,2,10507.9,3977.36,6.3,34,0.64
99.9,3,9,3,11098.8,6036.56,6.25,34,0.64
100.4,1,9,5,10343.7,5769.6,6.3,35,0.64
100.4,2,11,2,10998.5,4274.4,6.4,34,0.64
100.4,3,10,2,9427.04,6401.04,5.5,33,0.64
100.9,1,10,5,9583.52,8340.96,6.7,35,0.64
100.9,2,11,3,11109.8,5559.12,6.4,34,0.64
100.9,3,9,3,9727.68,6323.76,5.625,33,0.64
101.4,1,10,5,9615.68,8089.28,6.7,35,0.64
101.4,2,11,3,11137.8,5549.84,6.4,34,0.64
101.4,3,9,3,9503.76,6286.4,5.625,33,0.64
101.9,1,10,5,9623.28,8044.16,6.11111,35,0.64
101.9,2,11,3,11189.5,5493.12,6.4,34,0.64
101.9,3,9,3,9640.24,6323.6,5.625,33,0.64
102.4,1,10,5,10207.9,8465.84,6.22222,35,0.64
102.4,2,11,4,10905,5450.48,6.4,34,0.64
102.4,3,9,3,9608.88,6359.68,5.75,33,0.64
102.9,1,9,5,9936.72,6962.08,6.375,35,0.64
102.9,2,11,4,10717,5333.76,6,34,0.64
102.9,3,10,2,9754.88,5611.68,6.25,34,0.64
103.4,1,10,4,8839.28,5727.68,5.875,34,0.64
103.4,2,11,4,12273.9,5009.68,6.6,34,0.64
103.4,3,9,3,10362.1,3897.28,5.33333,33,0.64
103.9,1,10,5,10122.7,5577.2,6.22222,35,0.64
103.9,2,11,4,10714.5,4903.84,6.4,34,0.64
103.9,3,9,3,9979.84,3829.76,5.75,33,0.64
104.4,1,10,6,9131.52,5627.12,6.11111,35,0.64
104.4,2,11,4,10597.3,4906.16,6.1,34,0.64
104.4,3,9,2,10979.8,3892.08,6.25,34,0.64
104.9,1,10,5,8843.28,5999.84,7.11111,35,0.64
104.9,2,11,4,10301,4150.88,6.1,34,0.64
104.9,3,9,2,11063.8,5956.64,6.125,34,0.64
105.4,1,9,5,10862.2,5183.68,6.5,35,0.64
105.4,2,11,4,10922.8,4157.12,6.3,34,0.64
105.4,3,10,3,9601.04,5932.64,5.44444,33,0.64
105.9,1,10,6,8922.96,7539.92,5.44444,34,0.64
105.9,2,11,4,11706.6,4719.2,6.6,34,0.64
105.9,3,9,2,10462.1,5346,5.875,33,0.64
106.4,1,10,6,9950.24,7832.8,6.22222,35,0.64
106.4,2,11,4,11175.9,4772.48,6.2,34,0.64
106.4,3,9,2,9962.96,5294.24,5.75,33,0.64
106.9,1,10,6,9989.6,7807.84,6.33333,35,0.64
106.9,2,11,4,11201,4766.64,6.2,34,0.64
106.9,3,9,2,10082.3,5393.84,5.875,33,0.64
107.4,1,10,6,9914.8,7782.64,6.33333,35,0.64
107.4,2,11,4,10891,4786.72,6.2,34,0.64
107.4,3,9,2,10187.2,5337.6,5.875,33,0.64
107.9,1,10,6,10104.8,7540.24,6.22222,35,0.64
107.9,2,11,4,11135.8,4771.68,6.2,34,0.64
107.9,3,9,2,9712.16,5306.16,5.875,33,0.64
108.4,1,10,6,9771.52,7540.32,6.22222,35,0.64
108.4,2,11,4,11087.8,4841.84,6.2,34,0.64
108.4,3,9,2,10139.4,5300.24,5.875,33,0.64
108.9,1,10,6,9870.72,7527.92,6.33333,35,0.64
108.9,2,11,4,11480.6,4628.08,6.2,34,0.64
108.9,3,9,2,10612.6,5300.24,5.875,33,0.64
109.4,1,10,6,10034.2,7636.24,6.33333,35,0.64
109.4,2,11,4,11484.5,4588.24,6.2,34,0.64
109.4,3,9,2,9706.72,5450.24,5.875,33,0.64
109.9,1,10,6,10118.1,7598.72,6.33333,35,0.64
109.9,2,11,4,11376,4657.84,6.2,34,0.64
109.9,3,9,2,10093.1,5429.28,5.875,33,0.64
110.4,1,10,6,10197.8,7673.76,6.33333,35,0.64
110.4,2,11,4,11401.3,4574.64,6.2,34,0.64
110.4,3,9,2,10078.4,5411.2,5.875,33,0.64
110.9,1,10,6,10134.6,7711.36,6.33333,35,0.64
110.9,2,11,4,11143,4649.36,6.2,34,0.64
110.9,3,9,2,10093.1,5648.8,5.875,33,0.64
111.4,1,10,6,10117.8,7636.24,6.33333,35,0.64
111.4,2,11,4,11339.8,4670.96,6.4,34,0.64
111.4,3,9,2,10138.6,5774.88,5.875,33,0.64
111.9,1,10,6,10215.1,7636.24,6.33333,35,0.64
111.9,2,11,4,11423.3,4552.48,6.4,34,0.64
111.9,3,9,2,9570.4,5849.84,6,33,0.64
112.4,1,10,6,10123,7598.72,6.33333,35,0.64
112.4,2,11,4,11368.8,4609.44,6.3,34,0.64
112.4,3,9,2,9859.76,5944.56,6,33,0.64
112.9,1,10,6,9795.92,7460.24,6.22222,35,0.64
112.9,2,11,4,11084.2,4514.24,6.3,34,0.64
112.9,3,9,2,9842.32,5719.44,6,33,0.64
113.4,1,10,6,9862.56,7535.28,6.22222,35,0.64
113.4,2,11,4,11139.1,4486.96,6.3,34,0.64
113.4,3,9,2,9827.6,5868,6,33,0.64
113.9,1,10,6,9793.36,7497.68,6.22222,35,0.64
113.9,2,11,4,11274.5,4579.52,6.3,34,0.64
113.9,3,9,2,9821.84,5962.56,6,33,0.64
114.4,1,10,6,10123.1,7460.16,6.22222,35,0.64
114.4,2,11,4,11299.9,4447.92,6.4,34,0.64
114.4,3,9,2,9352.96,5830.48,6,33,0.64
114.9,1,10,6,10161.3,7460.16,6.22222,35,0.64
114.9,2,11,5,11012.2,4517.12,6.4,34,0.64
114.9,3,9,2,9181.76,6034.4,6,33,0.64
115.4,1,10,6,10161.4,7460.24,6.22222,35,0.64
115.4,2,11,5,11210.2,4379.76,6.4,34,0.64
115.4,3,9,2,9161.36,6016.4,6.125,33,0.64
115.9,1,10,6,10090.1,7535.2,6.11111,35,0.64
115.9,2,11,5,11255,4308.48,6.4,34,0.64
115.9,3,9,2,9287.2,6034.4,6.125,33,0.64
116.4,1,10,6,10122.2,7535.2,6.11111,35,0.64
116.4,2,11,4,11449.7,4437.04,6.4,34,0.64
116.4,3,9,1,9336.48,6072,6.125,33,0.64
116.9,1,10,6,10122.2,7497.68,6.11111,35,0.64
116.9,2,11,4,11043.7,4328.64,6.4,34,0.64
116.9,3,9,1,9324.88,6072.08,6.25,33,0.64
117.4,1,10,6,10261.9,7442.64,6.11111,35,0.64
117.4,2,11,4,10808.2,4294.8,6.4,34,0.64
117.4,3,9,1,9146.56,6116.64,6.25,33,0.64
117.9,1,10,6,10261.8,7284.24,6.11111,35,0.64
117.9,2,11,4,11050.9,4380.08,6.3,34,0.64
117.9,3,9,1,9062.72,6063.12,6.25,33,0.64
118.4,1,10,6,10090.1,7476.72,6.11111,35,0.64
118.4,2,11,4,11161.3,4280.72,6.3,34,0.64
118.4,3,9,1,8784.64,6218.72,6.25,33,0.64
118.9,1,10,6,10011.2,7575.44,5.5,35,0.64
118.9,2,11,4,10894.5,4368.16,6.3,34,0.64
118.9,3,9,1,8815.12,6277.76,6.25,33,0.64
