time_s,step,cellId,cio_l2_change,max_cio_change,txp_raw_curr,txp_raw_prev,txp_raw_change,txp_dBm_curr,txp_dBm_prev,ue_count_prev,ue_count_curr,ue_count_change,reward_prev,reward_curr,reward_change,consecutive_stagnant_steps,cio_stagnant,txp_stagnant,is_stagnant
0.5,1001,1,-1,-1,0.951779,0.951779,-1,35.8071,35.8071,14,14,0,0.546957,0.546957,0,0,0,0,0
0.5,1001,2,-1,-1,0.821077,0.821077,-1,35.2843,35.2843,9,9,0,0.600064,0.600064,0,0,0,0,0
0.5,1001,3,-1,-1,0.652272,0.652272,-1,34.6091,34.6091,7,7,0,0.722091,0.722091,0,0,0,0,0
0.6,1002,1,0.0141309,0.0141309,0.952433,0.951779,0.000653923,35.8097,35.8071,14,14,0,0.546957,0.581861,0.034904,0,1,1,0
0.6,1002,2,0.0136514,0.0136514,0.818226,0.821077,0.00285101,35.2729,35.2843,9,9,0,0.600064,0.640872,0.040808,0,1,1,0
0.6,1002,3,0.0197814,0.0197814,0.652187,0.652272,8.5175e-05,34.6087,34.6091,7,7,0,0.722091,0.675059,0.047032,0,1,1,0
0.7,1003,1,0.00524632,0.00524632,0.9527,0.952433,0.000267863,35.8108,35.8097,14,14,0,0.581861,0.592661,0.0108,0,1,1,0
0.7,1003,2,0.00339779,0.00339779,0.817589,0.818226,0.000637352,35.2704,35.2729,9,9,0,0.640872,0.649944,0.009072,0,1,1,1
0.7,1003,3,0.00464374,0.00464374,0.6522,0.652187,1.3411e-05,34.6088,34.6087,7,7,0,0.675059,0.663995,0.011064,0,1,1,0
0.8,1004,1,0.00778896,0.00778896,0.952302,0.9527,0.000398219,35.8092,35.8108,14,14,0,0.592661,0.576629,0.016032,0,1,1,0
0.8,1004,2,0.00105448,0.00105448,0.817787,0.817589,0.000198007,35.2711,35.2704,9,9,0,0.649944,0.647128,0.002816,0,1,1,1
0.8,1004,3,0.00432292,0.00432292,0.652213,0.6522,1.24574e-05,34.6089,34.6088,7,7,0,0.663995,0.653675,0.01032,0,1,1,0
0.9,1005,1,0.00238771,0.00238771,0.952179,0.952302,0.000122666,35.8087,35.8092,14,14,0,0.576629,0.571717,0.004912,0,1,1,1
0.9,1005,2,0.000883766,0.000883766,0.817621,0.817787,0.00016588,35.2705,35.2711,9,9,0,0.647128,0.649488,0.00236,0,1,1,1
0.9,1005,3,0.00229107,0.00229107,0.652206,0.652213,6.61612e-06,34.6088,34.6089,7,7,0,0.653675,0.659147,0.005472,0,1,1,1
1,1006,1,0.00610049,0.00610049,0.952492,0.952179,0.000312865,35.81,35.8087,14,14,0,0.571717,0.584269,0.012552,1,1,1,0
1,1006,2,0.000595674,0.000595674,0.817555,0.817621,6.64592e-05,35.2702,35.2705,9,9,0,0.649488,0.651992,0.002504,1,1,1,1
1,1006,3,0,0,0.652206,0.652206,0,34.6088,34.6088,7,7,0,0.659147,0.659147,0,1,1,1,1
1.1,1007,1,0.00442822,0.00442822,0.952265,0.952492,0.000226915,35.8091,35.81,14,14,0,0.584269,0.575157,0.009112,0,1,1,1
1.1,1007,2,0.00120237,0.00120237,0.817472,0.817555,8.21948e-05,35.2699,35.2702,9,9,0,0.651992,0.658088,0.006096,0,1,1,1
1.1,1007,3,3.33786e-06,3.33786e-06,0.652206,0.652206,5.96046e-08,34.6088,34.6088,7,7,0,0.659147,0.659139,8e-06,0,1,1,1
1.2,1008,1,0.000307165,0.000307165,0.95225,0.952265,1.57952e-05,35.809,35.8091,14,14,0,0.575157,0.574525,0.000632,1,1,1,1
1.2,1008,2,6.00219e-05,6.00219e-05,0.817468,0.817472,4.11272e-06,35.2699,35.2699,9,9,0,0.658088,0.658392,0.000304,1,1,1,1
1.2,1008,3,0.00135769,0.00135769,0.652202,0.652206,3.99351e-06,34.6088,34.6088,7,7,0,0.659139,0.662379,0.00324,1,1,1,1
1.3,1009,1,0.0063054,0.0063054,0.952573,0.95225,0.000322938,35.8103,35.809,14,14,0,0.574525,0.587501,0.012976,2,1,1,0
1.3,1009,2,8.99434e-05,8.99434e-05,0.817475,0.817468,6.19888e-06,35.2699,35.2699,9,9,0,0.658392,0.657936,0.000456,2,1,1,1
1.3,1009,3,0.00135435,0.00135435,0.652206,0.652202,3.93391e-06,34.6088,34.6088,7,7,0,0.662379,0.659147,0.003232,2,1,1,1
1.4,1010,1,0.00529044,0.00529044,0.952302,0.952573,0.000270784,35.8092,35.8103,14,14,0,0.587501,0.576613,0.010888,0,1,1,0
1.4,1010,2,0.000468649,0.000468649,0.817507,0.817475,3.20077e-05,35.27,35.2699,9,9,0,0.657936,0.65556,0.002376,0,1,1,1
1.4,1010,3,0.00230691,0.00230691,0.6522,0.652206,6.55651e-06,34.6088,34.6088,7,7,0,0.659147,0.664651,0.005504,0,1,1,1
1.5,1011,1,0.000412282,0.000412282,0.952281,0.952302,2.11596e-05,35.8091,35.8092,14,14,0,0.576613,0.575765,0.000848,0,1,1,1
1.5,1011,2,0.000498571,0.000498571,0.817472,0.817507,3.40939e-05,35.2699,35.27,9,9,0,0.65556,0.658088,0.002528,0,1,1,1
1.5,1011,3,0.000959247,0.000959247,0.652202,0.6522,2.6226e-06,34.6088,34.6088,7,7,0,0.664651,0.662363,0.002288,0,1,1,1
1.6,1012,1,0.00217731,0.00217731,0.952392,0.952281,0.000111639,35.8096,35.8091,14,14,0,0.575765,0.580245,0.00448,1,1,1,1
1.6,1012,2,0.00049223,0.00049223,0.817506,0.817472,3.36766e-05,35.27,35.2699,9,9,0,0.658088,0.655592,0.002496,1,1,1,1
1.6,1012,3,0.00134766,0.00134766,0.652206,0.652202,3.93391e-06,34.6088,34.6088,7,7,0,0.662363,0.659147,0.003216,1,1,1,1
1.7,1013,1,0.00247283,0.00247283,0.952265,0.952392,0.000126839,35.8091,35.8096,14,14,0,0.580245,0.575157,0.005088,2,1,1,1
1.7,1013,2,0.000115149,0.000115149,0.817498,0.817506,7.86781e-06,35.27,35.27,9,9,0,0.655592,0.656176,0.000584,2,1,1,1
1.7,1013,3,0,0,0.652206,0.652206,0,34.6088,34.6088,7,7,0,0.659147,0.659147,0,2,1,1,1
1.8,1014,1,0.00321547,0.00321547,0.95243,0.952265,0.000164866,35.8097,35.8091,14,14,0,0.575157,0.581773,0.006616,3,1,1,1
1.8,1014,2,0.000377081,0.000377081,0.817472,0.817498,2.58088e-05,35.2699,35.27,9,9,0,0.656176,0.658088,0.001912,3,1,1,1
1.8,1014,3,3.42727e-06,3.42727e-06,0.652206,0.652206,0,34.6088,34.6088,7,7,0,0.659147,0.659155,8e-06,3,1,1,1
1.9,1015,1,0.000738688,0.000738688,0.952392,0.95243,3.78489e-05,35.8096,35.8097,14,14,0,0.581773,0.580253,0.00152,4,1,1,1
1.9,1015,2,0.00049223,0.00049223,0.817506,0.817472,3.36766e-05,35.27,35.2699,9,9,0,0.658088,0.655592,0.002496,4,1,1,1
1.9,1015,3,0,0,0.652206,0.652206,0,34.6088,34.6088,7,7,0,0.659155,0.659155,0,4,1,1,1
2,1016,1,0.000738688,0.000738688,0.95243,0.952392,3.78489e-05,35.8097,35.8096,14,14,0,0.580253,0.581773,0.00152,5,1,1,1
2,1016,2,0.0019137,0.0019137,0.817375,0.817506,0.000130892,35.2695,35.27,9,9,0,0.655592,0.665296,0.009704,5,1,1,1
2,1016,3,1.34706e-05,1.34706e-05,0.652206,0.652206,5.96046e-08,34.6088,34.6088,7,7,0,0.659155,0.659123,3.2e-05,5,1,1,1
2.1,1017,1,0.00543227,0.00543227,0.952152,0.95243,0.000278771,35.8086,35.8097,14,14,0,0.581773,0.570597,0.011176,6,1,1,0
2.1,1017,2,0.00370788,0.00370788,0.817713,0.817375,0.000337541,35.2709,35.2695,9,9,0,0.665296,0.648184,0.017112,6,1,1,0
2.1,1017,3,0.00365593,0.00365593,0.652196,0.652206,1.06096e-05,34.6088,34.6088,7,7,0,0.659123,0.667843,0.00872,6,1,1,1
2.2,1018,1,0.0046975,0.0046975,0.952393,0.952152,0.00024116,35.8096,35.8086,14,14,0,0.570597,0.580261,0.009664,0,1,1,1
2.2,1018,2,0.00194249,0.00194249,0.817496,0.817713,0.000216842,35.27,35.2709,9,9,0,0.648184,0.656344,0.00816,0,1,1,1
2.2,1018,3,0.00365593,0.00365593,0.652206,0.652196,1.06096e-05,34.6088,34.6088,7,7,0,0.667843,0.659123,0.00872,0,1,1,1
2.3,1019,1,1.54451e-05,1.54451e-05,0.952393,0.952393,7.7486e-07,35.8096,35.8096,14,14,0,0.580261,0.580293,3.2e-05,1,1,1,1
2.3,1019,2,0.000751056,0.000751056,0.817445,0.817496,5.13196e-05,35.2698,35.27,9,9,0,0.656344,0.660152,0.003808,1,1,1,1
2.3,1019,3,0,0,0.652206,0.652206,0,34.6088,34.6088,7,7,0,0.659123,0.659123,0,1,1,1,1
2.4,1020,1,0.00129449,0.00129449,0.95246,0.952393,6.62804e-05,35.8098,35.8096,14,14,0,0.580293,0.582957,0.002664,2,1,1,1
2.4,1020,2,0.000111975,0.000111975,0.817437,0.817445,7.689e-06,35.2697,35.2698,9,9,0,0.660152,0.66072,0.000568,2,1,1,1
2.4,1020,3,3.35276e-06,3.35276e-06,0.652206,0.652206,5.96046e-08,34.6088,34.6088,7,7,0,0.659123,0.659131,8e-06,2,1,1,1
2.5,1021,1,0.00602689,0.00602689,0.952151,0.95246,0.000309229,35.8086,35.8098,14,14,0,0.582957,0.570557,0.0124,3,1,1,0
2.5,1021,2,0.00156996,0.00156996,0.817544,0.817437,0.000107348,35.2702,35.2697,9,9,0,0.66072,0.65276,0.00796,3,1,1,1
2.5,1021,3,0,0,0.652206,0.652206,0,34.6088,34.6088,7,7,0,0.659131,0.659131,0,3,1,1,1
2.6,1022,1,0.00150155,0.00150155,0.952073,0.952151,7.73072e-05,35.8083,35.8086,14,14,0,0.570557,0.567469,0.003088,0,1,1,1
2.6,1022,2,0.00134436,0.00134436,0.817452,0.817544,9.18508e-05,35.2698,35.2702,9,9,0,0.65276,0.659576,0.006816,0,1,1,1
2.6,1022,3,0.00134765,0.00134765,0.652202,0.652206,3.8743e-06,34.6088,34.6088,7,7,0,0.659131,0.662347,0.003216,0,1,1,1
2.7,1023,1,0.00176635,0.00176635,0.951982,0.952073,9.11355e-05,35.8079,35.8083,14,14,0,0.567469,0.563837,0.003632,1,1,1,1
2.7,1023,2,0.000493847,0.000493847,0.817419,0.817452,3.38554e-05,35.2697,35.2698,9,9,0,0.659576,0.66208,0.002504,1,1,1,1
2.7,1023,3,0.001351,0.001351,0.652206,0.652202,3.93391e-06,34.6088,34.6088,7,7,0,0.662347,0.659123,0.003224,1,1,1,1
2.8,1024,1,0.00285658,0.00285658,0.951856,0.951982,0.000126183,35.8074,35.8079,14,14,0,0.563837,0.556277,0.00756,2,1,1,1
2.8,1024,2,0.00154785,0.00154785,0.817524,0.817419,0.000105917,35.2701,35.2697,9,9,0,0.66208,0.654232,0.007848,2,1,1,1
2.8,1024,3,0.00230688,0.00230688,0.6522,0.652206,6.67572e-06,34.6088,34.6088,7,7,0,0.659123,0.664627,0.005504,2,1,1,1
2.9,1025,1,0.00461519,0.00461519,0.952073,0.951856,0.000216901,35.8083,35.8074,14,14,0,0.556277,0.567453,0.011176,3,1,1,0
2.9,1025,2,0.00101059,0.00101059,0.817616,0.817524,9.15527e-05,35.2705,35.2701,9,9,0,0.654232,0.64956,0.004672,3,1,1,1
2.9,1025,3,0.000959262,0.000959262,0.652202,0.6522,2.74181e-06,34.6088,34.6088,7,7,0,0.664627,0.662339,0.002288,3,1,1,1
3,1026,1,0.00776128,0.00776128,0.951759,0.952073,0.000313759,35.807,35.8083,14,14,0,0.567453,0.544605,0.022848,0,1,1,0
3,1026,2,0.00177108,0.00177108,0.817472,0.817616,0.000143588,35.2699,35.2705,9,9,0,0.64956,0.658088,0.008528,0,1,1,1
3,1026,3,0.00134762,0.00134762,0.652206,0.652202,3.93391e-06,34.6088,34.6088,7,7,0,0.662339,0.659123,0.003216,0,1,1,1
3.1,1027,1,0.00856645,0.00856645,0.952114,0.951759,0.000355244,35.8085,35.807,14,14,0,0.544605,0.569109,0.024504,0,1,1,0
3.1,1027,2,0.00171173,0.00171173,0.817355,0.817472,0.000117064,35.2694,35.2699,9,9,0,0.658088,0.666768,0.00868,0,1,1,1
3.1,1027,3,3.35276e-06,3.35276e-06,0.652206,0.652206,5.96046e-08,34.6088,34.6088,7,7,0,0.659123,0.659131,8e-06,0,1,1,1
3.2,1028,1,0.00652652,0.00652652,0.951822,0.952114,0.00029242,35.8073,35.8085,14,14,0,0.569109,0.552173,0.016936,0,1,1,0
3.2,1028,2,0.00276257,0.00276257,0.817544,0.817355,0.000188887,35.2702,35.2694,9,9,0,0.666768,0.65276,0.014008,0,1,1,0
3.2,1028,3,0,0,0.652206,0.652206,0,34.6088,34.6088,7,7,0,0.659131,0.659131,0,0,1,1,1
3.3,1029,1,0.000558462,0.000558462,0.951839,0.951822,1.71661e-05,35.8074,35.8073,14,14,0,0.552173,0.554245,0.002072,0,1,1,1
3.3,1029,2,0.000706926,0.000706926,0.817496,0.817544,4.83394e-05,35.27,35.2702,9,9,0,0.65276,0.656344,0.003584,0,1,1,1
3.3,1029,3,0,0,0.652206,0.652206,0,34.6088,34.6088,7,7,0,0.659131,0.659131,0,0,1,1,1
3.4,1030,1,0.000422478,0.000422478,0.951852,0.951839,1.29938e-05,35.8074,35.8074,14,14,0,0.554245,0.555813,0.001568,1,1,1,1
3.4,1030,2,0.00176539,0.00176539,0.817375,0.817496,0.000120699,35.2695,35.27,9,9,0,0.656344,0.665296,0.008952,1,1,1,1
3.4,1030,3,3.35276e-06,3.35276e-06,0.652206,0.652206,5.96046e-08,34.6088,34.6088,7,7,0,0.659131,0.659123,8e-06,1,1,1,1
3.5,1031,1,0.000974454,0.000974454,0.951822,0.951852,2.99811e-05,35.8073,35.8074,14,14,0,0.555813,0.552197,0.003616,2,1,1,1
3.5,1031,2,0.00191685,0.00191685,0.817506,0.817375,0.000131071,35.27,35.2695,9,9,0,0.665296,0.655576,0.00972,2,1,1,1
3.5,1031,3,0.00365593,0.00365593,0.652196,0.652206,1.06096e-05,34.6088,34.6088,7,7,0,0.659123,0.667843,0.00872,2,1,1,1
3.6,1032,1,0.000146568,0.000146568,0.951827,0.951822,4.52995e-06,35.8073,35.8073,14,14,0,0.552197,0.552741,0.000544,3,1,1,1
3.6,1032,2,0.00177903,0.00177903,0.817711,0.817506,0.000204206,35.2708,35.27,9,9,0,0.655576,0.648216,0.00736,3,1,1,1
3.6,1032,3,0.00365593,0.00365593,0.652206,0.652196,1.06096e-05,34.6088,34.6088,7,7,0,0.667843,0.659123,0.00872,3,1,1,1
3.7,1033,1,0.00416381,0.00416381,0.952,0.951827,0.000173807,35.808,35.8073,14,14,0,0.552741,0.564565,0.011824,4,1,1,0
3.7,1033,2,0.0022744,0.0022744,0.817472,0.817711,0.000238061,35.2699,35.2708,9,9,0,0.648216,0.658088,0.009872,4,1,1,1
3.7,1033,3,0,0,0.652206,0.652206,0,34.6088,34.6088,7,7,0,0.659123,0.659123,0,4,1,1,1
3.8,1034,1,0.00504136,0.00504136,0.9518,0.952,0.000200868,35.8072,35.808,14,14,0,0.564565,0.549485,0.01508,0,1,1,0
3.8,1034,2,0.00107766,0.00107766,0.817399,0.817472,7.36713e-05,35.2696,35.2699,9,9,0,0.658088,0.663552,0.005464,0,1,1,1
3.8,1034,3,3.35276e-06,3.35276e-06,0.652206,0.652206,5.96046e-08,34.6088,34.6088,7,7,0,0.659123,0.659131,8e-06,0,1,1,1
3.9,1035,1,0.00267136,0.00267136,0.951882,0.9518,8.21948e-05,35.8075,35.8072,14,14,0,0.549485,0.559397,0.009912,0,1,1,1
3.9,1035,2,0.00213166,0.00213166,0.817545,0.817399,0.000145793,35.2702,35.2696,9,9,0,0.663552,0.652744,0.010808,0,1,1,0
3.9,1035,3,0,0,0.652206,0.652206,0,34.6088,34.6088,7,7,0,0.659131,0.659131,0,0,1,1,1
4,1036,1,0.000447698,0.000447698,0.951901,0.951882,1.93715e-05,35.8076,35.8075,14,14,0,0.559397,0.560613,0.001216,0,1,1,1
4,1036,2,0.000149943,0.000149943,0.817534,0.817545,1.0252e-05,35.2701,35.2702,9,9,0,0.652744,0.653504,0.00076,0,1,1,1
4,1036,3,0.00134765,0.00134765,0.652202,0.652206,3.8743e-06,34.6088,34.6088,7,7,0,0.659131,0.662347,0.003216,0,1,1,1
4.1,1037,1,0.00453663,0.00453663,0.952135,0.951901,0.000234008,35.8085,35.8076,14,14,0,0.560613,0.569941,0.009328,1,1,1,1
4.1,1037,2,0.00130486,0.00130486,0.817445,0.817534,8.92878e-05,35.2698,35.2701,9,9,0,0.653504,0.66012,0.006616,1,1,1,1
4.1,1037,3,0.00095588,0.00095588,0.6522,0.652202,2.74181e-06,34.6088,34.6088,7,7,0,0.662347,0.664627,0.00228,1,1,1,1
4.2,1038,1,0.0108263,0.0108263,0.952689,0.952135,0.000554383,35.8108,35.8085,14,14,0,0.569941,0.592221,0.02228,2,1,1,0
4.2,1038,2,0.000668921,0.000668921,0.817399,0.817445,4.57764e-05,35.2696,35.2698,9,9,0,0.66012,0.663512,0.003392,2,1,1,1
4.2,1038,3,0.00230688,0.00230688,0.652206,0.6522,6.67572e-06,34.6088,34.6088,7,7,0,0.664627,0.659123,0.005504,2,1,1,1
4.3,1039,1,0.00168998,0.00168998,0.952603,0.952689,8.61287e-05,35.8104,35.8108,14,14,0,0.592221,0.588741,0.00348,0,1,1,1
4.3,1039,2,0.00335012,0.00335012,0.817712,0.817399,0.000312448,35.2708,35.2696,9,9,0,0.663512,0.6482,0.015312,0,1,1,0
4.3,1039,3,0,0,0.652206,0.652206,0,34.6088,34.6088,7,7,0,0.659123,0.659123,0,0,1,1,1
4.4,1040,1,0.00354298,0.00354298,0.95272,0.952603,0.000116229,35.8109,35.8104,14,14,0,0.588741,0.598493,0.009752,0,1,1,1
4.4,1040,2,0.00227728,0.00227728,0.817473,0.817712,0.000239074,35.2699,35.2708,9,9,0,0.6482,0.658072,0.009872,0,1,1,1
4.4,1040,3,0.001351,0.001351,0.652202,0.652206,3.93391e-06,34.6088,34.6088,7,7,0,0.659123,0.662347,0.003224,0,1,1,1
4.5,1041,1,0.000564873,0.000564873,0.952715,0.95272,4.35114e-06,35.8109,35.8109,14,14,0,0.598493,0.600925,0.002432,1,1,1,1
4.5,1041,2,0.000495449,0.000495449,0.817507,0.817473,3.3915e-05,35.27,35.2699,9,9,0,0.658072,0.65556,0.002512,1,1,1,1
4.5,1041,3,0.0190843,0.0190843,0.652218,0.652202,1.54972e-05,34.6089,34.6088,7,7,0,0.662347,0.707963,0.045616,1,1,1,0
4.6,1042,1,0.0100318,0.0100318,0.9523,0.952715,0.000415027,35.8092,35.8109,14,14,0,0.600925,0.576549,0.024376,0,1,1,0
4.6,1042,2,0.0110002,0.0110002,0.819583,0.817507,0.00207627,35.2783,35.27,9,9,0,0.65556,0.621784,0.033776,0,1,1,0
4.6,1042,3,0.00590707,0.00590707,0.652176,0.652218,4.17829e-05,34.6087,34.6089,7,7,0,0.707963,0.693739,0.014224,0,1,1,0
4.7,1043,1,0.00387204,0.00387204,0.952498,0.9523,0.000198305,35.81,35.8092,14,14,0,0.576549,0.584517,0.007968,0,1,1,1
4.7,1043,2,0.00343803,0.00343803,0.818828,0.819583,0.000754654,35.2753,35.2783,9,9,0,0.621784,0.632352,0.010568,0,1,1,0
4.7,1043,3,0.00101893,0.00101893,0.652183,0.652176,7.21216e-06,34.6087,34.6087,7,7,0,0.693739,0.696195,0.002456,0,1,1,1
4.8,1044,1,0.00119713,0.00119713,0.952437,0.952498,6.1214e-05,35.8097,35.81,14,14,0,0.584517,0.582053,0.002464,0,1,1,1
4.8,1044,2,0.00200378,0.00200378,0.819268,0.818828,0.00044018,35.2771,35.2753,9,9,0,0.632352,0.626192,0.00616,0,1,1,1
4.8,1044,3,0.0036245,0.0036245,0.652209,0.652183,2.563e-05,34.6088,34.6087,7,7,0,0.696195,0.704923,0.008728,0,1,1,1
4.9,1045,1,0.00753178,0.00753178,0.952714,0.952437,0.000276566,35.8109,35.8097,14,14,0,0.582053,0.601677,0.019624,1,1,1,0
4.9,1045,2,0.00405098,0.00405098,0.820155,0.819268,0.000886738,35.2806,35.2771,9,9,0,0.626192,0.613744,0.012448,1,1,1,0
4.9,1045,3,0.00464678,0.00464678,0.652176,0.652209,3.28422e-05,34.6087,34.6088,7,7,0,0.704923,0.693731,0.011192,1,1,1,0
5,1046,1,0.00271306,0.00271306,0.952683,0.952714,3.05176e-05,35.8107,35.8109,14,14,0,0.601677,0.591973,0.009704,0,1,1,1
5,1046,2,3.64184e-05,3.64184e-05,0.820163,0.820155,7.98702e-06,35.2807,35.2806,9,9,0,0.613744,0.613632,0.000112,0,1,1,1
5,1046,3,0.0010256,0.0010256,0.652183,0.652176,7.27177e-06,34.6087,34.6087,7,7,0,0.693731,0.696203,0.002472,0,1,1,1
5.1,1047,1,0.000563372,0.000563372,0.952655,0.952683,2.86698e-05,35.8106,35.8107,14,14,0,0.591973,0.590813,0.00116,1,1,1,1
5.1,1047,2,0.000851534,0.000851534,0.819977,0.820163,0.000186026,35.2799,35.2807,9,9,0,0.613632,0.616248,0.002616,1,1,1,1
5.1,1047,3,0.00362785,0.00362785,0.652209,0.652183,2.563e-05,34.6088,34.6087,7,7,0,0.696203,0.704939,0.008736,1,1,1,1
5.2,1048,1,0.00301061,0.00301061,0.952716,0.952655,6.1214e-05,35.8109,35.8106,14,14,0,0.590813,0.600533,0.00972,2,1,1,1
5.2,1048,2,0.00234126,0.00234126,0.820488,0.819977,0.000510931,35.282,35.2799,9,9,0,0.616248,0.609056,0.007192,2,1,1,1
5.2,1048,3,0.00830762,0.00830762,0.652175,0.652209,3.3915e-05,34.6087,34.6088,7,7,0,0.704939,0.685011,0.019928,2,1,1,0
5.3,1049,1,0.000576183,0.000576183,0.95272,0.952716,4.52995e-06,35.8109,35.8109,14,14,0,0.600533,0.598053,0.00248,0,1,1,1
5.3,1049,2,0.000385478,0.000385478,0.820404,0.820488,8.39829e-05,35.2816,35.282,9,9,0,0.609056,0.61024,0.001184,0,1,1,1
5.3,1049,3,0.00830427,0.00830427,0.652209,0.652175,3.3915e-05,34.6088,34.6087,7,7,0,0.685011,0.704931,0.01992,0,1,1,0
5.4,1050,1,0.000397734,0.000397734,0.952717,0.95272,3.09944e-06,35.8109,35.8109,14,14,0,0.598053,0.599765,0.001712,0,1,1,1
5.4,1050,2,0.000223964,0.000223964,0.820355,0.820404,4.88758e-05,35.2814,35.2816,9,9,0,0.61024,0.610928,0.000688,0,1,1,1
5.4,1050,3,0.00465673,0.00465673,0.652176,0.652209,3.29614e-05,34.6087,34.6088,7,7,0,0.704931,0.693715,0.011216,0,1,1,0
5.5,1051,1,0.0010259,0.0010259,0.952725,0.952717,7.98702e-06,35.8109,35.8109,14,14,0,0.599765,0.595349,0.004416,0,1,1,1
5.5,1051,2,0.00178903,0.00178903,0.819964,0.820355,0.000390649,35.2799,35.2814,9,9,0,0.610928,0.616424,0.005496,0,1,1,1
5.5,1051,3,0.00103223,0.00103223,0.652183,0.652176,7.33137e-06,34.6087,34.6087,7,7,0,0.693715,0.696203,0.002488,0,1,1,1
5.6,1052,1,0.00120435,0.00120435,0.952716,0.952725,9.41753e-06,35.8109,35.8109,14,14,0,0.595349,0.600533,0.005184,1,1,1,1
5.6,1052,2,5.46351e-05,5.46351e-05,0.819976,0.819964,1.19805e-05,35.2799,35.2799,9,9,0,0.616424,0.616256,0.000168,1,1,1,1
5.6,1052,3,0.00362118,0.00362118,0.652209,0.652183,2.55704e-05,34.6088,34.6087,7,7,0,0.696203,0.704923,0.00872,1,1,1,1
5.7,1053,1,0.00301061,0.00301061,0.952655,0.952716,6.1214e-05,35.8106,35.8109,14,14,0,0.600533,0.590813,0.00972,2,1,1,1
5.7,1053,2,0.00233864,0.00233864,0.820487,0.819976,0.000510395,35.2819,35.2799,9,9,0,0.616256,0.609072,0.007184,2,1,1,1
5.7,1053,3,0.00694355,0.00694355,0.652171,0.652209,3.77893e-05,34.6087,34.6088,7,7,0,0.704923,0.688235,0.016688,2,1,1,0
5.8,1054,1,0.00451387,0.00451387,0.952704,0.952655,4.95315e-05,35.8108,35.8106,14,14,0,0.590813,0.607005,0.016192,0,1,1,0
5.8,1054,2,0.00233343,0.00233343,0.819978,0.820487,0.000509202,35.2799,35.2819,9,9,0,0.609072,0.61624,0.007168,0,1,1,1
5.8,1054,3,0.0143513,0.0143513,0.652273,0.652171,0.000102282,34.6091,34.6087,7,7,0,0.688235,0.722347,0.034112,0,1,1,0
5.9,1055,1,0.00582334,0.00582334,0.952588,0.952704,0.000116348,35.8104,35.8108,14,14,0,0.607005,0.588117,0.018888,0,1,1,0
5.9,1055,2,0.00321654,0.00321654,0.820679,0.819978,0.000701547,35.2827,35.2799,9,9,0,0.61624,0.60636,0.00988,0,1,1,1
5.9,1055,3,0.00217266,0.00217266,0.652297,0.652273,2.37823e-05,34.6092,34.6091,7,7,0,0.722347,0.727299,0.004952,0,1,1,1
6,1056,1,0.00431634,0.00431634,0.952716,0.952588,0.00012809,35.8109,35.8104,14,14,0,0.588117,0.600517,0.0124,0,1,1,0
6,1056,2,0.00280245,0.00280245,0.820068,0.820679,0.000611126,35.2803,35.2827,9,9,0,0.60636,0.614968,0.008608,0,1,1,1
6,1056,3,0.00285324,0.00285324,0.652266,0.652297,3.11732e-05,34.6091,34.6092,7,7,0,0.727299,0.720795,0.006504,0,1,1,1
6.1,1057,1,0.00157728,0.00157728,0.952727,0.952716,1.15633e-05,35.8109,35.8109,14,14,0,0.600517,0.593757,0.00676,0,1,1,1
6.1,1057,2,0.000419296,0.000419296,0.819976,0.820068,9.16123e-05,35.2799,35.2803,9,9,0,0.614968,0.616256,0.001288,0,1,1,1
6.1,1057,3,0.00615613,0.00615613,0.652333,0.652266,6.7234e-05,34.6093,34.6091,7,7,0,0.720795,0.734819,0.014024,0,1,1,0
6.2,1058,1,0.00657657,0.00657657,0.952677,0.952727,5.06043e-05,35.8107,35.8109,14,14,0,0.593757,0.622045,0.028288,0,1,1,0
6.2,1058,2,0.00234383,0.00234383,0.820488,0.819976,0.000511527,35.282,35.2799,9,9,0,0.616256,0.609056,0.0072,0,1,1,1
6.2,1058,3,0.00111125,0.00111125,0.652345,0.652333,1.21593e-05,34.6094,34.6093,7,7,0,0.734819,0.737347,0.002528,0,1,1,1
6.3,1059,1,0.00489897,0.00489897,0.952715,0.952677,3.82662e-05,35.8109,35.8107,14,14,0,0.622045,0.600949,0.021096,0,1,1,0
6.3,1059,2,0.00234383,0.00234383,0.819976,0.820488,0.000511527,35.2799,35.282,9,9,0,0.609056,0.616256,0.0072,0,1,1,1
6.3,1059,3,0.0225379,0.0225379,0.652176,0.652345,0.000169694,34.6087,34.6094,7,7,0,0.737347,0.684435,0.052912,0,0,1,0
6.4,1060,1,0.00398147,0.00398147,0.952684,0.952715,3.1054e-05,35.8107,35.8109,14,14,0,0.600949,0.618093,0.017144,0,1,1,0
6.4,1060,2,0.000859335,0.000859335,0.820164,0.819976,0.000187755,35.2807,35.2799,9,9,0,0.616256,0.613616,0.00264,0,1,1,1
6.4,1060,3,0.0052641,0.0052641,0.652186,0.652176,1.00136e-05,34.6087,34.6087,7,7,0,0.684435,0.697027,0.012592,0,1,1,0
6.5,1061,1,0.00225894,0.00225894,0.952702,0.952684,1.75834e-05,35.8108,35.8107,14,14,0,0.618093,0.608365,0.009728,0,1,1,1
6.5,1061,2,0.000625066,0.000625066,0.820301,0.820164,0.000136375,35.2812,35.2807,9,9,0,0.613616,0.611696,0.00192,0,1,1,1
6.5,1061,3,0.000611037,0.000611037,0.65219,0.652186,4.35114e-06,34.6088,34.6087,7,7,0,0.697027,0.698499,0.001472,0,1,1,1
6.6,1062,1,0.000256404,0.000256404,0.952704,0.952702,2.02656e-06,35.8108,35.8108,14,14,0,0.608365,0.607261,0.001104,1,1,1,1
6.6,1062,2,0.000249989,0.000249989,0.820355,0.820301,5.45382e-05,35.2814,35.2812,9,9,0,0.611696,0.610928,0.000768,1,1,1,1
6.6,1062,3,0.000607714,0.000607714,0.652186,0.65219,4.35114e-06,34.6087,34.6088,7,7,0,0.698499,0.697035,0.001464,1,1,1,1
6.7,1063,1,0.000208125,0.000208125,0.952702,0.952704,1.60933e-06,35.8108,35.8108,14,14,0,0.607261,0.608157,0.000896,2,1,1,1
6.7,1063,2,0.00131772,0.00131772,0.820067,0.820355,0.000287652,35.2803,35.2814,9,9,0,0.610928,0.614976,0.004048,2,1,1,1
6.7,1063,3,0.00189175,0.00189175,0.652172,0.652186,1.32918e-05,34.6087,34.6087,7,7,0,0.697035,0.692475,0.00456,2,1,1,1
6.8,1064,1,0.00172953,0.00172953,0.952689,0.952702,1.35303e-05,35.8108,35.8108,14,14,0,0.608157,0.615605,0.007448,3,1,1,1
6.8,1064,2,0.00107037,0.00107037,0.820301,0.820067,0.00023365,35.2812,35.2803,9,9,0,0.614976,0.611688,0.003288,3,1,1,1
6.8,1064,3,0.00143561,0.00143561,0.65217,0.652172,2.26498e-06,34.6087,34.6087,7,7,0,0.692475,0.689043,0.003432,3,1,1,1
6.9,1065,1,0.000837736,0.000837736,0.952695,0.952689,6.55651e-06,35.8108,35.8108,14,14,0,0.615605,0.611997,0.003608,4,1,1,1
6.9,1065,2,0.000627697,0.000627697,0.820164,0.820301,0.000136912,35.2807,35.2812,9,9,0,0.611688,0.613616,0.001928,4,1,1,1
6.9,1065,3,0.00227508,0.00227508,0.652178,0.65217,8.16584e-06,34.6087,34.6087,7,7,0,0.689043,0.694499,0.005456,4,1,1,1
7,1066,1,0.000341706,0.000341706,0.952692,0.952695,2.68221e-06,35.8108,35.8108,14,14,0,0.611997,0.613469,0.001472,5,1,1,1
7,1066,2,0.000625066,0.000625066,0.820301,0.820164,0.000136375,35.2812,35.2807,9,9,0,0.613616,0.611696,0.00192,5,1,1,1
7,1066,3,0.00104895,0.00104895,0.652186,0.652178,7.39098e-06,34.6087,34.6087,7,7,0,0.694499,0.697027,0.002528,5,1,1,1
7.1,1067,1,0.00118341,0.00118341,0.952702,0.952692,9.23872e-06,35.8108,35.8108,14,14,0,0.613469,0.608373,0.005096,6,1,1,1
7.1,1067,2,0.000244781,0.000244781,0.820354,0.820301,5.34058e-05,35.2814,35.2812,9,9,0,0.611696,0.610944,0.000752,6,1,1,1
7.1,1067,3,0.000611037,0.000611037,0.65219,0.652186,4.35114e-06,34.6088,34.6087,7,7,0,0.697027,0.698499,0.001472,6,1,1,1
7.2,1068,1,0.00252459,0.00252459,0.952682,0.952702,1.96695e-05,35.8107,35.8108,14,14,0,0.608373,0.619245,0.010872,7,1,1,0
7.2,1068,2,0.00178646,0.00178646,0.819964,0.820354,0.000390053,35.2799,35.2814,9,9,0,0.610944,0.616432,0.005488,7,1,1,1
7.2,1068,3,0.00250272,0.00250272,0.652172,0.65219,1.77026e-05,34.6087,34.6088,7,7,0,0.698499,0.692467,0.006032,7,1,1,1
7.3,1069,1,0.00425266,0.00425266,0.952715,0.952682,3.31402e-05,35.8109,35.8107,14,14,0,0.619245,0.600933,0.018312,0,1,1,0
7.3,1069,2,0.00246102,0.00246102,0.820501,0.819964,0.000537097,35.282,35.2799,9,9,0,0.616432,0.608872,0.00756,0,1,1,1
7.3,1069,3,0.00189169,0.00189169,0.652186,0.652172,1.33514e-05,34.6087,34.6087,7,7,0,0.692467,0.697027,0.00456,0,1,1,1
7.4,1070,1,0.00230218,0.00230218,0.952697,0.952715,1.7941e-05,35.8108,35.8109,14,14,0,0.600933,0.610845,0.009912,0,1,1,1
7.4,1070,2,0.00198708,0.00198708,0.820067,0.820501,0.000433564,35.2803,35.282,9,9,0,0.608872,0.614976,0.006104,0,1,1,1
7.4,1070,3,0.00437847,0.00437847,0.652173,0.652186,1.2517e-05,34.6087,34.6087,7,7,0,0.697027,0.686539,0.010488,0,1,1,0
7.5,1071,1,0.00110912,0.00110912,0.952689,0.952697,8.64267e-06,35.8108,35.8108,14,14,0,0.610845,0.615621,0.004776,0,1,1,1
7.5,1071,2,0.0034693,0.0034693,0.820824,0.820067,0.000756323,35.2833,35.2803,9,9,0,0.614976,0.60432,0.010656,0,1,1,0
7.5,1071,3,0.00438179,0.00438179,0.652186,0.652173,1.2517e-05,34.6087,34.6087,7,7,0,0.686539,0.697035,0.010496,0,1,1,0
7.6,1072,1,0.00194144,0.00194144,0.952704,0.952689,1.51396e-05,35.8108,35.8108,14,14,0,0.615621,0.607261,0.00836,0,1,1,1
7.6,1072,2,0.00303554,0.00303554,0.821277,0.820824,0.000453532,35.2851,35.2833,9,9,0,0.60432,0.595952,0.008368,0,1,1,1
7.6,1072,3,0.000604331,0.000604331,0.65219,0.652186,4.29153e-06,34.6088,34.6087,7,7,0,0.697035,0.698491,0.001456,0,1,1,1
7.7,1073,1,0.000208125,0.000208125,0.952702,0.952704,1.60933e-06,35.8108,35.8108,14,14,0,0.607261,0.608157,0.000896,1,1,1,1
7.7,1073,2,0.00359428,0.00359428,0.821647,0.821277,0.000369549,35.2866,35.2851,9,9,0,0.595952,0.584288,0.011664,1,1,1,0
7.7,1073,3,0.00310977,0.00310977,0.652168,0.65219,2.19345e-05,34.6087,34.6088,7,7,0,0.698491,0.690995,0.007496,1,1,1,1
7.8,1074,1,0.00167425,0.00167425,0.952715,0.952702,1.30534e-05,35.8109,35.8108,14,14,0,0.608157,0.600949,0.007208,0,1,1,1
7.8,1074,2,0.00454282,0.00454282,0.821154,0.821647,0.000492454,35.2846,35.2866,9,9,0,0.584288,0.59848,0.014192,0,1,1,0
7.8,1074,3,0.00311315,0.00311315,0.65219,0.652168,2.19941e-05,34.6088,34.6087,7,7,0,0.690995,0.698499,0.007504,0,1,1,1
7.9,1075,1,0.000869729,0.000869729,0.952722,0.952715,6.79493e-06,35.8109,35.8109,14,14,0,0.600949,0.597205,0.003744,0,1,1,1
7.9,1075,2,0.00605331,0.00605331,0.821715,0.821154,0.000560105,35.2869,35.2846,9,9,0,0.59848,0.577808,0.020672,0,1,1,0
7.9,1075,3,0.00393169,0.00393169,0.65217,0.65219,1.9908e-05,34.6087,34.6088,7,7,0,0.698499,0.689051,0.009448,0,1,1,1
8,1076,1,0.00341866,0.00341866,0.952594,0.952722,0.000127554,35.8104,35.8109,14,14,0,0.597205,0.588381,0.008824,0,1,1,1
8,1076,2,0.00375633,0.00375633,0.821421,0.821715,0.000293732,35.2857,35.2869,9,9,0,0.577808,0.59168,0.013872,0,1,1,0
8,1076,3,0.00227836,0.00227836,0.652178,0.65217,8.22544e-06,34.6087,34.6087,7,7,0,0.689051,0.694515,0.005464,0,1,1,1
8.1,1077,1,0.00130551,0.00130551,0.952661,0.952594,6.65784e-05,35.8106,35.8104,14,14,0,0.588381,0.591069,0.002688,0,1,1,1
8.1,1077,2,0.000177495,0.000177495,0.821439,0.821421,1.78814e-05,35.2858,35.2857,9,9,0,0.59168,0.591096,0.000584,0,1,1,1
8.1,1077,3,0.00104229,0.00104229,0.652186,0.652178,7.33137e-06,34.6087,34.6087,7,7,0,0.694515,0.697027,0.002512,0,1,1,1
8.2,1078,1,0.00321333,0.00321333,0.952713,0.952661,5.23925e-05,35.8109,35.8106,14,14,0,0.591069,0.601941,0.010872,1,1,1,0
8.2,1078,2,0.00121028,0.00121028,0.821561,0.821439,0.000121891,35.2862,35.2858,9,9,0,0.591096,0.587112,0.003984,1,1,1,1
8.2,1078,3,0.00189169,0.00189169,0.652172,0.652186,1.33514e-05,34.6087,34.6087,7,7,0,0.697027,0.692467,0.00456,1,1,1,1
8.3,1079,1,0.00681958,0.00681958,0.952477,0.952713,0.000236511,35.8099,35.8109,14,14,0,0.601941,0.583645,0.018296,0,1,1,0
8.3,1079,2,0.00120788,0.00120788,0.821439,0.821561,0.000121593,35.2858,35.2862,9,9,0,0.587112,0.591088,0.003976,0,1,1,1
8.3,1079,3,0.00249608,0.00249608,0.65219,0.652172,1.77026e-05,34.6088,34.6087,7,7,0,0.692467,0.698483,0.006016,0,1,1,1
8.4,1080,1,0.0066319,0.0066319,0.952715,0.952477,0.000237942,35.8109,35.8099,14,14,0,0.583645,0.601133,0.017488,0,1,1,0
8.4,1080,2,0.000583313,0.000583313,0.821498,0.821439,5.87106e-05,35.286,35.2858,9,9,0,0.591088,0.589168,0.00192,0,1,1,1
8.4,1080,3,0.00392167,0.00392167,0.65217,0.65219,1.99676e-05,34.6087,34.6088,7,7,0,0.698483,0.689059,0.009424,0,1,1,1
8.5,1081,1,0.00302565,0.00302565,0.952661,0.952715,5.3823e-05,35.8106,35.8109,14,14,0,0.601133,0.591069,0.010064,0,1,1,0
8.5,1081,2,0.000444733,0.000444733,0.821542,0.821498,4.47631e-05,35.2862,35.286,9,9,0,0.589168,0.587704,0.001464,0,1,1,1
8.5,1081,3,0.00227499,0.00227499,0.652178,0.65217,8.28505e-06,34.6087,34.6087,7,7,0,0.689059,0.694515,0.005456,0,1,1,1
8.6,1082,1,0.00148866,0.00148866,0.952727,0.952661,6.58631e-05,35.8109,35.8106,14,14,0,0.591069,0.594517,0.003448,0,1,1,1
8.6,1082,2,0.00102805,0.00102805,0.821439,0.821542,0.000103474,35.2858,35.2862,9,9,0,0.587704,0.591088,0.003384,0,1,1,1
8.6,1082,3,0.00104229,0.00104229,0.652186,0.652178,7.33137e-06,34.6087,34.6087,7,7,0,0.694515,0.697027,0.002512,0,1,1,1
8.7,1083,1,0.00148866,0.00148866,0.952661,0.952727,6.58631e-05,35.8106,35.8109,14,14,0,0.594517,0.591069,0.003448,1,1,1,1
8.7,1083,2,0.00017735,0.00017735,0.821457,0.821439,1.78814e-05,35.2858,35.2858,9,9,0,0.591088,0.590504,0.000584,1,1,1,1
8.7,1083,3,0.00956449,0.00956449,0.652261,0.652186,7.53999e-05,34.609,34.6087,7,7,0,0.697027,0.719787,0.02276,1,1,1,0
8.8,1084,1,0,0,0.952661,0.952661,0,35.8106,35.8106,14,14,0,0.591069,0.591069,0,0,1,1,1
8.8,1084,2,0.00653335,0.00653335,0.820433,0.821457,0.00102341,35.2817,35.2858,9,9,0,0.590504,0.609824,0.01932,0,1,1,0
8.8,1084,3,0.00751504,0.00751504,0.6522,0.652261,6.09159e-05,34.6088,34.609,7,7,0,0.719787,0.701963,0.017824,0,1,1,0
8.9,1085,1,0.00152765,0.00152765,0.952726,0.952661,6.55055e-05,35.8109,35.8106,14,14,0,0.591069,0.594685,0.003616,0,1,1,1
8.9,1085,2,0.00305676,0.00305676,0.821048,0.820433,0.000614345,35.2842,35.2817,9,9,0,0.609824,0.600672,0.009152,0,1,1,1
8.9,1085,3,0.00542574,0.00542574,0.652239,0.6522,3.83258e-05,34.609,34.6088,7,7,0,0.701963,0.715011,0.013048,0,1,1,0
9,1086,1,0.00161698,0.00161698,0.952656,0.952726,7.00355e-05,35.8106,35.8109,14,14,0,0.594685,0.590885,0.0038,0,1,1,1
9,1086,2,0.00329442,0.00329442,0.821438,0.821048,0.000390649,35.2858,35.2842,9,9,0,0.600672,0.591104,0.009568,0,1,1,1
9,1086,3,0.000293091,0.000293091,0.652236,0.652239,2.08616e-06,34.6089,34.609,7,7,0,0.715011,0.714307,0.000704,0,1,1,1
9.1,1087,1,8.9325e-05,8.9325e-05,0.952661,0.952656,4.52995e-06,35.8106,35.8106,14,14,0,0.590885,0.591069,0.000184,1,1,1,1
9.1,1087,2,0.00120554,0.00120554,0.82156,0.821438,0.000121355,35.2862,35.2858,9,9,0,0.591104,0.587136,0.003968,1,1,1,1
9.1,1087,3,0.00189729,0.00189729,0.652223,0.652236,1.33514e-05,34.6089,34.6089,7,7,0,0.714307,0.709747,0.00456,1,1,1,1
9.2,1088,1,0,0,0.952661,0.952661,0,35.8106,35.8106,14,14,0,0.591069,0.591069,0,2,1,1,1
9.2,1088,2,0.00121047,0.00121047,0.821438,0.82156,0.000121832,35.2858,35.2862,9,9,0,0.587136,0.59112,0.003984,2,1,1,1
9.2,1088,3,0.00190066,0.00190066,0.652236,0.652223,1.33514e-05,34.6089,34.6089,7,7,0,0.709747,0.714315,0.004568,2,1,1,1
9.3,1089,1,0.00148866,0.00148866,0.952727,0.952661,6.58631e-05,35.8109,35.8106,14,14,0,0.591069,0.594517,0.003448,3,1,1,1
9.3,1089,2,0.00179856,0.00179856,0.821619,0.821438,0.000181019,35.2865,35.2858,9,9,0,0.59112,0.5852,0.00592,3,1,1,1
9.3,1089,3,0.00452119,0.00452119,0.652205,0.652236,3.18885e-05,34.6088,34.6089,7,7,0,0.714315,0.703443,0.010872,3,1,1,0
9.4,1090,1,0.00148866,0.00148866,0.952661,0.952727,6.58631e-05,35.8106,35.8109,14,14,0,0.594517,0.591069,0.003448,0,1,1,1
9.4,1090,2,0.000267424,0.000267424,0.821646,0.821619,2.69413e-05,35.2866,35.2865,9,9,0,0.5852,0.58432,0.00088,0,1,1,1
9.4,1090,3,0.00481091,0.00481091,0.652239,0.652205,3.39746e-05,34.609,34.6088,7,7,0,0.703443,0.715011,0.011568,0,1,1,0
9.5,1091,1,0.00302565,0.00302565,0.952715,0.952661,5.3823e-05,35.8109,35.8106,14,14,0,0.591069,0.601133,0.010064,0,1,1,0
9.5,1091,2,0.00453906,0.00453906,0.821154,0.821646,0.000492275,35.2846,35.2866,9,9,0,0.58432,0.598496,0.014176,0,1,1,0
9.5,1091,3,0.000293091,0.000293091,0.652236,0.652239,2.08616e-06,34.6089,34.609,7,7,0,0.715011,0.714307,0.000704,0,1,1,1
9.6,1092,1,0.0035657,0.0035657,0.952633,0.952715,8.13603e-05,35.8105,35.8109,14,14,0,0.601133,0.589957,0.011176,0,1,1,0
9.6,1092,2,0.00522792,0.00522792,0.821701,0.821154,0.000546932,35.2868,35.2846,9,9,0,0.598496,0.581792,0.016704,0,1,1,0
9.6,1092,3,0.00189729,0.00189729,0.652223,0.652236,1.33514e-05,34.6089,34.6089,7,7,0,0.714307,0.709747,0.00456,0,1,1,1
9.7,1093,1,0.00228702,0.00228702,0.952725,0.952633,9.13739e-05,35.8109,35.8105,14,14,0,0.589957,0.595629,0.005672,0,1,1,1
9.7,1093,2,0.00445347,0.00445347,0.821254,0.821701,0.000446558,35.285,35.2868,9,9,0,0.581792,0.596432,0.01464,0,1,1,0
9.7,1093,3,0.00189397,0.00189397,0.652236,0.652223,1.33514e-05,34.6089,34.6089,7,7,0,0.709747,0.714299,0.004552,0,1,1,1
9.8,1094,1,0.00174697,0.00174697,0.952661,0.952725,6.38366e-05,35.8106,35.8109,14,14,0,0.595629,0.591069,0.00456,0,1,1,1
9.8,1094,2,0.0022868,0.0022868,0.821497,0.821254,0.000243127,35.286,35.285,9,9,0,0.596432,0.589184,0.007248,0,1,1,1
9.8,1094,3,0.00451779,0.00451779,0.652205,0.652236,3.18885e-05,34.6088,34.6089,7,7,0,0.714299,0.703435,0.010864,0,1,1,0
9.9,1095,1,0.00152957,0.00152957,0.952726,0.952661,6.55055e-05,35.8109,35.8106,14,14,0,0.591069,0.594693,0.003624,0,1,1,1
9.9,1095,2,0.000850696,0.000850696,0.821583,0.821497,8.56519e-05,35.2863,35.286,9,9,0,0.589184,0.586384,0.0028,0,1,1,1
9.9,1095,3,0.00726473,0.00726473,0.652265,0.652205,6.05583e-05,34.6091,34.6088,7,7,0,0.703435,0.720611,0.017176,0,1,1,0
10,1096,1,0.00161498,0.00161498,0.952657,0.952726,6.98566e-05,35.8106,35.8109,14,14,0,0.594693,0.590893,0.0038,0,1,1,1
10,1096,2,0.00184231,0.00184231,0.821397,0.821583,0.00018543,35.2856,35.2863,9,9,0,0.586384,0.592448,0.006064,0,1,1,1
10,1096,3,0.0168525,0.0168525,0.652181,0.652265,8.4579e-05,34.6087,34.6091,7,7,0,0.720611,0.680483,0.040128,0,1,1,0
10.1,1097,1,0.00654526,0.00654526,0.952322,0.952657,0.00033468,35.8093,35.8106,14,14,0,0.590893,0.577421,0.013472,0,1,1,0
10.1,1097,2,0.00315663,0.00315663,0.821701,0.821397,0.000303149,35.2868,35.2856,9,9,0,0.592448,0.5818,0.010648,0,1,1,0
10.1,1097,3,0.00311092,0.00311092,0.652172,0.652181,9.0003e-06,34.6087,34.6087,7,7,0,0.680483,0.687875,0.007392,0,1,1,1
10.2,1098,1,3.49097e-05,3.49097e-05,0.952324,0.952322,1.78814e-06,35.8093,35.8093,14,14,0,0.577421,0.577493,7.2e-05,0,1,1,1
10.2,1098,2,0.00445786,0.00445786,0.821253,0.821701,0.000447333,35.285,35.2868,9,9,0,0.5818,0.596448,0.014648,0,1,1,0
10.2,1098,3,0.0118888,0.0118888,0.652206,0.652172,3.41535e-05,34.6088,34.6087,7,7,0,0.687875,0.659571,0.028304,0,1,1,0
10.3,1099,1,0.00298281,0.00298281,0.95217,0.952324,0.000153244,35.8087,35.8093,14,14,0,0.577493,0.571357,0.006136,0,1,1,1
10.3,1099,2,0.0039116,0.0039116,0.82166,0.821253,0.000406861,35.2866,35.285,9,9,0,0.596448,0.583856,0.012592,0,1,1,0
10.3,1099,3,0.00208369,0.00208369,0.652212,0.652206,6.02007e-06,34.6088,34.6088,7,7,0,0.659571,0.654595,0.004976,0,1,1,1
10.4,1100,1,0,0,0.95217,0.95217,0,35.8087,35.8087,14,14,0,0.571357,0.571357,0,0,1,1,1
10.4,1100,2,0.00238189,0.00238189,0.82142,0.82166,0.00023967,35.2857,35.2866,9,9,0,0.583856,0.591696,0.00784,0,1,1,1
10.4,1100,3,0.00517263,0.00517263,0.652197,0.652212,1.49012e-05,34.6088,34.6088,7,7,0,0.654595,0.666939,0.012344,0,1,1,0
10.5,1101,1,0.00176186,0.00176186,0.952261,0.95217,9.05991e-05,35.809,35.8087,14,14,0,0.571357,0.574981,0.003624,0,1,1,1
10.5,1101,2,0.000179876,0.000179876,0.821438,0.82142,1.80602e-05,35.2858,35.2857,9,9,0,0.591696,0.591104,0.000592,0,1,1,1
10.5,1101,3,0.00167078,0.00167078,0.652202,0.652197,4.82798e-06,34.6088,34.6088,7,7,0,0.666939,0.662955,0.003984,0,1,1,1
10.6,1102,1,0.00406468,0.00406468,0.952052,0.952261,0.000209153,35.8082,35.809,14,14,0,0.574981,0.566621,0.00836,1,1,1,1
10.6,1102,2,0.00120061,0.00120061,0.821559,0.821438,0.000120878,35.2862,35.2858,9,9,0,0.591104,0.587152,0.003952,1,1,1,1
10.6,1102,3,0.00167078,0.00167078,0.652197,0.652202,4.82798e-06,34.6088,34.6088,7,7,0,0.662955,0.666939,0.003984,1,1,1,1
10.7,1103,1,0.0058222,0.0058222,0.952351,0.952052,0.000299275,35.8094,35.8082,14,14,0,0.566621,0.578597,0.011976,2,1,1,0
10.7,1103,2,0.00160896,0.00160896,0.821397,0.821559,0.000161946,35.2856,35.2862,9,9,0,0.587152,0.592448,0.005296,2,1,1,1
10.7,1103,3,0.00708039,0.00708039,0.652217,0.652197,2.03848e-05,34.6089,34.6088,7,7,0,0.666939,0.650035,0.016904,2,1,1,0
10.8,1104,1,0.00176526,0.00176526,0.952261,0.952351,9.05395e-05,35.809,35.8094,14,14,0,0.578597,0.574965,0.003632,0,1,1,1
10.8,1104,2,0.00131923,0.00131923,0.821251,0.821397,0.000146508,35.285,35.2856,9,9,0,0.592448,0.596496,0.004048,0,1,1,1
10.8,1104,3,0.00708039,0.00708039,0.652197,0.652217,2.03848e-05,34.6088,34.6089,7,7,0,0.650035,0.666939,0.016904,0,1,1,0
10.9,1105,1,0.00405694,0.00405694,0.952052,0.952261,0.000208735,35.8082,35.809,14,14,0,0.574965,0.566621,0.008344,0,1,1,1
10.9,1105,2,0.00524348,0.00524348,0.820298,0.821251,0.000952542,35.2812,35.285,9,9,0,0.596496,0.611728,0.015232,0,1,1,0
10.9,1105,3,0.00167078,0.00167078,0.652202,0.652197,4.82798e-06,34.6088,34.6088,7,7,0,0.666939,0.662955,0.003984,0,1,1,1
11,1106,1,0.00230281,0.00230281,0.95217,0.952052,0.000118554,35.8087,35.8082,14,14,0,0.566621,0.571357,0.004736,0,1,1,1
11,1106,2,0.00105728,0.00105728,0.820067,0.820298,0.000230849,35.2803,35.2812,9,9,0,0.611728,0.614976,0.003248,0,1,1,1
11,1106,3,0.00167078,0.00167078,0.652197,0.652202,4.82798e-06,34.6088,34.6088,7,7,0,0.662955,0.666939,0.003984,0,1,1,1
11.1,1107,1,0.000847913,0.000847913,0.952214,0.95217,4.36306e-05,35.8089,35.8087,14,14,0,0.571357,0.573101,0.001744,1,1,1,1
11.1,1107,2,0.00131772,0.00131772,0.820355,0.820067,0.000287652,35.2814,35.2803,9,9,0,0.614976,0.610928,0.004048,1,1,1,1
11.1,1107,3,0.00308894,0.00308894,0.652206,0.652197,8.88109e-06,34.6088,34.6088,7,7,0,0.666939,0.659571,0.007368,1,1,1,1
11.2,1108,1,0.00138848,0.00138848,0.952143,0.952214,7.14064e-05,35.8086,35.8089,14,14,0,0.573101,0.570245,0.002856,2,1,1,1
11.2,1108,2,0.000255279,0.000255279,0.820299,0.820355,5.56707e-05,35.2812,35.2814,9,9,0,0.610928,0.611712,0.000784,2,1,1,1
11.2,1108,3,0.00208704,0.00208704,0.652212,0.652206,6.02007e-06,34.6088,34.6088,7,7,0,0.659571,0.654587,0.004984,2,1,1,1
11.3,1109,1,0.000540569,0.000540569,0.95217,0.952143,2.77758e-05,35.8087,35.8086,14,14,0,0.570245,0.571357,0.001112,3,1,1,1
11.3,1109,2,0.000630192,0.000630192,0.820162,0.820299,0.000137508,35.2806,35.2812,9,9,0,0.611712,0.613648,0.001936,3,1,1,1
11.3,1109,3,0.00517598,0.00517598,0.652197,0.652212,1.49012e-05,34.6088,34.6088,7,7,0,0.654587,0.666939,0.012352,3,1,1,0
11.4,1110,1,0,0,0.95217,0.95217,0,35.8087,35.8087,14,14,0,0.571357,0.571357,0,0,1,1,1
11.4,1110,2,0.00063286,0.00063286,0.8203,0.820162,0.000138044,35.2812,35.2806,9,9,0,0.613648,0.611704,0.001944,0,1,1,1
11.4,1110,3,0.00167078,0.00167078,0.652202,0.652197,4.82798e-06,34.6088,34.6088,7,7,0,0.666939,0.662955,0.003984,0,1,1,1
11.5,1111,1,0.00297897,0.00297897,0.952323,0.95217,0.000153005,35.8093,35.8087,14,14,0,0.571357,0.577485,0.006128,1,1,1,1
11.5,1111,2,0.000627667,0.000627667,0.820163,0.8203,0.000136912,35.2807,35.2812,9,9,0,0.611704,0.613632,0.001928,1,1,1,1
11.5,1111,3,0.00167078,0.00167078,0.652197,0.652202,4.82798e-06,34.6088,34.6088,7,7,0,0.662955,0.666939,0.003984,1,1,1,1
11.6,1112,1,0.00297897,0.00297897,0.95217,0.952323,0.000153005,35.8087,35.8093,14,14,0,0.577485,0.571357,0.006128,2,1,1,1
11.6,1112,2,0.000432372,0.000432372,0.820257,0.820163,9.42945e-05,35.281,35.2807,9,9,0,0.613632,0.612304,0.001328,2,1,1,1
11.6,1112,3,0.00252917,0.00252917,0.652204,0.652197,7.33137e-06,34.6088,34.6088,7,7,0,0.666939,0.660907,0.006032,2,1,1,1
11.7,1113,1,0,0,0.95217,0.95217,0,35.8087,35.8087,14,14,0,0.571357,0.571357,0,3,1,1,1
11.7,1113,2,0.000200547,0.000200547,0.820301,0.820257,4.37498e-05,35.2812,35.281,9,9,0,0.612304,0.611688,0.000616,3,1,1,1
11.7,1113,3,0.00320593,0.00320593,0.652213,0.652204,9.17912e-06,34.6089,34.6088,7,7,0,0.660907,0.653251,0.007656,3,1,1,1
11.8,1114,1,0.00175797,0.00175797,0.952261,0.95217,9.03606e-05,35.809,35.8087,14,14,0,0.571357,0.574973,0.003616,4,1,1,1
11.8,1114,2,0.000627697,0.000627697,0.820164,0.820301,0.000136912,35.2807,35.2812,9,9,0,0.611688,0.613616,0.001928,4,1,1,1
11.8,1114,3,0.00468148,0.00468148,0.6522,0.652213,1.34706e-05,34.6088,34.6089,7,7,0,0.653251,0.664427,0.011176,4,1,1,0
11.9,1115,1,0.000828262,0.000828262,0.952303,0.952261,4.24981e-05,35.8092,35.809,14,14,0,0.574973,0.576677,0.001704,0,1,1,1
11.9,1115,2,0.000625066,0.000625066,0.820301,0.820164,0.000136375,35.2812,35.2807,9,9,0,0.613616,0.611696,0.00192,0,1,1,1
11.9,1115,3,0.000436127,0.000436127,0.652199,0.6522,1.2517e-06,34.6088,34.6088,7,7,0,0.664427,0.665467,0.00104,0,1,1,1
12,1116,1,0.00258623,0.00258623,0.95217,0.952303,0.000132859,35.8087,35.8092,14,14,0,0.576677,0.571357,0.00532,1,1,1,1
12,1116,2,0.000627652,0.000627652,0.820164,0.820301,0.000136971,35.2807,35.2812,9,9,0,0.611696,0.613624,0.001928,1,1,1,1
12,1116,3,0.00129478,0.00129478,0.652202,0.652199,3.69549e-06,34.6088,34.6088,7,7,0,0.665467,0.662379,0.003088,1,1,1,1
12.1,1117,1,0.000392925,0.000392925,0.952191,0.95217,2.02656e-05,35.8088,35.8087,14,14,0,0.571357,0.572165,0.000808,2,1,1,1
12.1,1117,2,0.000854172,0.000854172,0.819977,0.820164,0.000186563,35.2799,35.2807,9,9,0,0.613624,0.616248,0.002624,2,1,1,1
12.1,1117,3,0.00326036,0.00326036,0.652212,0.652202,9.41753e-06,34.6088,34.6088,7,7,0,0.662379,0.654595,0.007784,2,1,1,1
12.2,1118,1,0.00269574,0.00269574,0.952052,0.952191,0.000138819,35.8082,35.8088,14,14,0,0.572165,0.566621,0.005544,3,1,1,1
12.2,1118,2,0.00321648,0.00321648,0.820679,0.819977,0.000701606,35.2827,35.2799,9,9,0,0.616248,0.606368,0.00988,3,1,1,1
12.2,1118,3,0.00517263,0.00517263,0.652197,0.652212,1.49012e-05,34.6088,34.6088,7,7,0,0.654595,0.666939,0.012344,3,1,1,0
12.3,1119,1,0.00451966,0.00451966,0.952284,0.952052,0.000232458,35.8091,35.8082,14,14,0,0.566621,0.575917,0.009296,0,1,1,1
12.3,1119,2,0.00476558,0.00476558,0.819638,0.820679,0.00104052,35.2786,35.2827,9,9,0,0.606368,0.621008,0.01464,0,1,1,0
12.3,1119,3,0.00167078,0.00167078,0.652202,0.652197,4.82798e-06,34.6088,34.6088,7,7,0,0.666939,0.662955,0.003984,0,1,1,1
12.4,1120,1,0.00222002,0.00222002,0.952398,0.952284,0.000113845,35.8096,35.8091,14,14,0,0.575917,0.580485,0.004568,0,1,1,1
12.4,1120,2,0.00351006,0.00351006,0.820405,0.819638,0.000766933,35.2816,35.2786,9,9,0,0.621008,0.610224,0.010784,0,1,1,0
12.4,1120,3,0.00167078,0.00167078,0.652197,0.652202,4.82798e-06,34.6088,34.6088,7,7,0,0.662955,0.666939,0.003984,0,1,1,1
12.5,1121,1,0.00589152,0.00589152,0.952096,0.952398,0.000302613,35.8084,35.8096,14,14,0,0.580485,0.568365,0.01212,0,1,1,0
12.5,1121,2,0.000382982,0.000382982,0.820489,0.820405,8.34465e-05,35.282,35.2816,9,9,0,0.610224,0.609048,0.001176,0,1,1,1
12.5,1121,3,0.00309232,0.00309232,0.652206,0.652197,8.88109e-06,34.6088,34.6088,7,7,0,0.666939,0.659563,0.007376,0,1,1,1
12.6,1122,1,0.00145466,0.00145466,0.95217,0.952096,7.48634e-05,35.8087,35.8084,14,14,0,0.568365,0.571357,0.002992,0,1,1,1
12.6,1122,2,0.00234652,0.00234652,0.819976,0.820489,0.000512064,35.2799,35.282,9,9,0,0.609048,0.616256,0.007208,0,1,1,1
12.6,1122,3,0.00208366,0.00208366,0.652212,0.652206,6.02007e-06,34.6088,34.6088,7,7,0,0.659563,0.654587,0.004976,0,1,1,1
12.7,1123,1,0,0,0.95217,0.95217,0,35.8087,35.8087,14,14,0,0.571357,0.571357,0,1,1,1,1
12.7,1123,2,0.00321388,0.00321388,0.820677,0.819976,0.00070101,35.2827,35.2799,9,9,0,0.616256,0.606384,0.009872,1,1,1,1
12.7,1123,3,0.00412236,0.00412236,0.6522,0.652212,1.18613e-05,34.6088,34.6088,7,7,0,0.654587,0.664427,0.00984,1,1,1,1
12.8,1124,1,0.000540569,0.000540569,0.952143,0.95217,2.77758e-05,35.8086,35.8087,14,14,0,0.571357,0.570245,0.001112,2,1,1,1
12.8,1124,2,0.00475518,0.00475518,0.819639,0.820677,0.00103819,35.2786,35.2827,9,9,0,0.606384,0.620992,0.014608,2,1,1,0
12.8,1124,3,0.000436127,0.000436127,0.652199,0.6522,1.2517e-06,34.6088,34.6088,7,7,0,0.664427,0.665467,0.00104,2,1,1,1
12.9,1125,1,0.00191747,0.00191747,0.952241,0.952143,9.85861e-05,35.809,35.8086,14,14,0,0.570245,0.574189,0.003944,0,1,1,1
12.9,1125,2,0.00394244,0.00394244,0.8205,0.819639,0.000861168,35.282,35.2786,9,9,0,0.620992,0.60888,0.012112,0,1,1,0
12.9,1125,3,0.00129139,0.00129139,0.652202,0.652199,3.69549e-06,34.6088,34.6088,7,7,0,0.665467,0.662387,0.00308,0,1,1,1
13,1126,1,0.00638781,0.00638781,0.951912,0.952241,0.000329137,35.8076,35.809,14,14,0,0.574189,0.561053,0.013136,0,1,1,0
13,1126,2,0.00246105,0.00246105,0.819963,0.8205,0.000537097,35.2799,35.282,9,9,0,0.60888,0.61644,0.00756,0,1,1,1
13,1126,3,0.00326374,0.00326374,0.652212,0.652202,9.41753e-06,34.6088,34.6088,7,7,0,0.662387,0.654595,0.007792,0,1,1,1
13.1,1127,1,0.00119627,0.00119627,0.951865,0.951912,4.69089e-05,35.8075,35.8076,14,14,0,0.561053,0.557413,0.00364,0,1,1,1
13.1,1127,2,0.00375831,0.00375831,0.820783,0.819963,0.000819623,35.2831,35.2799,9,9,0,0.61644,0.604896,0.011544,0,1,1,0
13.1,1127,3,0.00517263,0.00517263,0.652197,0.652212,1.49012e-05,34.6088,34.6088,7,7,0,0.654595,0.666939,0.012344,0,1,1,0
13.2,1128,1,0.000299755,0.000299755,0.951856,0.951865,9.17912e-06,35.8074,35.8075,14,14,0,0.557413,0.556301,0.001112,0,1,1,1
13.2,1128,2,0.00221401,0.00221401,0.820301,0.820783,0.00048238,35.2812,35.2831,9,9,0,0.604896,0.611696,0.0068,0,1,1,1
13.2,1128,3,0.00223415,0.00223415,0.652203,0.652197,6.4373e-06,34.6088,34.6088,7,7,0,0.666939,0.661611,0.005328,0,1,1,1
13.3,1129,1,0.0028618,0.0028618,0.951983,0.951856,0.00012666,35.8079,35.8074,14,14,0,0.556301,0.563861,0.00756,1,1,1,1
13.3,1129,2,0.00302315,0.00302315,0.81964,0.820301,0.000660717,35.2786,35.2812,9,9,0,0.611696,0.620984,0.009288,1,1,1,1
13.3,1129,3,0.00279801,0.00279801,0.652195,0.652203,8.04663e-06,34.6088,34.6088,7,7,0,0.661611,0.668283,0.006672,1,1,1,1
13.4,1130,1,0.00136961,0.00136961,0.951912,0.951983,7.07507e-05,35.8076,35.8079,14,14,0,0.563861,0.561045,0.002816,2,1,1,1
13.4,1130,2,0.0039373,0.0039373,0.8205,0.81964,0.000860035,35.282,35.2786,9,9,0,0.620984,0.608888,0.012096,2,1,1,0
13.4,1130,3,0.00365947,0.00365947,0.652206,0.652195,1.04904e-05,34.6088,34.6088,7,7,0,0.668283,0.659555,0.008728,2,1,1,1
13.5,1131,1,0.00119244,0.00119244,0.951865,0.951912,4.673e-05,35.8075,35.8076,14,14,0,0.561045,0.557413,0.003632,0,1,1,1
13.5,1131,2,0.00245582,0.00245582,0.819964,0.8205,0.000535965,35.2799,35.282,9,9,0,0.608888,0.616432,0.007544,0,1,1,1
13.5,1131,3,0.00207701,0.00207701,0.652212,0.652206,6.02007e-06,34.6088,34.6088,7,7,0,0.659555,0.654595,0.00496,0,1,1,1
13.6,1132,1,0.000299755,0.000299755,0.951856,0.951865,9.17912e-06,35.8074,35.8075,14,14,0,0.557413,0.556301,0.001112,1,1,1,1
13.6,1132,2,0.00245842,0.00245842,0.8205,0.819964,0.000536501,35.282,35.2799,9,9,0,0.616432,0.60888,0.007552,1,1,1,1
13.6,1132,3,0.00517263,0.00517263,0.652197,0.652212,1.49012e-05,34.6088,34.6088,7,7,0,0.654595,0.666939,0.012344,1,1,1,0
13.7,1133,1,0.000677008,0.000677008,0.951835,0.951856,2.08616e-05,35.8073,35.8074,14,14,0,0.556301,0.553789,0.002512,0,1,1,1
13.7,1133,2,0.00246359,0.00246359,0.819963,0.8205,0.000537694,35.2799,35.282,9,9,0,0.60888,0.616448,0.007568,0,1,1,1
13.7,1133,3,0.00167078,0.00167078,0.652202,0.652197,4.82798e-06,34.6088,34.6088,7,7,0,0.666939,0.662955,0.003984,0,1,1,1
13.8,1134,1,0.0021692,0.0021692,0.951912,0.951835,7.67708e-05,35.8076,35.8073,14,14,0,0.553789,0.561045,0.007256,1,1,1,1
13.8,1134,2,0.0017995,0.0017995,0.820356,0.819963,0.000392914,35.2814,35.2799,9,9,0,0.616448,0.61092,0.005528,1,1,1,1
13.8,1134,3,0.00167407,0.00167407,0.652197,0.652202,4.82798e-06,34.6088,34.6088,7,7,0,0.662955,0.666947,0.003992,1,1,1,1
13.9,1135,1,0.00241241,0.00241241,0.952036,0.951912,0.000124514,35.8081,35.8076,14,14,0,0.561045,0.566005,0.00496,2,1,1,1
13.9,1135,2,0.000229158,0.000229158,0.820406,0.820356,5.00083e-05,35.2816,35.2814,9,9,0,0.61092,0.610216,0.000704,2,1,1,1
13.9,1135,3,0.00191556,0.00191556,0.652202,0.652197,5.48363e-06,34.6088,34.6088,7,7,0,0.666947,0.662379,0.004568,2,1,1,1
14,1136,1,0.00585599,0.00585599,0.951796,0.952036,0.000240445,35.8072,35.8081,14,14,0,0.566005,0.549061,0.016944,3,1,1,0
14,1136,2,0.00202348,0.00202348,0.819964,0.820406,0.00044173,35.2799,35.2816,9,9,0,0.610216,0.616432,0.006216,3,1,1,1
14,1136,3,0.00326371,0.00326371,0.652212,0.652202,9.41753e-06,34.6088,34.6088,7,7,0,0.662379,0.654587,0.007792,3,1,1,1
14.1,1137,1,0.00344358,0.00344358,0.951912,0.951796,0.000115931,35.8076,35.8072,14,14,0,0.549061,0.561045,0.011984,0,1,1,0
14.1,1137,2,0.0123144,0.0123144,0.817536,0.819964,0.00242811,35.2701,35.2799,9,9,0,0.616432,0.653392,0.03696,0,1,1,0
14.1,1137,3,0.00967087,0.00967087,0.652184,0.652212,2.78354e-05,34.6087,34.6088,7,7,0,0.654587,0.677643,0.023056,0,1,1,0
14.2,1138,1,0.000685941,0.000685941,0.951881,0.951912,3.11136e-05,35.8075,35.8076,14,14,0,0.561045,0.559293,0.001752,0,1,1,1
14.2,1138,2,0.00465049,0.00465049,0.81833,0.817536,0.000793755,35.2733,35.2701,9,9,0,0.653392,0.6394,0.013992,0,1,1,0
14.2,1138,3,0.00838318,0.00838318,0.652188,0.652184,3.69549e-06,34.6088,34.6087,7,7,0,0.677643,0.697659,0.020016,0,1,1,0
14.3,1139,1,0.00244868,0.00244868,0.952003,0.951881,0.00012213,35.808,35.8075,14,14,0,0.559293,0.564669,0.005376,0,1,1,1
14.3,1139,2,0.00237995,0.00237995,0.818805,0.81833,0.000475645,35.2752,35.2733,9,9,0,0.6394,0.632672,0.006728,0,1,1,1
14.3,1139,3,0.00516285,0.00516285,0.652175,0.652188,1.28746e-05,34.6087,34.6088,7,7,0,0.697659,0.685299,0.01236,0,1,1,0
14.4,1140,1,0.00325493,0.00325493,0.951856,0.952003,0.000146925,35.8074,35.808,14,14,0,0.564669,0.556301,0.008368,0,1,1,1
14.4,1140,2,0.00314917,0.00314917,0.819497,0.818805,0.000691473,35.278,35.2752,9,9,0,0.632672,0.622992,0.00968,0,1,1,1
14.4,1140,3,0.00515619,0.00515619,0.652188,0.652175,1.28746e-05,34.6088,34.6087,7,7,0,0.685299,0.697643,0.012344,0,1,1,0
14.5,1141,1,0.0028618,0.0028618,0.951983,0.951856,0.00012666,35.8079,35.8074,14,14,0,0.556301,0.563861,0.00756,0,1,1,1
14.5,1141,2,0.00267292,0.00267292,0.81891,0.819497,0.000586689,35.2756,35.278,9,9,0,0.622992,0.631208,0.008216,0,1,1,1
14.5,1141,3,0.00306076,0.00306076,0.652169,0.652188,1.88947e-05,34.6087,34.6088,7,7,0,0.697643,0.690275,0.007368,0,1,1,1
14.6,1142,1,0.00136961,0.00136961,0.951912,0.951983,7.07507e-05,35.8076,35.8079,14,14,0,0.563861,0.561045,0.002816,1,1,1,1
14.6,1142,2,0.00200651,0.00200651,0.819351,0.81891,0.000440598,35.2774,35.2756,9,9,0,0.631208,0.62504,0.006168,1,1,1,1
14.6,1142,3,0.000558347,0.000558347,0.65217,0.652169,1.19209e-06,34.6087,34.6087,7,7,0,0.690275,0.691611,0.001336,1,1,1,1
14.7,1143,1,0.00119244,0.00119244,0.951865,0.951912,4.673e-05,35.8075,35.8076,14,14,0,0.561045,0.557413,0.003632,2,1,1,1
14.7,1143,2,0.00248276,0.00248276,0.818805,0.819351,0.000545382,35.2752,35.2774,9,9,0,0.62504,0.632672,0.007632,2,1,1,1
14.7,1143,3,0.00250241,0.00250241,0.652188,0.65217,1.77026e-05,34.6088,34.6087,7,7,0,0.691611,0.697643,0.006032,2,1,1,1
14.8,1144,1,0.00265006,0.00265006,0.951784,0.951865,8.14795e-05,35.8071,35.8075,14,14,0,0.557413,0.547581,0.009832,3,1,1,1
14.8,1144,2,0.000481419,0.000481419,0.818911,0.818805,0.000105917,35.2756,35.2752,9,9,0,0.632672,0.631192,0.00148,3,1,1,1
14.8,1144,3,0.00295627,0.00295627,0.652168,0.652188,1.92523e-05,34.6087,34.6088,7,7,0,0.697643,0.690523,0.00712,3,1,1,1
14.9,1145,1,0.00383858,0.00383858,0.951912,0.951784,0.000127971,35.8076,35.8071,14,14,0,0.547581,0.561037,0.013456,4,1,1,0
14.9,1145,2,0.000700004,0.000700004,0.819065,0.818911,0.00015384,35.2763,35.2756,9,9,0,0.631192,0.62904,0.002152,4,1,1,1
14.9,1145,3,0.0112587,0.0112587,0.65225,0.652168,8.17776e-05,34.609,34.6087,7,7,0,0.690523,0.717491,0.026968,4,1,1,0
15,1146,1,0.00978605,0.00978605,0.952415,0.951912,0.000503421,35.8097,35.8076,14,14,0,0.561037,0.581165,0.020128,0,1,1,0
15,1146,2,0.000702612,0.000702612,0.818911,0.819065,0.000154436,35.2756,35.2763,9,9,0,0.62904,0.6312,0.00216,0,1,1,1
15,1146,3,3.54648e-06,3.54648e-06,0.65225,0.65225,5.96046e-08,34.609,34.609,7,7,0,0.717491,0.717499,8e-06,0,1,1,1
15.1,1147,1,0.00137238,0.00137238,0.952345,0.952415,7.02739e-05,35.8094,35.8097,14,14,0,0.581165,0.578341,0.002824,0,1,1,1
15.1,1147,2,0.00415942,0.00415942,0.819823,0.818911,0.000912189,35.2793,35.2756,9,9,0,0.6312,0.618416,0.012784,0,1,1,0
15.1,1147,3,0.00457084,0.00457084,0.652214,0.65225,3.618e-05,34.6089,34.609,7,7,0,0.717499,0.706635,0.010864,0,1,1,0
15.2,1148,1,0.00296607,0.00296607,0.952497,0.952345,0.000151813,35.81,35.8094,14,14,0,0.578341,0.584445,0.006104,0,1,1,1
15.2,1148,2,0.00620585,0.00620585,0.818481,0.819823,0.00134128,35.2739,35.2793,9,9,0,0.618416,0.637232,0.018816,0,1,1,0
15.2,1148,3,0.00318797,0.00318797,0.652236,0.652214,2.2471e-05,34.6089,34.6089,7,7,0,0.706635,0.714299,0.007664,0,1,1,1
15.3,1149,1,0.00878834,0.00878834,0.952046,0.952497,0.000451148,35.8082,35.81,14,14,0,0.584445,0.566365,0.01808,0,1,1,0
15.3,1149,2,0.00471154,0.00471154,0.819496,0.818481,0.00101411,35.278,35.2739,9,9,0,0.637232,0.623008,0.014224,0,1,1,0
15.3,1149,3,0.000123173,0.000123173,0.652236,0.652236,8.9407e-07,34.6089,34.6089,7,7,0,0.714299,0.714003,0.000296,0,1,1,1
15.4,1150,1,0.010712,0.010712,0.952595,0.952046,0.000549436,35.8104,35.8082,14,14,0,0.566365,0.588405,0.02204,0,1,1,0
15.4,1150,2,0.0026625,0.0026625,0.818911,0.819496,0.000584424,35.2756,35.278,9,9,0,0.623008,0.631192,0.008184,0,1,1,1
15.4,1150,3,0.00150605,0.00150605,0.65225,0.652236,1.46031e-05,34.609,34.6089,7,7,0,0.714003,0.717499,0.003496,0,1,1,1
15.5,1151,1,0.0129064,0.0129064,0.951932,0.952595,0.000662744,35.8077,35.8104,14,14,0,0.588405,0.561853,0.026552,0,1,1,0
15.5,1151,2,0.00214185,0.00214185,0.819381,0.818911,0.000470281,35.2775,35.2756,9,9,0,0.631192,0.624608,0.006584,0,1,1,1
15.5,1151,3,0.0178755,0.0178755,0.651982,0.65225,0.000268519,34.6079,34.609,7,7,0,0.717499,0.759451,0.041952,0,1,1,0
15.6,1152,1,0.0136913,0.0136913,0.952635,0.951932,0.000702798,35.8105,35.8077,14,14,0,0.561853,0.590021,0.028168,0,1,1,0
15.6,1152,2,0.00548378,0.00548378,0.82058,0.819381,0.00119847,35.2823,35.2775,9,9,0,0.624608,0.60776,0.016848,0,1,1,0
15.6,1152,3,0.00260139,0.00260139,0.651507,0.651982,0.000474572,34.606,34.6079,7,7,0,0.759451,0.766099,0.006648,0,1,1,1
15.7,1153,1,0.00833323,0.00833323,0.952677,0.952635,4.23193e-05,35.8107,35.8105,14,14,0,0.590021,0.621797,0.031776,0,1,1,0
15.7,1153,2,0.000877738,0.000877738,0.820389,0.82058,0.000191271,35.2816,35.2823,9,9,0,0.60776,0.610456,0.002696,0,1,1,1
15.7,1153,3,0.00263178,0.00263178,0.651985,0.651507,0.000478208,34.6079,34.606,7,7,0,0.766099,0.759371,0.006728,0,1,1,1
15.8,1154,1,0.000750318,0.000750318,0.952671,0.952677,5.90086e-06,35.8107,35.8107,14,14,0,0.621797,0.625029,0.003232,0,1,1,1
15.8,1154,2,0.00644025,0.00644025,0.821427,0.820389,0.00103807,35.2857,35.2816,9,9,0,0.610456,0.591488,0.018968,0,1,1,0
15.8,1154,3,0.00263178,0.00263178,0.651507,0.651985,0.000478208,34.606,34.6079,7,7,0,0.759371,0.766099,0.006728,0,1,1,1
15.9,1155,1,0.00160093,0.00160093,0.952684,0.952671,1.2517e-05,35.8107,35.8107,14,14,0,0.625029,0.618133,0.006896,0,1,1,1
15.9,1155,2,0.00444917,0.00444917,0.821727,0.821427,0.000300467,35.2869,35.2857,9,9,0,0.591488,0.574208,0.01728,0,1,1,0
15.9,1155,3,0.00599331,0.00599331,0.652389,0.651507,0.000881553,34.6096,34.606,7,7,0,0.766099,0.750515,0.015584,0,1,1,0
16,1156,1,0.000451259,0.000451259,0.95268,0.952684,3.51667e-06,35.8107,35.8107,14,14,0,0.618133,0.620077,0.001944,0,1,1,1
16,1156,2,0.0022447,0.0022447,0.821649,0.821727,7.86185e-05,35.2866,35.2869,9,9,0,0.574208,0.584232,0.010024,0,1,1,0
16,1156,3,0.00419095,0.00419095,0.651879,0.652389,0.000509262,34.6075,34.6096,7,7,0,0.750515,0.761539,0.011024,0,1,1,0
16.1,1157,1,0.0014114,0.0014114,0.952669,0.95268,1.10269e-05,35.8107,35.8107,14,14,0,0.620077,0.626157,0.00608,0,1,1,1
16.1,1157,2,0.00312633,0.00312633,0.821742,0.821649,9.34005e-05,35.287,35.2866,9,9,0,0.584232,0.569984,0.014248,0,1,1,0
16.1,1157,3,0.00190179,0.00190179,0.652114,0.651879,0.000234544,34.6085,34.6075,7,7,0,0.761539,0.756547,0.004992,0,1,1,1
16.2,1158,1,0.00193881,0.00193881,0.952685,0.952669,1.51396e-05,35.8107,35.8107,14,14,0,0.626157,0.617805,0.008352,0,1,1,1
16.2,1158,2,0.00171291,0.00171291,0.821713,0.821742,2.8789e-05,35.2869,35.287,9,9,0,0.569984,0.578192,0.008208,0,1,1,1
16.2,1158,3,0.00370097,0.00370097,0.651508,0.652114,0.00060612,34.606,34.6085,7,7,0,0.756547,0.766091,0.009544,0,1,1,1
16.3,1159,1,0.00149919,0.00149919,0.952696,0.952685,1.17421e-05,35.8108,35.8107,14,14,0,0.617805,0.611349,0.006456,1,1,1,1
16.3,1159,2,1.60187e-06,1.60187e-06,0.821713,0.821713,5.96046e-08,35.2869,35.2869,9,9,0,0.578192,0.578184,8e-06,1,1,1,1
16.3,1159,3,0.00487612,0.00487612,0.652255,0.651508,0.000747144,34.609,34.606,7,7,0,0.766091,0.753451,0.01264,1,1,1,0
16.4,1160,1,0.00149363,0.00149363,0.952685,0.952696,1.16825e-05,35.8107,35.8108,14,14,0,0.611349,0.617781,0.006432,0,1,1,1
16.4,1160,2,0.00128051,0.00128051,0.821735,0.821713,2.14577e-05,35.2869,35.2869,9,9,0,0.578184,0.572048,0.006136,0,1,1,1
16.4,1160,3,0.0139353,0.0139353,0.652268,0.652255,1.3411e-05,34.6091,34.609,7,7,0,0.753451,0.721291,0.03216,0,1,1,0
16.5,1161,1,0.00168446,0.00168446,0.952671,0.952685,1.31726e-05,35.8107,35.8107,14,14,0,0.617781,0.625037,0.007256,0,1,1,1
16.5,1161,2,0.00128211,0.00128211,0.821713,0.821735,2.15173e-05,35.2869,35.2869,9,9,0,0.572048,0.578192,0.006144,0,1,1,1
16.5,1161,3,0.00708157,0.00708157,0.652346,0.652268,7.74264e-05,34.6094,34.6091,7,7,0,0.721291,0.737419,0.016128,0,1,1,0
16.6,1162,1,0.00374626,0.00374626,0.952642,0.952671,2.92659e-05,35.8106,35.8107,14,14,0,0.625037,0.641181,0.016144,0,1,1,0
16.6,1162,2,0,0,0.821713,0.821713,0,35.2869,35.2869,9,9,0,0.578192,0.578192,0,0,1,1,1
16.6,1162,3,0.00773746,0.00773746,0.652261,0.652346,8.4579e-05,34.609,34.6094,7,7,0,0.737419,0.719795,0.017624,0,1,1,0
16.7,1163,1,0.00284,0.00284,0.95254,0.952642,0.00010258,35.8102,35.8106,14,14,0,0.641181,0.658869,0.017688,0,1,1,0
16.7,1163,2,0.00128712,0.00128712,0.821735,0.821713,2.16365e-05,35.2869,35.2869,9,9,0,0.578192,0.572024,0.006168,0,1,1,1
16.7,1163,3,0.00774094,0.00774094,0.652346,0.652261,8.4579e-05,34.6094,34.609,7,7,0,0.719795,0.737427,0.017632,0,1,1,0
16.8,1164,1,0.000430167,0.000430167,0.952537,0.95254,2.74181e-06,35.8101,35.8102,14,14,0,0.658869,0.661789,0.00292,0,1,1,1
16.8,1164,2,0.00129055,0.00129055,0.821713,0.821735,2.16961e-05,35.2869,35.2869,9,9,0,0.572024,0.578208,0.006184,0,1,1,1
16.8,1164,3,0.00709556,0.00709556,0.652268,0.652346,7.75456e-05,34.6091,34.6094,7,7,0,0.737427,0.721267,0.01616,0,1,1,0
16.9,1165,1,0.0058801,0.0058801,0.952663,0.952537,0.000125706,35.8107,35.8101,14,14,0,0.661789,0.629933,0.031856,0,1,1,0
16.9,1165,2,5.03287e-06,5.03287e-06,0.821713,0.821713,1.19209e-07,35.2869,35.2869,9,9,0,0.578208,0.578184,2.4e-05,0,1,1,1
16.9,1165,3,0.00709556,0.00709556,0.652346,0.652268,7.75456e-05,34.6094,34.6091,7,7,0,0.721267,0.737427,0.01616,0,1,1,0
17,1166,1,0.00350268,0.00350268,0.952604,0.952663,5.81145e-05,35.8104,35.8107,14,14,0,0.629933,0.645965,0.016032,0,1,1,0
17,1166,2,0,0,0.821713,0.821713,0,35.2869,35.2869,9,9,0,0.578184,0.578184,0,0,1,1,1
17,1166,3,0.00709204,0.00709204,0.652268,0.652346,7.75456e-05,34.6091,34.6094,7,7,0,0.737427,0.721275,0.016152,0,1,1,0
17.1,1167,1,3.1285e-05,3.1285e-05,0.952607,0.952604,2.38419e-06,35.8104,35.8104,14,14,0,0.645965,0.645765,0.0002,0,1,1,1
17.1,1167,2,0.00128552,0.00128552,0.821735,0.821713,2.15769e-05,35.2869,35.2869,9,9,0,0.578184,0.572024,0.00616,0,1,1,1
17.1,1167,3,0.00768304,0.00768304,0.652352,0.652268,8.40425e-05,34.6094,34.6091,7,7,0,0.721275,0.738771,0.017496,0,1,1,0
17.2,1168,1,0.0031186,0.0031186,0.95266,0.952607,5.29885e-05,35.8106,35.8104,14,14,0,0.645765,0.631453,0.014312,0,1,1,0
17.2,1168,2,0.00270296,0.00270296,0.821648,0.821735,8.64863e-05,35.2866,35.2869,9,9,0,0.572024,0.58424,0.012216,0,1,1,0
17.2,1168,3,0.00149129,0.00149129,0.652336,0.652352,1.63317e-05,34.6093,34.6094,7,7,0,0.738771,0.735379,0.003392,0,1,1,1
17.3,1169,1,0.00520678,0.00520678,0.952539,0.95266,0.000120938,35.8102,35.8106,14,14,0,0.631453,0.659613,0.02816,0,1,1,0
17.3,1169,2,0.00141584,0.00141584,0.821713,0.821648,6.48499e-05,35.2869,35.2866,9,9,0,0.58424,0.578192,0.006048,0,1,1,1
17.3,1169,3,0.00529709,0.00529709,0.652278,0.652336,5.78761e-05,34.6091,34.6093,7,7,0,0.735379,0.723315,0.012064,0,1,1,0
17.4,1170,1,0.00505459,0.00505459,0.952659,0.952539,0.000119746,35.8106,35.8102,14,14,0,0.659613,0.632109,0.027504,0,1,1,0
17.4,1170,2,0.0017179,0.0017179,0.821742,0.821713,2.89083e-05,35.287,35.2869,9,9,0,0.578192,0.56996,0.008232,0,1,1,1
17.4,1170,3,0.00530414,0.00530414,0.652336,0.652278,5.79357e-05,34.6093,34.6091,7,7,0,0.723315,0.735395,0.01208,0,1,1,0
17.5,1171,1,0.00291238,0.00291238,0.952611,0.952659,4.76837e-05,35.8104,35.8106,14,14,0,0.632109,0.645421,0.013312,0,1,1,0
17.5,1171,2,0.0017163,0.0017163,0.821713,0.821742,2.88486e-05,35.2869,35.287,9,9,0,0.56996,0.578184,0.008224,0,1,1,1
17.5,1171,3,0.00420202,0.00420202,0.65229,0.652336,4.5836e-05,34.6092,34.6093,7,7,0,0.735395,0.725827,0.009568,0,1,1,1
17.6,1172,1,0.00133257,0.00133257,0.952544,0.952611,6.6936e-05,35.8102,35.8104,14,14,0,0.645421,0.654117,0.008696,0,1,1,1
17.6,1172,2,0.000425722,0.000425722,0.821706,0.821713,7.09295e-06,35.2868,35.2869,9,9,0,0.578184,0.580224,0.00204,0,1,1,1
17.6,1172,3,0.00309466,0.00309466,0.652324,0.65229,3.37958e-05,34.6093,34.6092,7,7,0,0.725827,0.732875,0.007048,0,1,1,1
17.7,1173,1,0.00172796,0.00172796,0.952639,0.952544,9.49502e-05,35.8106,35.8102,14,14,0,0.654117,0.642957,0.01116,1,1,1,0
17.7,1173,2,0.00214202,0.00214202,0.821742,0.821706,3.59416e-05,35.287,35.2868,9,9,0,0.580224,0.56996,0.010264,1,1,1,0
17.7,1173,3,0.00484239,0.00484239,0.652271,0.652324,5.29289e-05,34.6091,34.6093,7,7,0,0.732875,0.721843,0.011032,1,1,1,0
17.8,1174,1,0.00227126,0.00227126,0.952541,0.952639,9.83477e-05,35.8102,35.8106,14,14,0,0.642957,0.657805,0.014848,0,1,1,0
17.8,1174,2,0.00171468,0.00171468,0.821713,0.821742,2.88486e-05,35.2869,35.287,9,9,0,0.56996,0.578176,0.008216,0,1,1,1
17.8,1174,3,0.00717719,0.00717719,0.652349,0.652271,7.84397e-05,34.6094,34.6091,7,7,0,0.721843,0.738187,0.016344,0,1,1,0
17.9,1175,1,0.00296902,0.00296902,0.952644,0.952541,0.000103772,35.8106,35.8102,14,14,0,0.657805,0.639949,0.017856,0,1,1,0
17.9,1175,2,1.6205e-06,1.6205e-06,0.821713,0.821713,0,35.2869,35.2869,9,9,0,0.578176,0.578184,8e-06,0,1,1,1
17.9,1175,3,0.00742975,0.00742975,0.652268,0.652349,8.12411e-05,34.6091,34.6094,7,7,0,0.738187,0.721267,0.01692,0,1,1,0
18,1176,1,0.000198595,0.000198595,0.952643,0.952644,1.54972e-06,35.8106,35.8106,14,14,0,0.639949,0.640805,0.000856,0,1,1,1
18,1176,2,0.000424027,0.000424027,0.821706,0.821713,7.09295e-06,35.2868,35.2869,9,9,0,0.578184,0.580216,0.002032,0,1,1,1
18,1176,3,0.00709556,0.00709556,0.652346,0.652268,7.75456e-05,34.6094,34.6091,7,7,0,0.721267,0.737427,0.01616,0,1,1,0
18.1,1177,1,0.00382975,0.00382975,0.952534,0.952643,0.000108957,35.8101,35.8106,14,14,0,0.640805,0.664997,0.024192,0,1,1,0
18.1,1177,2,0.00118698,0.00118698,0.821726,0.821706,1.9908e-05,35.2869,35.2868,9,9,0,0.580216,0.574528,0.005688,0,1,1,1
18.1,1177,3,0.00650617,0.00650617,0.652275,0.652346,7.10487e-05,34.6091,34.6094,7,7,0,0.737427,0.722611,0.014816,0,1,1,0
18.2,1178,1,0.00460383,0.00460383,0.952649,0.952534,0.000115037,35.8106,35.8101,14,14,0,0.664997,0.637469,0.027528,0,1,1,0
18.2,1178,2,0.000759594,0.000759594,0.821713,0.821726,1.27554e-05,35.2869,35.2869,9,9,0,0.574528,0.578168,0.00364,0,1,1,1
18.2,1178,3,0.00650617,0.00650617,0.652346,0.652275,7.10487e-05,34.6094,34.6091,7,7,0,0.722611,0.737427,0.014816,0,1,1,0
18.3,1179,1,0.001277,0.001277,0.952639,0.952649,1.00136e-05,35.8106,35.8106,14,14,0,0.637469,0.642973,0.005504,0,1,1,1
18.3,1179,2,4.96209e-06,4.96209e-06,0.821713,0.821713,1.19209e-07,35.2869,35.2869,9,9,0,0.578168,0.578192,2.4e-05,0,1,1,1
18.3,1179,3,0.00632723,0.00632723,0.652277,0.652346,6.91414e-05,34.6091,34.6094,7,7,0,0.737427,0.723019,0.014408,0,1,1,0
18.4,1180,1,0.00172184,0.00172184,0.952544,0.952639,9.48906e-05,35.8102,35.8106,14,14,0,0.642973,0.654101,0.011128,0,1,1,0
18.4,1180,2,0.000983261,0.000983261,0.82173,0.821713,1.65105e-05,35.2869,35.2869,9,9,0,0.578192,0.57348,0.004712,0,1,1,1
18.4,1180,3,0.00556055,0.00556055,0.652337,0.652277,6.07371e-05,34.6093,34.6091,7,7,0,0.723019,0.735683,0.012664,0,1,1,0
18.5,1181,1,0.00120725,0.00120725,0.952602,0.952544,5.76377e-05,35.8104,35.8102,14,14,0,0.654101,0.646205,0.007896,0,1,1,1
18.5,1181,2,0.000980038,0.000980038,0.821713,0.82173,1.64509e-05,35.2869,35.2869,9,9,0,0.57348,0.578176,0.004696,0,1,1,1
18.5,1181,3,0.00696722,0.00696722,0.652261,0.652337,7.61151e-05,34.609,34.6093,7,7,0,0.735683,0.719811,0.015872,0,1,1,0
18.6,1182,1,6.14747e-05,6.14747e-05,0.952597,0.952602,4.70877e-06,35.8104,35.8104,14,14,0,0.646205,0.646597,0.000392,0,1,1,1
18.6,1182,2,1.73971e-06,1.73971e-06,0.821713,0.821713,5.96046e-08,35.2869,35.2869,9,9,0,0.578176,0.578168,8e-06,0,1,1,1
18.6,1182,3,0.0077339,0.0077339,0.652346,0.652261,8.45194e-05,34.6094,34.609,7,7,0,0.719811,0.737427,0.017616,0,1,1,0
18.7,1183,1,0.00305716,0.00305716,0.952532,0.952597,6.49691e-05,35.8101,35.8104,14,14,0,0.646597,0.667077,0.02048,0,1,1,0
18.7,1183,2,0.000759594,0.000759594,0.821726,0.821713,1.27554e-05,35.2869,35.2869,9,9,0,0.578168,0.574528,0.00364,0,1,1,1
18.7,1183,3,0.00709556,0.00709556,0.652268,0.652346,7.75456e-05,34.6091,34.6094,7,7,0,0.737427,0.721267,0.01616,0,1,1,0
18.8,1184,1,0.000379384,0.000379384,0.95253,0.952532,2.38419e-06,35.8101,35.8101,14,14,0,0.667077,0.669653,0.002576,0,1,1,1
18.8,1184,2,0.000761334,0.000761334,0.821713,0.821726,1.2815e-05,35.2869,35.2869,9,9,0,0.574528,0.578176,0.003648,0,1,1,1
18.8,1184,3,0.00709556,0.00709556,0.652346,0.652268,7.75456e-05,34.6094,34.6091,7,7,0,0.721267,0.737427,0.01616,0,1,1,0
18.9,1185,1,0.00151033,0.00151033,0.952532,0.95253,2.563e-06,35.8101,35.8101,14,14,0,0.669653,0.679725,0.010072,0,1,1,0
18.9,1185,2,0.000425648,0.000425648,0.821706,0.821713,7.09295e-06,35.2868,35.2869,9,9,0,0.578176,0.580216,0.00204,0,1,1,1
18.9,1185,3,0.000896767,0.000896767,0.652336,0.652346,9.77516e-06,34.6093,34.6094,7,7,0,0.737427,0.735387,0.00204,0,1,1,1
