time_s,ueIndex,x,y,servingCellId
0,0,324.813,606.431,1
0,1,365.245,268.289,2
0,2,421.865,277.255,2
0,3,592.137,746.107,1
0,4,727.211,523.516,3
0,5,419.748,441.704,2
0,6,320.72,288.36,2
0,7,442.394,527.272,2
0,8,481.582,423.173,2
0,9,409.395,564.872,1
0,10,590.6,273.298,3
0,11,535.558,327.623,3
0,12,529.331,670.503,1
0,13,696.317,439.577,3
0,14,414.952,772.019,1
0,15,392.544,365.962,2
0,16,555.683,456.151,3
0,17,492.345,514.552,1
0,18,654.524,363.624,3
0,19,644.199,738.714,1
0,20,540.426,659.852,1
0,21,664.638,635.297,1
0,22,732.569,663.029,1
0,23,476.025,342.228,2
0,24,534.227,403.622,3
0,25,430.734,669.825,1
0,26,607.651,726.484,1
0,27,588.278,694.661,1
0,28,271.543,488.383,2
0,29,667.957,630.297,1
0.5,0,323.837,605.291,1
0.5,1,364.563,266.952,2
0.5,2,420.654,278.14,2
0.5,3,591.848,747.579,1
0.5,4,725.904,524.253,3
0.5,5,421.232,441.486,2
0.5,6,322.213,288.215,2
0.5,7,443.575,528.197,2
0.5,8,481.297,421.701,2
0.5,9,410.475,565.914,1
0.5,10,591.963,273.925,3
0.5,11,534.365,326.714,3
0.5,12,528.016,671.224,1
0.5,13,694.851,439.258,3
0.5,14,413.46,771.865,1
0.5,15,392.961,364.522,2
0.5,16,556.682,455.031,3
0.5,17,493.788,514.962,1
0.5,18,655.731,362.733,3
0.5,19,642.764,738.278,1
0.5,20,540.759,661.315,1
0.5,21,663.955,633.962,1
0.5,22,733.124,664.423,1
0.5,23,476.607,340.845,2
0.5,24,534.196,402.123,3
0.5,25,430.132,668.451,1
0.5,26,606.489,725.536,1
0.5,27,588.037,693.181,1
0.5,28,270.186,489.021,2
0.5,29,667.46,631.712,1
1,0,322.862,604.152,1
1,1,363.882,265.616,2
1,2,419.443,279.025,2
1,3,591.559,749.05,1
1,4,724.598,524.99,3
1,5,422.716,441.268,2
1,6,323.706,288.071,2
1,7,444.756,529.122,2
1,8,481.012,420.228,2
1,9,411.554,566.956,1
1,10,593.326,274.552,3
1,11,533.172,325.805,3
1,12,526.701,671.946,1
1,13,693.386,438.939,3
1,14,411.968,771.71,1
1,15,393.379,363.081,2
1,16,557.68,453.912,3
1,17,495.231,515.371,1
1,18,656.938,361.842,3
1,19,641.329,737.842,1
1,20,541.093,662.777,1
1,21,663.272,632.626,1
1,22,733.679,665.817,1
1,23,477.188,339.462,2
1,24,534.165,400.623,3
1,25,429.53,667.077,1
1,26,605.327,724.587,1
1,27,587.797,691.7,1
1,28,268.828,489.66,2
1,29,666.963,633.127,1
1.5,0,321.886,603.013,1
1.5,1,363.201,264.279,2
1.5,2,418.232,279.91,2
1.5,3,591.27,750.522,1
1.5,4,723.291,525.726,3
1.5,5,424.2,441.05,2
1.5,6,325.199,287.926,2
1.5,7,445.937,530.047,2
1.5,8,480.727,418.755,2
1.5,9,412.633,567.998,1
1.5,10,594.689,275.179,3
1.5,11,531.979,324.895,3
1.5,12,525.385,672.667,1
1.5,13,691.92,438.62,3
1.5,14,410.476,771.555,1
1.5,15,393.797,361.64,2
1.5,16,558.679,452.793,3
1.5,17,496.674,515.78,1
1.5,18,658.145,360.951,3
1.5,19,639.894,737.405,1
1.5,20,541.426,664.24,1
1.5,21,662.589,631.291,1
1.5,22,734.233,667.21,1
1.5,23,477.77,338.08,2
1.5,24,534.134,399.123,3
1.5,25,428.928,665.703,1
1.5,26,604.165,723.639,1
1.5,27,587.556,690.22,1
1.5,28,267.471,490.298,2
1.5,29,666.466,634.543,1
2,0,320.91,601.874,1
2,1,362.52,262.943,2
2,2,417.021,280.795,2
2,3,590.981,751.994,1
2,4,721.984,526.463,3
2,5,425.684,440.833,2
2,6,326.692,287.782,2
2,7,447.118,530.971,2
2,8,480.443,417.283,2
2,9,413.712,569.039,1
2,10,596.051,275.806,3
2,11,530.786,323.986,3
2,12,524.07,673.388,1
2,13,690.454,438.301,3
2,14,408.984,771.401,1
2,15,394.215,360.2,2
2,16,559.677,451.673,3
2,17,498.117,516.19,1
2,18,659.351,360.06,3
2,19,638.458,736.969,1
2,20,541.76,665.702,1
2,21,661.906,629.955,1
2,22,734.788,668.604,1
2,23,478.351,336.697,2
2,24,534.103,397.624,3
2,25,428.326,664.329,1
2,26,603.002,722.691,1
2,27,587.316,688.739,1
2,28,266.114,490.937,2
2,29,665.97,635.958,1
2.5,0,319.934,600.735,1
2.5,1,361.839,261.606,2
2.5,2,415.81,281.68,2
2.5,3,590.692,753.466,1
2.5,4,720.678,527.2,3
2.5,5,427.169,440.615,2
2.5,6,328.185,287.637,2
2.5,7,448.299,531.896,2
2.5,8,480.158,415.81,2
2.5,9,414.792,570.081,1
2.5,10,597.414,276.433,3
2.5,11,529.593,323.077,3
2.5,12,522.755,674.109,1
2.5,13,688.989,437.982,3
2.5,14,407.492,771.246,1
2.5,15,394.632,358.759,2
2.5,16,560.676,450.554,3
2.5,17,499.56,516.599,1
2.5,18,660.558,359.169,3
2.5,19,637.023,736.533,1
2.5,20,542.093,667.165,1
2.5,21,661.223,628.62,1
2.5,22,735.343,669.998,1
2.5,23,478.933,335.314,2
2.5,24,534.072,396.124,3
2.5,25,427.724,662.955,1
2.5,26,601.84,721.742,1
2.5,27,587.076,687.258,1
2.5,28,264.756,491.575,2
2.5,29,665.473,637.373,1
3,0,318.958,599.596,1
3,1,361.158,260.27,2
3,2,414.599,282.565,2
3,3,590.402,754.938,1
3,4,719.371,527.936,3
3,5,428.653,440.397,2
3,6,329.678,287.493,2
3,7,449.48,532.821,2
3,8,479.873,414.337,2
3,9,415.871,571.123,1
3,10,598.777,277.06,3
3,11,528.4,322.167,3
3,12,521.44,674.83,1
3,13,687.523,437.663,3
3,14,406,771.091,1
3,15,395.05,357.318,2
3,16,561.675,449.435,3
3,17,501.003,517.009,1
3,18,661.765,358.278,3
3,19,635.588,736.096,1
3,20,542.427,668.627,1
3,21,660.54,627.284,1
3,22,735.898,671.391,1
3,23,479.515,333.932,2
3,24,534.041,394.624,3
3,25,427.122,661.581,1
3,26,600.678,720.794,1
3,27,586.835,685.778,1
3,28,263.399,492.214,2
3,29,664.976,638.789,1
3.5,0,317.982,598.456,1
3.5,1,360.477,258.934,2
3.5,2,413.388,283.45,2
3.5,3,590.113,756.41,1
3.5,4,718.064,528.673,3
3.5,5,430.137,440.179,2
3.5,6,331.171,287.348,2
3.5,7,450.66,533.746,2
3.5,8,479.588,412.864,2
3.5,9,416.95,572.165,1
3.5,10,600.139,277.686,3
3.5,11,527.207,321.258,3
3.5,12,520.124,675.551,1
3.5,13,686.057,437.343,3
3.5,14,404.508,770.937,1
3.5,15,395.468,355.878,2
3.5,16,562.673,448.315,3
3.5,17,502.446,517.418,1
3.5,18,662.972,357.388,3
3.5,19,634.153,735.66,1
3.5,20,542.76,670.09,1
3.5,21,659.856,625.949,1
3.5,22,736.452,672.785,1
3.5,23,480.096,332.549,2
3.5,24,534.01,393.125,3
3.5,25,426.52,660.207,1
3.5,26,599.516,719.845,1
3.5,27,586.595,684.297,1
3.5,28,262.042,492.852,2
3.5,29,664.479,640.204,1
4,0,317.006,597.317,1
4,1,359.796,257.597,2
4,2,412.176,284.335,2
4,3,589.824,757.882,1
4,4,716.758,529.41,3
4,5,431.621,439.962,2
4,6,332.664,287.204,2
4,7,451.841,534.671,2
4,8,479.304,411.392,2
4,9,418.029,573.206,1
4,10,601.502,278.313,3
4,11,526.015,320.348,3
4,12,518.809,676.272,1
4,13,684.592,437.024,3
4,14,403.016,770.782,1
4,15,395.885,354.437,2
4,16,563.672,447.196,3
4,17,503.889,517.828,1
4,18,664.179,356.497,3
4,19,632.718,735.224,1
4,20,543.093,671.552,1
4,21,659.173,624.614,1
4,22,737.007,674.179,1
4,23,480.678,331.166,2
4,24,533.979,391.625,3
4,25,425.918,658.834,1
4,26,598.354,718.897,1
4,27,586.354,682.817,1
4,28,260.685,493.491,2
4,29,663.982,641.619,1
4.5,0,316.03,596.178,1
4.5,1,359.115,256.261,2
4.5,2,410.965,285.22,2
4.5,3,589.535,759.354,1
4.5,4,715.451,530.146,3
4.5,5,433.105,439.744,2
4.5,6,334.157,287.059,2
4.5,7,453.022,535.596,2
4.5,8,479.019,409.919,2
4.5,9,419.108,574.248,1
4.5,10,602.865,278.94,3
4.5,11,524.822,319.439,3
4.5,12,517.494,676.993,1
4.5,13,683.126,436.705,3
4.5,14,401.524,770.628,1
4.5,15,396.303,352.996,2
4.5,16,564.67,446.076,3
4.5,17,505.332,518.237,1
4.5,18,665.385,355.606,3
4.5,19,631.283,734.787,1
4.5,20,543.427,673.015,1
4.5,21,658.49,623.278,1
4.5,22,737.562,675.572,1
4.5,23,481.259,329.784,2
4.5,24,533.948,390.125,3
4.5,25,425.316,657.46,1
4.5,26,597.192,717.948,1
4.5,27,586.114,681.336,1
4.5,28,259.327,494.129,2
4.5,29,663.485,643.034,1
5,0,315.055,595.039,1
5,1,358.434,254.924,2
5,2,409.754,286.105,2
5,3,589.246,760.825,1
5,4,714.145,530.883,3
5,5,434.589,439.526,2
5,6,335.65,286.915,2
5,7,454.203,536.521,2
5,8,478.734,408.446,2
5,9,420.188,575.29,1
5,10,604.228,279.567,3
5,11,523.629,318.53,3
5,12,516.178,677.714,1
5,13,681.66,436.386,3
5,14,400.032,770.473,1
5,15,396.721,351.556,2
5,16,565.669,444.957,3
5,17,506.775,518.647,1
5,18,666.592,354.715,3
5,19,629.848,734.351,1
5,20,543.76,674.477,1
5,21,657.807,621.943,1
5,22,738.116,676.966,1
5,23,481.841,328.401,2
5,24,533.917,388.626,3
5,25,424.714,656.086,1
5,26,596.03,717,1
5,27,585.873,679.855,1
5,28,257.97,494.768,2
5,29,662.988,644.45,1
5.5,0,314.079,593.9,1
5.5,1,357.752,253.588,2
5.5,2,408.543,286.99,2
5.5,3,588.957,762.297,1
5.5,4,712.838,531.62,3
5.5,5,436.073,439.308,2
5.5,6,337.143,286.77,2
5.5,7,455.384,537.446,2
5.5,8,478.449,406.973,2
5.5,9,421.267,576.332,1
5.5,10,605.59,280.194,3
5.5,11,522.436,317.62,3
5.5,12,514.863,678.435,1
5.5,13,680.195,436.067,3
5.5,14,398.54,770.318,1
5.5,15,397.139,350.115,2
5.5,16,566.667,443.838,3
5.5,17,508.218,519.056,1
5.5,18,667.799,353.824,3
5.5,19,628.413,733.915,1
5.5,20,544.094,675.939,1
5.5,21,657.124,620.607,1
5.5,22,738.671,678.36,1
5.5,23,482.422,327.018,2
5.5,24,533.886,387.126,3
5.5,25,424.112,654.712,1
5.5,26,594.868,716.051,1
5.5,27,585.633,678.375,1
5.5,28,256.613,495.406,2
5.5,29,662.491,645.865,1
6,0,313.103,592.761,1
6,1,357.071,252.251,2
6,2,407.332,287.875,2
6,3,588.667,763.769,1
6,4,711.531,532.356,3
6,5,437.557,439.091,2
6,6,338.636,286.626,2
6,7,456.565,538.371,2
6,8,478.165,405.501,2
6,9,422.346,577.373,1
6,10,606.953,280.821,3
6,11,521.243,316.711,3
6,12,513.548,679.156,1
6,13,678.729,435.748,3
6,14,397.048,770.164,1
6,15,397.556,348.674,2
6,16,567.666,442.718,3
6,17,509.661,519.466,1
6,18,669.006,352.933,3
6,19,626.977,733.478,1
6,20,544.427,677.402,1
6,21,656.441,619.272,1
6,22,739.226,679.753,1
6,23,483.004,325.636,2
6,24,533.855,385.626,3
6,25,423.51,653.338,1
6,26,593.706,715.103,1
6,27,585.393,676.894,1
6,28,255.255,496.045,2
6,29,661.994,647.28,1
6.5,0,312.127,591.621,1
6.5,1,356.39,250.915,2
6.5,2,406.121,288.76,2
6.5,3,588.378,765.241,1
6.5,4,710.225,533.093,3
6.5,5,439.041,438.873,2
6.5,6,340.129,286.482,2
6.5,7,457.746,539.296,2
6.5,8,477.88,404.028,2
6.5,9,423.425,578.415,1
6.5,10,608.316,281.448,3
6.5,11,520.05,315.802,3
6.5,12,512.232,679.877,1
6.5,13,677.263,435.429,3
6.5,14,395.556,770.009,1
6.5,15,397.974,347.234,2
6.5,16,568.664,441.599,3
6.5,17,511.105,519.875,1
6.5,18,670.213,352.042,3
6.5,19,625.542,733.042,1
6.5,20,544.761,678.864,1
6.5,21,655.758,617.936,1
6.5,22,739.781,681.147,1
6.5,23,483.585,324.253,2
6.5,24,533.824,384.127,3
6.5,25,422.908,651.964,1
6.5,26,592.544,714.154,1
6.5,27,585.152,675.414,1
6.5,28,253.898,496.683,2
6.5,29,661.497,648.696,1
7,0,311.151,590.482,1
7,1,355.709,249.578,2
7,2,404.91,289.645,2
7,3,588.089,766.713,1
7,4,708.918,533.829,3
7,5,440.526,438.655,2
7,6,341.622,286.337,2
7,7,458.927,540.221,2
7,8,477.595,402.555,2
7,9,424.505,579.457,1
7,10,609.678,282.075,3
7,11,518.857,314.892,3
7,12,510.917,680.599,1
7,13,675.798,435.109,3
7,14,394.064,769.854,1
7,15,398.392,345.793,2
7,16,569.663,440.48,3
7,17,512.548,520.284,1
7,18,671.419,351.151,3
7,19,624.107,732.606,1
7,20,545.094,680.327,1
7,21,655.075,616.601,1
7,22,740.335,682.541,1
7,23,484.167,322.87,2
7,24,533.793,382.627,3
7,25,422.306,650.59,1
7,26,591.382,713.206,1
7,27,584.912,673.933,1
7,28,252.541,497.322,2
7,29,661.001,650.111,1
7.5,0,310.175,589.343,1
7.5,1,355.028,248.242,2
7.5,2,403.699,290.53,2
7.5,3,587.8,768.185,1
7.5,4,707.611,534.566,3
7.5,5,442.01,438.437,2
7.5,6,343.115,286.193,2
7.5,7,460.107,541.146,2
7.5,8,477.31,401.083,2
7.5,9,425.584,580.499,1
7.5,10,611.041,282.702,3
7.5,11,517.664,313.983,3
7.5,12,509.602,681.32,1
7.5,13,674.332,434.79,3
7.5,14,392.572,769.7,1
7.5,15,398.81,344.352,2
7.5,16,570.661,439.36,3
7.5,17,513.991,520.694,1
7.5,18,672.626,350.261,3
7.5,19,622.672,732.169,1
7.5,20,545.428,681.789,1
7.5,21,654.392,615.265,1
7.5,22,740.89,683.934,1
7.5,23,484.749,321.488,2
7.5,24,533.762,381.127,3
7.5,25,421.704,649.216,1
7.5,26,590.22,712.257,1
7.5,27,584.671,672.452,1
7.5,28,251.183,497.961,2
7.5,29,660.504,651.526,1
8,0,309.199,588.204,1
8,1,354.347,246.905,2
8,2,402.488,291.415,2
8,3,587.511,769.657,1
8,4,706.305,535.303,3
8,5,443.494,438.219,2
8,6,344.608,286.048,2
8,7,461.288,542.071,2
8,8,477.026,399.61,2
8,9,426.663,581.54,1
8,10,612.404,283.329,3
8,11,516.471,313.073,3
8,12,508.286,682.041,1
8,13,672.866,434.471,3
8,14,391.08,769.545,1
8,15,399.227,342.912,2
8,16,571.66,438.241,3
8,17,515.434,521.103,1
8,18,673.833,349.37,3
8,19,621.237,731.733,1
8,20,545.761,683.252,1
8,21,653.709,613.93,1
8,22,741.445,685.328,1
8,23,485.33,320.105,2
8,24,533.731,379.628,3
8,25,421.103,647.842,1
8,26,589.058,711.309,1
8,27,584.431,670.972,1
8,28,249.826,498.599,2
8,29,660.007,652.942,1
8.5,0,308.224,587.065,1
8.5,1,353.666,245.569,2
8.5,2,401.276,292.3,2
8.5,3,587.222,771.128,1
8.5,4,704.998,536.039,3
8.5,5,444.978,438.002,2
8.5,6,346.101,285.904,2
8.5,7,462.469,542.996,2
8.5,8,476.741,398.137,2
8.5,9,427.742,582.582,1
8.5,10,613.766,283.956,3
8.5,11,515.278,312.164,3
8.5,12,506.971,682.762,1
8.5,13,671.401,434.152,3
8.5,14,389.588,769.39,1
8.5,15,399.645,341.471,2
8.5,16,572.658,437.122,3
8.5,17,516.877,521.513,1
8.5,18,675.04,348.479,3
8.5,19,619.802,731.297,1
8.5,20,546.095,684.714,1
8.5,21,653.026,612.594,1
8.5,22,742,686.721,1
8.5,23,485.912,318.722,2
8.5,24,533.7,378.128,3
8.5,25,420.501,646.468,1
8.5,26,587.895,710.361,1
8.5,27,584.19,669.491,1
8.5,28,248.469,499.238,2
8.5,29,659.51,654.357,1
9,0,307.248,585.926,1
9,1,352.985,244.233,2
9,2,400.065,293.185,2
9,3,586.933,772.6,1
9,4,703.691,536.776,3
9,5,446.462,437.784,2
9,6,347.594,285.759,2
9,7,463.65,543.921,2
9,8,476.456,396.664,2
9,9,428.822,583.624,1
9,10,615.129,284.583,3
9,11,514.085,311.255,3
9,12,505.656,683.483,1
9,13,669.935,433.833,3
9,14,388.096,769.236,1
9,15,400.063,340.03,2
9,16,573.657,436.002,3
9,17,518.32,521.922,1
9,18,676.246,347.588,3
9,19,618.367,730.86,1
9,20,546.428,686.177,1
9,21,652.343,611.259,1
9,22,742.554,688.115,1
9,23,486.493,317.34,2
9,24,533.669,376.628,3
9,25,419.899,645.094,1
9,26,586.733,709.412,1
9,27,583.95,668.011,1
9,28,247.111,499.876,2
9,29,659.013,655.772,1
9.5,0,306.272,584.786,1
9.5,1,352.304,242.896,2
9.5,2,398.854,294.07,2
9.5,3,586.643,774.072,1
9.5,4,702.385,537.513,3
9.5,5,447.946,437.566,2
9.5,6,349.087,285.615,2
9.5,7,464.831,544.846,2
9.5,8,476.172,395.192,2
9.5,9,429.901,584.666,1
9.5,10,616.492,285.21,3
9.5,11,512.893,310.345,3
9.5,12,504.341,684.204,1
9.5,13,668.469,433.514,3
9.5,14,386.604,769.081,1
9.5,15,400.48,338.59,2
9.5,16,574.655,434.883,3
9.5,17,519.763,522.332,1
9.5,18,677.453,346.697,3
9.5,19,616.931,730.424,1
9.5,20,546.762,687.639,1
9.5,21,651.66,609.924,1
9.5,22,743.109,689.509,1
9.5,23,487.075,315.957,2
9.5,24,533.638,375.129,3
9.5,25,419.297,643.721,1
9.5,26,585.571,708.464,1
9.5,27,583.71,666.53,1
9.5,28,245.754,500.515,2
9.5,29,658.516,657.188,1
10,0,305.296,583.647,1
10,1,351.622,241.56,2
10,2,397.643,294.955,2
10,3,586.354,775.544,1
10,4,701.078,538.249,3
10,5,449.43,437.348,2
10,6,350.58,285.47,2
10,7,466.012,545.771,2
10,8,475.887,393.719,2
10,9,430.98,585.707,1
10,10,617.855,285.836,3
10,11,511.7,309.436,3
10,12,503.025,684.925,1
10,13,667.004,433.195,3
10,14,385.112,768.926,1
10,15,400.898,337.149,2
10,16,575.654,433.764,3
10,17,521.206,522.741,1
10,18,678.66,345.806,3
10,19,615.496,729.988,1
10,20,547.095,689.102,1
10,21,650.977,608.588,1
10,22,743.664,690.902,1
10,23,487.656,314.574,2
10,24,533.607,373.629,3
10,25,418.695,642.347,1
10,26,584.409,707.515,1
10,27,583.469,665.049,1
10,28,244.397,501.153,2
10,29,658.019,658.603,1
10.5,0,304.32,582.508,1
10.5,1,350.941,240.223,2
10.5,2,396.432,295.84,2
10.5,3,586.065,777.016,1
10.5,4,699.771,538.986,3
10.5,5,450.914,437.131,2
10.5,6,352.073,285.326,2
10.5,7,467.193,546.695,2
10.5,8,475.602,392.246,2
10.5,9,432.059,586.749,1
10.5,10,619.217,286.463,3
10.5,11,510.507,308.527,3
10.5,12,501.71,685.646,1
10.5,13,665.538,432.875,3
10.5,14,383.62,768.772,1
10.5,15,401.316,335.708,2
10.5,16,576.652,432.644,3
10.5,17,522.649,523.151,1
10.5,18,679.867,344.915,3
10.5,19,614.061,729.551,1
10.5,20,547.429,690.564,1
10.5,21,650.294,607.253,1
10.5,22,744.219,692.296,1
10.5,23,488.238,313.192,2
10.5,24,533.576,372.129,3
10.5,25,418.093,640.973,1
10.5,26,583.247,706.567,1
10.5,27,583.229,663.569,1
10.5,28,243.039,501.792,2
10.5,29,657.522,660.018,1
11,0,303.344,581.369,1
11,1,350.26,238.887,2
11,2,395.221,296.725,2
11,3,585.776,778.488,1
11,4,698.465,539.723,3
11,5,452.398,436.913,2
11,6,353.566,285.181,2
11,7,468.374,547.62,2
11,8,475.317,390.774,2
11,9,433.138,587.791,1
11,10,620.58,287.09,3
11,11,509.314,307.617,3
11,12,500.395,686.367,1
11,13,664.072,432.556,3
11,14,382.128,768.617,1
11,15,401.734,334.268,2
11,16,577.651,431.525,3
11,17,524.092,523.56,1
11,18,681.074,344.025,3
11,19,612.626,729.115,1
11,20,547.762,692.026,1
11,21,649.611,605.917,1
11,22,744.773,693.69,1
11,23,488.819,311.809,2
11,24,533.545,370.629,3
11,25,417.491,639.599,1
11,26,582.085,705.618,1
11,27,582.988,662.088,1
11,28,241.682,502.43,2
11,29,657.025,661.433,1
11.5,0,302.368,580.23,1
11.5,1,349.579,237.55,2
11.5,2,394.01,297.61,2
11.5,3,585.487,779.96,1
11.5,4,697.158,540.459,3
11.5,5,453.883,436.695,2
11.5,6,355.059,285.037,2
11.5,7,469.555,548.545,2
11.5,8,475.033,389.301,2
11.5,9,434.218,588.833,1
11.5,10,621.943,287.717,3
11.5,11,508.121,306.708,3
11.5,12,499.079,687.088,1
11.5,13,662.607,432.237,3
11.5,14,380.636,768.462,1
11.5,15,402.151,332.827,2
11.5,16,578.65,430.406,3
11.5,17,525.535,523.969,1
11.5,18,682.28,343.134,3
11.5,19,611.191,728.679,1
11.5,20,548.096,693.489,1
11.5,21,648.928,604.582,1
11.5,22,745.328,695.083,1
11.5,23,489.401,310.426,2
11.5,24,533.514,369.13,3
11.5,25,416.889,638.225,1
11.5,26,580.923,704.67,1
11.5,27,582.748,660.607,1
11.5,28,240.325,503.069,2
11.5,29,656.528,662.849,1
12,0,301.392,579.091,1
12,1,348.898,236.214,2
12,2,392.799,298.495,2
12,3,585.198,781.432,1
12,4,695.851,541.196,3
12,5,455.367,436.477,2
12,6,356.552,284.893,2
12,7,470.735,549.47,2
12,8,474.748,387.828,2
12,9,435.297,589.874,1
12,10,623.305,288.344,3
12,11,506.928,305.799,3
12,12,497.764,687.809,1
12,13,661.141,431.918,3
12,14,379.144,768.308,1
12,15,402.569,331.387,2
12,16,579.648,429.286,3
12,17,526.978,524.379,1
12,18,683.487,342.243,3
12,19,609.756,728.242,1
12,20,548.429,694.951,1
12,21,648.245,603.246,1
12,22,745.883,696.477,1
12,23,489.983,309.044,2
12,24,533.483,367.63,3
12,25,416.287,636.851,1
12,26,579.761,703.721,1
12,27,582.507,659.127,1
12,28,238.968,503.707,2
12,29,656.032,664.264,1
12.5,0,300.417,577.951,1
12.5,1,348.217,234.877,2
12.5,2,391.588,299.38,2
12.5,3,584.909,782.903,1
12.5,4,694.545,541.933,3
12.5,5,456.851,436.26,2
12.5,6,358.045,284.748,2
12.5,7,471.916,550.395,2
12.5,8,474.463,386.355,2
12.5,9,436.376,590.916,1
12.5,10,624.668,288.971,3
12.5,11,505.735,304.889,3
12.5,12,496.449,688.53,1
12.5,13,659.675,431.599,3
12.5,14,377.652,768.153,1
12.5,15,402.987,329.946,2
12.5,16,580.647,428.167,3
12.5,17,528.421,524.788,1
12.5,18,684.694,341.352,3
12.5,19,608.321,727.806,1
12.5,20,548.763,696.414,1
12.5,21,647.562,601.911,1
12.5,22,746.438,697.871,1
12.5,23,490.564,307.661,2
12.5,24,533.452,366.13,3
12.5,25,415.685,635.477,1
12.5,26,578.599,702.773,1
12.5,27,582.267,657.646,1
12.5,28,237.61,504.346,2
12.5,29,655.535,665.679,1
13,0,299.441,576.812,1
13,1,347.536,233.541,2
13,2,390.377,300.265,2
13,3,584.619,784.375,1
13,4,693.238,542.669,3
13,5,458.335,436.042,2
13,6,359.538,284.604,2
13,7,473.097,551.32,2
13,8,474.178,384.883,2
13,9,437.455,591.958,1
13,10,626.031,289.598,3
13,11,504.542,303.98,3
13,12,495.133,689.252,1
13,13,658.21,431.28,3
13,14,376.16,767.998,1
13,15,403.405,328.505,2
13,16,581.645,427.048,3
13,17,529.864,525.198,1
13,18,685.901,340.461,3
13,19,606.885,727.37,1
13,20,549.096,697.876,1
13,21,646.878,600.575,1
13,22,746.992,699.264,1
13,23,491.146,306.278,2
13,24,533.421,364.631,3
13,25,415.083,634.103,1
13,26,577.437,701.824,1
13,27,582.027,656.166,1
13,28,236.253,504.984,2
13,29,655.038,667.095,1
13.5,0,298.465,575.673,1
13.5,1,346.855,232.205,2
13.5,2,389.165,301.15,2
13.5,3,584.33,785.847,1
13.5,4,691.931,543.406,3
13.5,5,459.819,435.824,2
13.5,6,361.031,284.459,2
13.5,7,474.278,552.245,2
13.5,8,473.894,383.41,2
13.5,9,438.535,593,1
13.5,10,627.394,290.225,3
13.5,11,503.349,303.07,3
13.5,12,493.818,689.973,1
13.5,13,656.744,430.961,3
13.5,14,374.668,767.844,1
13.5,15,403.822,327.065,2
13.5,16,582.644,425.928,3
13.5,17,531.307,525.607,1
13.5,18,687.108,339.57,3
13.5,19,605.45,726.933,1
13.5,20,549.43,699.339,1
13.5,21,646.195,599.24,1
13.5,22,747.547,700.658,1
13.5,23,491.727,304.896,2
13.5,24,533.39,363.131,3
13.5,25,414.481,632.729,1
13.5,26,576.275,700.876,1
13.5,27,581.786,654.685,1
13.5,28,234.896,505.623,2
13.5,29,654.541,668.51,1
14,0,297.489,574.534,1
14,1,346.174,230.868,2
14,2,387.954,302.035,2
14,3,584.041,787.319,1
14,4,690.625,544.142,3
14,5,461.303,435.606,2
14,6,362.524,284.315,2
14,7,475.459,553.17,2
14,8,473.609,381.937,2
14,9,439.614,594.041,1
14,10,628.756,290.852,3
14,11,502.156,302.161,3
14,12,492.503,690.694,1
14,13,655.278,430.642,3
14,14,373.176,767.689,1
14,15,404.24,325.624,2
14,16,583.642,424.809,3
14,17,532.75,526.017,1
14,18,688.314,338.679,3
14,19,604.015,726.497,1
14,20,549.763,700.801,1
14,21,645.512,597.904,1
14,22,748.102,702.052,1
14,23,492.309,303.513,2
14,24,533.359,361.631,3
14,25,413.879,631.355,1
14,26,575.113,699.928,1
14,27,581.546,653.204,1
14,28,233.538,506.261,2
14,29,654.044,669.925,1
14.5,0,296.513,573.395,1
14.5,1,345.492,229.532,2
14.5,2,386.743,302.92,2
14.5,3,583.752,788.791,1
14.5,4,689.318,544.879,3
14.5,5,462.787,435.389,2
14.5,6,364.017,284.17,2
14.5,7,476.64,554.095,2
14.5,8,473.324,380.464,2
14.5,9,440.693,595.083,1
14.5,10,630.119,291.479,3
14.5,11,500.963,301.252,3
14.5,12,491.187,691.415,1
14.5,13,653.813,430.322,3
14.5,14,371.684,767.534,1
14.5,15,404.658,324.183,2
14.5,16,584.641,423.69,3
14.5,17,534.193,526.426,1
14.5,18,689.521,337.788,3
14.5,19,602.58,726.061,1
14.5,20,550.097,702.264,1
14.5,21,644.829,596.569,1
14.5,22,748.656,703.445,1
14.5,23,492.89,302.13,2
14.5,24,533.328,360.132,3
14.5,25,413.277,629.981,1
14.5,26,573.95,698.979,1
14.5,27,581.305,651.724,1
14.5,28,232.181,506.9,2
14.5,29,653.547,671.341,1
15,0,295.537,572.256,1
15,1,344.811,228.195,2
15,2,385.532,303.805,2
15,3,583.463,790.263,1
15,4,688.011,545.616,3
15,5,464.271,435.171,2
15,6,365.51,284.026,2
15,7,477.821,555.02,2
15,8,473.039,378.992,2
15,9,441.772,596.125,1
15,10,631.482,292.106,3
15,11,499.77,300.342,3
15,12,489.872,692.136,1
15,13,652.347,430.003,3
15,14,370.192,767.38,1
15,15,405.075,322.743,2
15,16,585.639,422.57,3
15,17,535.636,526.836,1
15,18,690.728,336.898,3
15,19,601.145,725.624,1
15,20,550.43,703.726,1
15,21,644.146,595.234,1
15,22,749.211,704.839,1
15,23,493.472,300.748,2
15,24,533.297,358.632,3
15,25,412.675,628.607,1
15,26,572.788,698.031,1
15,27,581.065,650.243,1
15,28,230.824,507.538,2
15,29,653.05,672.756,1
15.5,0,294.561,571.117,1
15.5,1,344.13,226.859,2
15.5,2,384.321,304.69,2
15.5,3,583.174,791.735,1
15.5,4,686.705,546.352,3
15.5,5,465.755,434.953,2
15.5,6,367.003,283.881,2
15.5,7,479.002,555.945,2
15.5,8,472.755,377.519,2
15.5,9,442.852,597.167,1
15.5,10,632.844,292.733,3
15.5,11,498.578,299.433,3
15.5,12,488.557,692.857,1
15.5,13,650.882,429.684,3
15.5,14,368.7,767.225,1
15.5,15,405.493,321.302,2
15.5,16,586.638,421.451,3
15.5,17,537.079,527.245,1
15.5,18,691.935,336.007,3
15.5,19,599.71,725.188,1
15.5,20,550.764,705.189,1
15.5,21,643.463,593.898,1
15.5,22,749.766,706.233,1
15.5,23,494.053,299.365,2
15.5,24,533.266,357.132,3
15.5,25,412.073,627.234,1
15.5,26,571.626,697.082,1
15.5,27,580.825,648.763,1
15.5,28,229.466,508.177,2
15.5,29,652.553,674.171,1
16,0,293.586,569.977,1
16,1,343.449,225.522,2
16,2,383.11,305.575,2
16,3,582.884,793.206,1
16,4,685.398,547.089,3
16,5,467.24,434.735,2
16,6,368.497,283.737,2
16,7,480.183,556.87,2
16,8,472.47,376.046,2
16,9,443.931,598.209,1
16,10,634.207,293.36,3
16,11,497.385,298.524,3
16,12,487.242,693.578,1
16,13,649.416,429.365,3
16,14,367.208,767.071,1
16,15,405.911,319.861,2
16,16,587.636,420.332,3
16,17,538.522,527.655,1
16,18,693.142,335.116,3
16,19,598.275,724.752,1
16,20,551.097,706.651,1
16,21,642.78,592.563,1
16,22,750.321,707.626,1
16,23,494.635,297.982,2
16,24,533.235,355.633,3
16,25,411.471,625.86,1
16,26,570.464,696.134,1
16,27,580.584,647.282,1
16,28,228.109,508.815,2
16,29,652.056,675.587,1
16.5,0,292.61,568.838,1
16.5,1,342.768,224.186,2
16.5,2,381.899,306.46,2
16.5,3,582.595,794.678,1
16.5,4,684.091,547.826,3
16.5,5,468.724,434.518,2
16.5,6,369.99,283.592,2
16.5,7,481.363,557.795,2
16.5,8,472.185,374.574,2
16.5,9,445.01,599.25,1
16.5,10,635.57,293.986,3
16.5,11,496.192,297.614,3
16.5,12,485.926,694.299,1
16.5,13,647.95,429.046,3
16.5,14,365.716,766.916,1
16.5,15,406.329,318.421,2
16.5,16,588.635,419.212,3
16.5,17,539.965,528.064,1
16.5,18,694.348,334.225,3
16.5,19,596.84,724.315,1
16.5,20,551.431,708.114,1
16.5,21,642.097,591.227,1
16.5,22,750.875,709.02,1
16.5,23,495.217,296.599,2
16.5,24,533.204,354.133,3
16.5,25,410.869,624.486,1
16.5,26,569.302,695.185,1
16.5,27,580.344,645.801,1
16.5,28,226.752,509.454,2
16.5,29,651.559,677.002,1
17,0,291.634,567.699,1
17,1,342.087,222.849,2
17,2,380.688,307.345,2
17,3,582.306,796.15,1
17,4,682.785,548.562,3
17,5,470.208,434.3,2
17,6,371.483,283.448,2
17,7,482.544,558.72,2
17,8,471.9,373.101,2
17,9,446.089,600.292,1
17,10,636.932,294.613,3
17,11,494.999,296.705,3
17,12,484.611,695.02,1
17,13,646.485,428.727,3
17,14,364.224,766.761,1
17,15,406.746,316.98,2
17,16,589.633,418.093,3
17,17,541.408,528.473,1
17,18,695.555,333.334,3
17,19,595.404,723.879,1
17,20,551.764,709.576,1
17,21,641.414,589.892,1
17,22,751.43,710.414,1
17,23,495.798,295.217,2
17,24,533.173,352.633,3
17,25,410.267,623.112,1
17,26,568.14,694.237,1
17,27,580.103,644.321,1
17,28,225.394,510.092,2
17,29,651.063,678.417,1
17.5,0,290.658,566.56,1
17.5,1,341.406,221.513,2
17.5,2,379.477,308.23,2
17.5,3,582.017,797.622,1
17.5,4,681.478,549.299,3
17.5,5,471.692,434.082,2
17.5,6,372.976,283.303,2
17.5,7,483.725,559.645,2
17.5,8,471.616,371.628,2
17.5,9,447.168,601.334,1
17.5,10,638.295,295.24,3
17.5,11,493.806,295.795,3
17.5,12,483.296,695.741,1
17.5,13,645.019,428.408,3
17.5,14,362.732,766.607,1
17.5,15,407.164,315.539,2
17.5,16,590.632,416.974,3
17.5,17,542.851,528.883,1
17.5,18,696.762,332.443,3
17.5,19,593.969,723.443,1
17.5,20,552.098,711.038,1
17.5,21,640.731,588.556,1
17.5,22,751.985,711.807,1
17.5,23,496.38,293.834,2
17.5,24,533.142,351.134,3
17.5,25,409.665,621.738,1
17.5,26,566.978,693.288,1
17.5,27,579.863,642.84,1
17.5,28,224.037,510.731,2
17.5,29,650.566,679.832,1
18,0,289.682,565.421,1
18,1,340.725,220.177,2
18,2,378.265,309.115,2
18,3,581.685,798.658,1
18,4,680.171,550.036,3
18,5,473.176,433.864,2
18,6,374.469,283.159,2
18,7,484.906,560.57,2
18,8,471.331,370.155,2
18,9,448.248,602.376,1
18,10,639.658,295.867,3
18,11,492.613,294.886,3
18,12,481.98,696.462,1
18,13,643.553,428.088,3
18,14,361.24,766.452,1
18,15,407.582,314.099,2
18,16,591.63,415.854,3
18,17,544.294,529.292,1
18,18,697.969,331.552,3
18,19,592.534,723.006,1
18,20,552.431,712.501,1
18,21,640.048,587.221,1
18,22,752.54,713.201,1
18,23,496.961,292.451,2
18,24,533.111,349.634,3
18,25,409.063,620.364,1
18,26,565.816,692.34,1
18,27,579.622,641.36,1
18,28,222.68,511.369,2
18,29,650.069,681.248,1
18.5,0,288.706,564.282,1
18.5,1,340.044,218.84,2
18.5,2,377.054,310,2
18.5,3,580.199,798.453,1
18.5,4,678.865,550.772,3
18.5,5,474.66,433.646,2
18.5,6,375.962,283.015,2
18.5,7,486.087,561.494,2
18.5,8,471.046,368.683,2
18.5,9,449.327,603.417,1
18.5,10,641.021,296.494,3
18.5,11,491.42,293.977,3
18.5,12,480.665,697.184,1
18.5,13,642.088,427.769,3
18.5,14,359.748,766.297,1
18.5,15,408,312.658,2
18.5,16,592.629,414.735,3
18.5,17,545.737,529.702,1
18.5,18,699.175,330.661,3
18.5,19,591.099,722.57,1
18.5,20,552.765,713.963,1
18.5,21,639.365,585.885,1
18.5,22,753.094,714.595,1
18.5,23,497.543,291.069,2
18.5,24,533.08,348.134,3
18.5,25,408.461,618.99,1
18.5,26,564.654,691.391,1
18.5,27,579.382,639.879,1
18.5,28,221.322,512.008,2
18.5,29,649.572,682.663,1
19,0,287.73,563.142,1
19,1,339.362,217.504,2
19,2,375.843,310.885,2
19,3,578.713,798.248,1
19,4,677.558,551.509,3
19,5,476.144,433.429,2
19,6,377.455,282.87,2
19,7,487.268,562.419,2
19,8,470.761,367.21,2
19,9,450.406,604.459,1
19,10,642.383,297.121,3
19,11,490.227,293.067,3
19,12,479.35,697.905,1
19,13,640.622,427.45,3
19,14,358.256,766.143,1
19,15,408.417,311.217,2
19,16,593.628,413.615,3
19,17,547.18,530.111,1
19,18,700.382,329.771,3
19,19,589.664,722.134,1
19,20,553.098,715.426,1
19,21,638.682,584.55,1
19,22,753.649,715.988,1
19,23,498.124,289.686,2
19,24,533.049,346.635,3
19,25,407.859,617.616,1
19,26,563.492,690.443,1
19,27,579.142,638.398,1
19,28,219.965,512.646,2
19,29,649.075,684.078,1
19.5,0,286.755,562.003,1
19.5,1,338.681,216.167,2
19.5,2,374.632,311.77,2
19.5,3,577.227,798.043,1
19.5,4,676.251,552.245,3
19.5,5,477.628,433.211,2
19.5,6,378.948,282.726,2
19.5,7,488.449,563.344,2
19.5,8,470.477,365.737,2
19.5,9,451.485,605.501,1
19.5,10,643.746,297.748,3
19.5,11,489.034,292.158,3
19.5,12,478.034,698.626,1
19.5,13,639.156,427.131,3
19.5,14,356.764,765.988,1
19.5,15,408.835,309.777,2
19.5,16,594.626,412.496,3
19.5,17,548.623,530.521,1
19.5,18,701.589,328.88,3
19.5,19,588.229,721.697,1
19.5,20,553.432,716.888,1
19.5,21,637.999,583.214,1
19.5,22,754.204,717.382,1
19.5,23,498.706,288.303,2
19.5,24,533.018,345.135,3
19.5,25,407.257,616.242,1
19.5,26,562.33,689.494,1
19.5,27,578.901,636.918,1
19.5,28,218.608,513.285,2
19.5,29,648.578,685.494,1
