time_s,cellId,ueCount,edgeUeCount,cellDlThp_kbps,cellUlThp_kbps,avgCqi,txPower_dBm,prbUtilDl
0.4,1,10,0,0,24726.3,0,32,0.64
0.4,2,11,0,0,16540.7,0,32,0.64
0.4,3,9,0,0,11317.2,0,32,0.64
0.9,1,10,0,8182.24,8468.8,0,32,0.64
0.9,2,11,0,11074.2,5632.48,0,32,0.64
0.9,3,9,0,14077.8,3679.36,0,32,0.64
1.4,1,10,0,8182.24,8385.04,0,32,0.64
1.4,2,11,0,11071.6,5655.68,0,32,0.64
1.4,3,9,0,13565.1,3679.36,0,32,0.64
1.9,1,10,0,8215.04,8393.68,0,32,0.64
1.9,2,11,0,11083.1,5566.32,0,32,0.64
1.9,3,9,0,13776.8,3679.52,0,32,0.64
2.4,1,10,0,7913.44,8402.48,0,32,0.64
2.4,2,11,0,11470.4,5600.8,0,32,0.64
2.4,3,9,0,13803.6,3679.28,0,32,0.64
2.9,1,10,0,7921.12,8393.76,0,32,0.64
2.9,2,11,0,11432.6,5719.92,0,32,0.64
2.9,3,9,0,13965.4,3679.44,0,32,0.64
3.4,1,10,0,8010.64,8384.88,0,32,0.64
3.4,2,11,0,11584.2,5739.84,0,32,0.64
3.4,3,9,0,13798.3,3679.36,0,32,0.64
3.9,1,10,0,7938.56,8477.44,0,32,0.64
3.9,2,11,0,11774.6,5715.36,0,32,0.64
3.9,3,9,0,13979.3,3679.12,0,32,0.64
4.4,1,10,0,8296.56,8440,0,32,0.64
4.4,2,11,0,11646.5,5672,0,32,0.64
4.4,3,9,0,14351.5,3679.44,0,32,0.64
4.9,1,10,0,8241.12,8410.4,0,32,0.64
4.9,2,11,0,11894.2,5592.4,0,32,0.64
4.9,3,9,0,14815,3679.44,0,32,0.64
5.4,1,10,0,8233.44,8420.4,0,32,0.64
5.4,2,11,0,11937.9,5672.24,0,32,0.64
5.4,3,9,0,14832.6,3807.52,0,32,0.64
5.9,1,10,0,8241.12,8345.36,0,32,0.64
5.9,2,11,0,11515.6,5741.92,0,32,0.64
5.9,3,9,0,14771.4,3807.68,0,32,0.64
6.4,1,10,0,8313.52,8120.16,0,32,0.64
6.4,2,11,0,11882.6,5731.68,0,32,0.64
6.4,3,9,0,14928,3807.6,0,32,0.64
6.9,1,10,0,8533.92,8130.16,0,32,0.64
6.9,2,11,0,11624.8,5691.92,0,32,0.64
6.9,3,9,0,14450.4,3807.44,0,32,0.64
7.4,1,10,0,8560.4,8177.52,0,32,0.64
7.4,2,11,0,11423.6,5560.88,0,32,0.64
7.4,3,9,0,14702.1,3807.6,0,32,0.64
7.9,1,10,0,8571.92,8391.84,0,32,0.64
7.9,2,11,0,11521.7,5632.08,0,32,0.64
7.9,3,9,0,14738.8,3807.36,0,32,0.64
8.4,1,10,0,8508.8,8381.52,0,32,0.64
8.4,2,11,0,11536.5,5711.92,0,32,0.64
8.4,3,9,0,15141.5,3807.36,0,32,0.64
8.9,1,10,0,8480.64,7488.24,0,32,0.64
8.9,2,11,0,11292.5,5731.84,0,32,0.64
8.9,3,9,0,14981.7,3807.52,0,32,0.64
9.4,1,10,0,8480.64,7460.64,0,32,0.64
9.4,2,11,0,11497.5,5667.92,0,32,0.64
9.4,3,9,0,14989.4,3927.44,0,32,0.64
9.9,1,10,0,8597.04,6694.32,0,32,0.64
9.9,2,11,0,11662.5,5536.16,0,32,0.64
9.9,3,9,0,14691,3927.6,0,32,0.64
10.4,1,10,0,8526.24,6605.36,0,32,0.64
10.4,2,11,0,11497.4,5378.16,0,32,0.64
10.4,3,9,0,15065.9,3927.68,0,32,0.64
10.9,1,10,0,8488.16,6519.44,0,32,0.64
10.9,2,11,0,11549,5511.44,0,32,0.64
10.9,3,9,0,14938.8,3927.44,0,32,0.64
11.4,1,10,0,8864.56,6318.32,0,32,0.64
11.4,2,11,0,11455.6,5474.88,0,32,0.64
11.4,3,9,0,14986.1,3927.52,0,32,0.64
11.9,1,10,0,8892.8,6420.24,0,32,0.64
11.9,2,11,0,11650.3,5469.76,0,32,0.64
11.9,3,9,0,14786.8,3927.52,0,32,0.64
12.4,1,10,0,8768.56,6156,0,32,0.64
12.4,2,11,0,11282.2,5413.44,0,32,0.64
12.4,3,9,0,15175.9,3927.36,0,32,0.64
12.9,1,10,0,8751.12,5900.4,0,32,0.64
12.9,2,11,0,11890,5311.52,0,32,0.64
12.9,3,9,0,14535.6,3927.44,0,32,0.64
13.4,1,10,0,8667.52,5631.44,0,32,0.64
13.4,2,11,0,11545.4,5173.2,0,32,0.64
13.4,3,9,0,14744.3,3927.52,0,32,0.64
13.9,1,10,0,8659.84,5594.56,0,32,0.64
13.9,2,11,0,11753.2,5236.72,0,32,0.64
13.9,3,9,0,14862.6,3927.44,0,32,0.64
14.4,1,10,0,8776.24,5683.6,0,32,0.64
14.4,2,11,0,11861,5272.16,0,32,0.64
14.4,3,9,0,14730.6,3927.76,0,32,0.64
14.9,1,10,0,8614.24,5588.16,0,32,0.64
14.9,2,11,0,11545.4,4869.04,0,32,0.64
14.9,3,9,0,14414.2,3927.76,0,32,0.64
15.4,1,10,0,8554.48,5561.28,0,32,0.64
15.4,2,11,0,11795.4,4616,0,32,0.64
15.4,3,9,0,14345.3,3927.44,0,32,0.64
15.9,1,10,0,8635.92,5500.64,0,32,0.64
15.9,2,11,0,11469.7,4976.56,0,32,0.64
15.9,3,9,0,14037.8,3927.52,0,32,0.64
16.4,1,10,0,8524.16,5531.28,0,32,0.64
16.4,2,11,0,11504.6,4602.88,0,32,0.64
16.4,3,9,0,14317.1,3927.28,0,32,0.64
16.9,1,10,0,9020.8,5486.96,0,32,0.64
16.9,2,11,0,11814.5,4594.64,0,32,0.64
16.9,3,9,0,14488.4,3927.36,0,32,0.64
17.4,1,10,0,9472.56,5588.88,0,32,0.64
17.4,2,11,0,11807.8,4261.84,0,32,0.64
17.4,3,9,0,14252.3,3807.6,0,32,0.64
17.9,1,10,0,9077.92,5425.36,0,32,0.64
17.9,2,11,0,11175.1,3995.52,0,32,0.64
17.9,3,9,0,14449.8,3807.44,0,32,0.64
18.4,1,10,0,9306.64,5167.28,0,32,0.64
18.4,2,11,0,10719.4,4042.16,0,32,0.64
18.4,3,9,0,14545.1,3807.52,0,32,0.64
18.9,1,10,0,9347.68,5083.12,0,32,0.64
18.9,2,11,0,10840.5,3915.6,0,32,0.64
18.9,3,9,0,13968.6,3850.16,0,32,0.64
19.4,1,10,0,9282.72,5109.12,0,32,0.64
19.4,2,11,0,10840.6,3978.96,0,32,0.64
19.4,3,9,0,13803,3799.84,0,32,0.64
19.9,1,10,0,9404.48,5077.36,0,32,0.64
19.9,2,11,0,9756.8,3934.4,0,32,0.64
19.9,3,9,0,13844.6,3712,0,32,0.64
20.4,1,10,0,9368.24,5117.12,0,32,0.64
20.4,2,11,0,10209.4,4089.2,0,32,0.64
20.4,3,9,0,14114.2,3724.4,0,32,0.64
20.9,1,10,0,9238.72,5064.8,0,32,0.64
20.9,2,11,0,9885.12,3999.84,0,32,0.64
20.9,3,9,0,13959.1,3661.36,0,32,0.64
21.4,1,10,0,10119.1,5046.4,0,32,0.64
21.4,2,11,0,10229.5,4104.08,0,32,0.64
21.4,3,9,0,14167.2,3661.52,0,32,0.64
21.9,1,10,0,10042.4,4999.84,0,32,0.64
21.9,2,11,0,9718.72,3996.48,0,32,0.64
21.9,3,9,0,14651.6,3523.44,0,32,0.64
22.4,1,10,0,9883.6,4783.68,0,32,0.64
22.4,2,11,0,9951.76,4012.32,0,32,0.64
22.4,3,9,0,14624.7,3485.76,0,32,0.64
22.9,1,10,0,10017.1,4813.28,0,32,0.64
22.9,2,11,0,9819.2,4069.28,0,32,0.64
22.9,3,9,0,14558.3,3496.4,0,32,0.64
23.4,1,10,0,9808.96,4724.48,0,32,0.64
23.4,2,11,0,9862.64,3911.2,0,32,0.64
23.4,3,9,0,13792.6,3536.16,0,32,0.64
23.9,1,10,0,10232.5,4744.96,0,32,0.64
23.9,2,11,0,9680.24,3971.84,0,32,0.64
23.9,3,9,0,13960,3498.24,0,32,0.64
24.4,1,10,0,10226.6,4479.12,0,32,0.64
24.4,2,11,0,10147.3,3942.96,0,32,0.64
24.4,3,9,0,13701.1,3448.08,0,32,0.64
24.9,1,10,0,11140.7,4369.76,0,32,0.64
24.9,2,11,0,9863.84,3605.68,0,32,0.64
24.9,3,9,0,13773.5,3460.64,0,32,0.64
25.4,1,10,0,10856.3,4416.08,0,32,0.64
25.4,2,11,0,9726.96,3447.76,0,32,0.64
25.4,3,9,0,13657.4,3433.2,0,32,0.64
25.9,1,10,0,11040.6,4093.92,0,32,0.64
25.9,2,11,0,10246.7,3426.08,0,32,0.64
25.9,3,9,0,13797,3445.92,0,32,0.64
26.4,1,10,0,10845.7,4040.96,0,32,0.64
26.4,2,11,0,10206,3319.92,0,32,0.64
26.4,3,9,0,14267.4,3420.88,0,32,0.64
26.9,1,10,0,10845.7,4010.48,0,32,0.64
26.9,2,11,0,10876.3,3307.28,0,32,0.64
26.9,3,9,0,14420.9,3445.92,0,32,0.64
27.4,1,10,0,11133.9,3945.76,0,32,0.64
27.4,2,11,0,10744.3,3289.04,0,32,0.64
27.4,3,9,0,14029.7,3624.24,0,32,0.64
27.9,1,10,0,11145,4036.24,0,32,0.64
27.9,2,11,0,10294.6,3316.8,0,32,0.64
27.9,3,9,0,14111.6,3594.96,0,32,0.64
28.4,1,10,0,11342.7,3936.56,0,32,0.64
28.4,2,11,0,10750.9,3395.04,0,32,0.64
28.4,3,9,0,14148.2,3598.8,0,32,0.64
28.9,1,10,0,11263,3891.36,0,32,0.64
28.9,2,11,0,10593.8,3638.48,0,32,0.64
28.9,3,9,0,14117,3623.84,0,32,0.64
29.4,1,10,0,11052.8,3877.76,0,32,0.64
29.4,2,11,0,10517.8,3635.84,0,32,0.64
29.4,3,9,0,13937.8,3624,0,32,0.64
29.9,1,10,0,11029.8,3830.16,0,32,0.64
29.9,2,11,0,10564.9,3636,0,32,0.64
29.9,3,9,0,14197.3,3611.28,0,32,0.64
30.4,1,10,0,11145.7,3830.16,0,32,0.64
30.4,2,11,0,10652.2,3533.36,0,32,0.64
30.4,3,9,0,13903.2,3611.36,0,32,0.64
30.9,1,10,0,10803,3802.96,0,32,0.64
30.9,2,11,0,10575.4,3510.96,0,32,0.64
30.9,3,9,0,13807.2,3609.44,0,32,0.64
31.4,1,9,0,10823.5,4475.68,0,32,0.64
31.4,2,12,0,10128.1,5128.48,0,32,0.64
31.4,3,9,0,14341.2,3475.76,0,32,0.64
31.9,1,9,0,10848.6,4463.28,0,32,0.64
31.9,2,12,0,10173.6,5188.4,0,32,0.64
31.9,3,9,0,14254.3,3501.84,0,32,0.64
32.4,1,9,0,10906.6,4344.72,0,32,0.64
32.4,2,12,0,9989.44,5179.84,0,32,0.64
32.4,3,9,0,15136.5,3502.08,0,32,0.64
32.9,1,9,0,10870.4,4334.8,0,32,0.64
32.9,2,12,0,10004.3,5138.88,0,32,0.64
32.9,3,9,0,14518,3510.64,0,32,0.64
33.4,1,9,0,10834.7,4360.88,0,32,0.64
33.4,2,12,0,10128,5158.48,0,32,0.64
33.4,3,9,0,14301.4,3499.6,0,32,0.64
33.9,1,9,0,10826.9,4360.72,0,32,0.64
33.9,2,12,0,9828.64,5173.2,0,32,0.64
33.9,3,9,0,14691.3,3508.32,0,32,0.64
34.4,1,9,5,11247.7,4362.88,6.375,32,0.64
34.4,2,12,0,10145.4,5139.6,0,32,0.64
34.4,3,9,0,13933.7,3556.08,0,32,0.64
34.9,1,9,5,11367.8,4337.76,6.375,32,0.64
34.9,2,12,0,10158.8,4943.6,0,32,0.64
34.9,3,9,0,13679.3,3548.72,0,32,0.64
35.4,1,9,5,10915.2,4337.76,6.375,32,0.64
35.4,2,12,0,9713.12,5031.52,0,32,0.64
35.4,3,9,0,13290.3,3475.84,0,32,0.64
35.9,1,9,5,11132.4,4344.8,6.375,32,0.64
35.9,2,12,0,9851.6,5035.68,0,32,0.64
35.9,3,9,0,13807.3,3438.96,0,32,0.64
36.4,1,9,5,11136.1,4241.76,6.375,32,0.64
36.4,2,12,0,9923.52,4872.8,0,32,0.64
36.4,3,9,0,13807.2,3398.24,0,32,0.64
36.9,1,9,5,10915,4272.72,6.375,32,0.64
36.9,2,12,0,9615.2,4874.48,0,32,0.64
36.9,3,9,0,13838.9,3291.68,0,32,0.64
37.4,1,9,5,11045.5,4272.72,6.375,32,0.64
37.4,2,12,0,9699.76,4927.2,0,32,0.64
37.4,3,9,0,13939.6,3272.72,0,32,0.64
37.9,1,9,5,10973.1,4269.84,6.375,32,0.64
37.9,2,12,0,9754.72,4911.68,0,32,0.64
37.9,3,9,0,13659.4,3174,0,32,0.64
38.4,1,9,5,11176,4340.88,6.25,32,0.64
38.4,2,12,0,10071.3,4911.36,0,32,0.64
38.4,3,9,0,13232.8,3115.2,0,32,0.64
38.9,1,9,5,11206.5,4330.96,6.125,32,0.64
38.9,2,12,0,9910.56,4973.6,0,32,0.64
38.9,3,9,0,13419.8,3184,0,32,0.64
39.4,1,9,5,11228.2,4236.48,6.125,32,0.64
39.4,2,12,0,9786.88,4886.24,0,32,0.64
39.4,3,9,0,13486.7,3062.16,0,32,0.64
39.9,1,9,5,10973,4258.88,6.125,32,0.64
39.9,2,12,0,9919.6,4823.44,0,32,0.64
39.9,3,9,0,13230.8,3069.36,0,32,0.64
40.4,1,9,5,11045.5,4125.6,6.125,32,0.64
40.4,2,12,0,9908.88,4829.2,0,32,0.64
40.4,3,9,0,13514,2980.48,0,32,0.64
40.9,1,9,5,11034.9,4117.04,6.125,32,0.64
40.9,2,12,0,9887.28,4851.6,0,32,0.64
40.9,3,9,0,13132.2,2972.96,0,32,0.64
41.4,1,9,5,10723,3902.72,6.125,32,0.64
41.4,2,12,0,9264.24,4833.04,0,32,0.64
41.4,3,9,0,13055.1,2901.28,0,32,0.64
41.9,1,9,5,10722.8,3923.12,6.125,32,0.64
41.9,2,12,0,9324.56,4748.08,0,32,0.64
41.9,3,9,0,12703.2,2812.96,0,32,0.64
42.4,1,9,5,10807.8,3923.04,6,32,0.64
42.4,2,12,0,9919.68,4679.36,0,32,0.64
42.4,3,9,0,13386.4,2693.84,0,32,0.64
42.9,1,9,5,10723,3906.96,5.875,32,0.64
42.9,2,12,0,9763.92,4687.04,0,32,0.64
42.9,3,9,0,13574.6,2660.88,0,32,0.64
43.4,1,9,5,10636,3898.24,5.875,32,0.64
43.4,2,12,0,9282.64,4634,0,32,0.64
43.4,3,9,0,13657.9,2642.16,0,32,0.64
43.9,1,9,5,10720.8,3940.88,6,32,0.64
43.9,2,12,0,9250.24,4655.28,0,32,0.64
43.9,3,9,0,12996.9,2651.76,0,32,0.64
44.4,1,9,5,10677.4,3942.8,6,32,0.64
44.4,2,12,0,9113.36,4647.84,0,32,0.64
44.4,3,9,0,12718.2,2640.48,0,32,0.64
44.9,1,9,5,10451.4,3933.44,6,32,0.64
44.9,2,12,0,9282.56,4605.12,0,32,0.64
44.9,3,9,0,12566.6,2614.8,0,32,0.64
45.4,1,9,5,10680.2,3922.96,6,32,0.64
45.4,2,12,0,9218,4588.96,0,32,0.64
45.4,3,9,0,12814.3,2608.64,0,32,0.64
45.9,1,9,5,10506.9,4005.76,6,32,0.64
45.9,2,12,0,9113.28,4669.84,0,32,0.64
45.9,3,9,0,12630.4,2612.16,0,32,0.64
46.4,1,9,5,10515.4,3960.64,6,32,0.64
46.4,2,12,0,9795.44,4672.32,0,32,0.64
46.4,3,9,0,12485.8,2613.92,0,32,0.64
46.9,1,9,5,10651.4,3981.04,6.125,32,0.64
46.9,2,12,0,9714.08,4482.24,0,32,0.64
46.9,3,9,0,12438.6,2593.76,0,32,0.64
47.4,1,9,5,10666.2,3928.64,6.125,32,0.64
47.4,2,12,0,9575.04,4463.68,0,32,0.64
47.4,3,8,0,11941.2,2603.28,0,32,0.64
47.9,1,9,5,10515.3,4419.12,6.125,32,0.64
47.9,2,12,0,8970.08,4297.84,0,32,0.64
47.9,3,8,0,12064.6,3802.96,0,32,0.64
48.4,1,10,5,10415.8,5112.24,6.125,32,0.64
48.4,2,12,0,8942,4668.48,0,32,0.64
48.4,3,8,0,12064.6,3575.84,0,32,0.64
48.9,1,10,5,10446.2,4980.16,6.125,32,0.64
48.9,2,12,0,9078.88,4714.48,0,32,0.64
48.9,3,8,0,12780.6,3575.68,0,32,0.64
49.4,1,10,5,10561.7,4854.24,6,32,0.64
49.4,2,12,0,9071.04,4743.52,0,32,0.64
49.4,3,8,0,12711.7,3587.84,0,32,0.64
49.9,1,10,5,10295,5037.76,6,32,0.64
49.9,2,12,0,9254.16,4564.4,0,32,0.64
49.9,3,8,0,12211.1,3587.6,0,32,0.64
50.4,1,10,5,9873.12,5154.16,6,32,0.64
50.4,2,12,0,9196.8,4589.12,0,32,0.64
50.4,3,8,0,11895.3,3557.92,0,32,0.64
50.9,1,10,5,9918.64,5104.88,5.875,32,0.64
50.9,2,12,0,9015.6,4505.12,0,32,0.64
50.9,3,8,0,12032.6,3575.68,0,32,0.64
51.4,1,10,5,9674,5031.92,5.875,32,0.64
51.4,2,12,0,8611.44,4405.28,0,32,0.64
51.4,3,8,0,11996.2,3587.92,0,32,0.64
51.9,1,10,5,9713.76,5114.48,5.875,32,0.64
51.9,2,12,0,8611.44,4502.4,0,32,0.64
51.9,3,8,0,12032.6,3575.76,0,32,0.64
52.4,1,10,5,9206.96,5154.08,5.875,32,0.64
52.4,2,12,0,8547.76,4238.8,0,32,0.64
52.4,3,8,0,11968.1,3563.84,0,32,0.64
52.9,1,10,5,9182.4,5240.08,5.875,32,0.64
52.9,2,12,0,8505.84,4196.08,0,32,0.64
52.9,3,8,0,11684.3,3483.84,0,32,0.64
53.4,1,10,5,9363.84,5126.32,5.875,32,0.64
53.4,2,12,0,8725.84,4161.68,0,32,0.64
53.4,3,8,0,11745.8,3494.24,0,32,0.64
53.9,1,10,5,8988.72,5138.48,5.75,32,0.64
53.9,2,12,0,9343.84,4087.44,0,32,0.64
53.9,3,8,0,11684.3,3479.44,0,32,0.64
54.4,1,10,5,8860,4925.44,5.75,32,0.64
54.4,2,12,0,9024.48,4177.92,0,32,0.64
54.4,3,8,0,11745.9,3489.92,0,32,0.64
54.9,1,10,5,8860,4838.88,5.625,32,0.64
54.9,2,12,0,9094.8,4340.72,0,32,0.64
54.9,3,8,0,11471.4,3477.76,0,32,0.64
55.4,1,10,5,9327.52,4682.16,5.5,32,0.64
55.4,2,12,0,9659.92,4248.88,0,32,0.64
55.4,3,8,0,10988.4,3471.84,0,32,0.64
55.9,1,10,5,9211.84,4639.04,5.5,32,0.64
55.9,2,12,0,10047.4,4239.28,0,32,0.64
55.9,3,8,0,11238.2,3465.76,0,32,0.64
56.4,1,10,5,9462.16,4758.8,5.5,32,0.64
56.4,2,12,0,9779.44,4129.84,0,32,0.64
56.4,3,8,0,12156,3471.84,0,32,0.64
56.9,1,10,5,9738.32,4846.4,5.5,32,0.64
56.9,2,12,0,9523.68,4140.64,0,32,0.64
56.9,3,8,0,12181,3482.08,0,32,0.64
57.4,1,10,5,9706.56,4764,5.5,32,0.64
57.4,2,12,0,9660.48,4180.48,0,32,0.64
57.4,3,8,0,12181.2,3455.52,0,32,0.64
57.9,1,10,5,9602.48,4946.24,5.5,32,0.64
57.9,2,12,0,9531.84,4122.88,0,32,0.64
57.9,3,8,0,12003.3,3477.76,0,32,0.64
58.4,1,10,5,9337.2,5082.72,5.5,32,0.64
58.4,2,12,0,9656.96,4114.32,0,32,0.64
58.4,3,8,0,11867.3,3453.76,0,32,0.64
58.9,1,10,5,9346.4,5066.48,5.5,32,0.64
58.9,2,12,0,9696.96,4106,0,32,0.64
58.9,3,8,0,12008.4,3423.68,0,32,0.64
59.4,1,10,5,9523.28,5016.16,5.5,32,0.64
59.4,2,12,0,9446.32,4103.68,0,32,0.64
59.4,3,8,0,11899.4,3477.68,0,32,0.64
59.9,1,10,5,9380.72,5003.68,5.5,32,0.64
59.9,2,12,0,9297.76,4096.88,0,32,0.64
59.9,3,8,0,12008.4,3453.68,0,32,0.64
60.4,1,10,5,9573.84,6713.36,5.5,32,0.64
60.4,2,13,0,8842.4,3261.44,0,32,0.64
60.4,3,7,4,11911.2,3431.76,6.75,32,0.64
60.9,1,10,5,9185.68,6688.08,5.5,32,0.64
60.9,2,13,0,8788.56,3324.4,0,32,0.64
60.9,3,7,4,11637.6,3444,6.75,32,0.64
61.4,1,10,5,9489.92,6738.4,5.375,32,0.64
61.4,2,13,0,8834.08,3349.68,0,32,0.64
61.4,3,7,4,11540.4,3444,6.75,32,0.64
61.9,1,12,6,7794.8,5944.16,5.22222,32,0.64
61.9,2,11,5,9773.2,3947.52,6,32,0.64
61.9,3,7,3,11027.7,3662.88,7.57143,32,0.64
62.4,1,12,8,8762.88,6915.76,5,32,0.64
62.4,2,11,5,10605.8,4085.6,6,32,0.64
62.4,3,7,3,11370.6,3997.92,7.57143,32,0.64
62.9,1,12,8,8658.72,6846.08,5.09091,32,0.64
62.9,2,11,5,10292.3,4071.76,6,32,0.64
62.9,3,7,3,11263.1,4007.6,7.57143,32,0.64
63.4,1,12,8,8481.84,6992.72,5.18182,32,0.64
63.4,2,11,6,10494,4058.32,6,32,0.64
63.4,3,7,3,11171.8,3988.24,7.57143,32,0.64
63.9,1,12,8,8760.32,6834.64,5.18182,32,0.64
63.9,2,11,6,10414.2,4152.08,6,32,0.64
63.9,3,7,3,11154.4,4036.64,7.57143,32,0.64
64.4,1,12,8,8808.64,6956.32,5.18182,32,0.64
64.4,2,11,6,10493.8,3928.08,5.9,32,0.64
64.4,3,7,3,10783.6,3880.56,7.57143,32,0.64
64.9,1,12,8,9065.52,6956.16,5.18182,32,0.64
64.9,2,11,6,10311.3,3921.28,5.9,32,0.64
64.9,3,7,3,10728.6,3747.84,7.57143,32,0.64
65.4,1,12,8,9097.68,6976.24,5.09091,32,0.64
65.4,2,11,6,10390.9,3921.2,5.9,32,0.64
65.4,3,7,3,10819.8,3786.56,7.42857,32,0.64
65.9,1,12,8,8759.92,6998.64,4.90909,32,0.64
65.9,2,11,6,10450.8,3914.4,5.9,32,0.64
65.9,3,7,3,10892.3,3805.92,7.28571,32,0.64
66.4,1,12,8,8829.6,7050,4.81818,32,0.64
66.4,2,11,6,10635,3934.88,6,32,0.64
66.4,3,7,3,10837.3,3834.96,7.28571,32,0.64
66.9,1,12,8,8558.64,6986.96,4.81818,32,0.64
66.9,2,11,6,10707,3914.64,6,32,0.64
66.9,3,7,3,10892.3,3767.2,7.28571,32,0.64
67.4,1,12,9,8579.04,7157.6,4.81818,32,0.64
67.4,2,11,6,10378.5,3928.08,6,32,0.64
67.4,3,7,3,10783.6,3776.88,7.28571,32,0.64
67.9,1,12,9,8780.32,7185.6,4.81818,32,0.64
67.9,2,11,6,10405.1,3778.56,6.1,32,0.64
67.9,3,7,3,10783.6,3815.6,7.28571,32,0.64
68.4,1,12,9,8673.44,7178.96,4.81818,32,0.64
68.4,2,11,6,10178.7,3805.84,6.1,32,0.64
68.4,3,7,3,10801,3825.28,7.28571,32,0.64
68.9,1,11,8,9395.52,5183.76,5.1,32,0.64
68.9,2,11,6,10434.6,4236,6,32,0.64
68.9,3,8,4,9594.8,4553.04,6.625,32,0.64
69.4,1,11,8,9429.12,5152.96,5.1,32,0.64
69.4,2,11,6,10675.4,4247.68,6,32,0.64
69.4,3,8,4,9594.8,4465.2,6.625,32,0.64
69.9,1,11,8,9135.68,5214.16,5.2,32,0.64
69.9,2,11,6,10551.8,4247.84,6.1,32,0.64
69.9,3,8,4,9631.04,4333.44,6.625,32,0.64
70.4,1,11,8,9018.16,5144.4,5.2,32,0.64
70.4,2,11,6,10240.5,4247.76,6.1,32,0.64
70.4,3,8,4,9594.8,4241.28,6.625,32,0.64
70.9,1,11,8,9080.56,5244.96,5.3,32,0.64
70.9,2,11,6,10525,4151.76,6.1,32,0.64
70.9,3,8,4,9390,4153.44,6.75,32,0.64
71.4,1,11,8,9363.84,5188.88,5.3,32,0.64
71.4,2,11,6,10793.8,4151.92,6.1,32,0.64
71.4,3,8,4,9426.24,4197.36,6.75,32,0.64
71.9,1,11,8,9274.48,5206.64,5.3,32,0.64
71.9,2,11,5,10509.3,4151.76,6.1,32,0.64
71.9,3,8,4,9602.72,4197.36,6.625,32,0.64
72.4,1,11,8,9621.28,5216.72,5.3,32,0.64
72.4,2,11,5,10509.3,4151.68,6.1,32,0.64
72.4,3,8,4,9581.84,4285.2,6.75,32,0.64
72.9,1,11,8,9767.28,5279.52,5.2,32,0.64
72.9,2,11,5,10793.8,4151.84,6.1,32,0.64
72.9,3,8,4,9526.8,4109.52,6.75,32,0.64
73.4,1,11,8,9759.84,5260,5.2,32,0.64
73.4,2,11,5,10509.3,4151.76,6.1,32,0.64
73.4,3,8,4,10115,4285.2,6.75,32,0.64
73.9,1,11,8,9814.88,5253.2,5.2,32,0.64
73.9,2,11,5,10509.3,4151.76,6.1,32,0.64
73.9,3,8,4,10014.6,4285.12,6.75,32,0.64
74.4,1,11,8,9854.88,5297.76,5.2,32,0.64
74.4,2,11,5,10738.7,4181.76,6.1,32,0.64
74.4,3,8,4,9959.52,4109.44,6.75,32,0.64
74.9,1,11,8,9654.64,5067.52,5.3,32,0.64
74.9,2,11,5,10509.3,4151.76,6.1,32,0.64
74.9,3,8,4,9970.64,4241.28,6.875,32,0.64
75.4,1,11,8,9351.04,5086.88,5.3,32,0.64
75.4,2,11,5,10461.8,4151.68,6.1,32,0.64
75.4,3,8,4,10016.2,4197.36,6.875,32,0.64
75.9,1,11,8,9406.08,4844.88,5.3,32,0.64
75.9,2,11,5,10703.6,4093.44,6.1,32,0.64
75.9,3,8,4,10039.1,4241.28,6.28571,32,0.64
76.4,1,11,8,9351.04,4789.36,5.3,32,0.64
76.4,2,11,5,9934,4059.68,6.1,32,0.64
76.4,3,8,4,10016.2,4241.28,6.28571,32,0.64
76.9,1,10,7,10248.6,5034.32,5.55556,32,0.64
76.9,2,11,5,10357.3,4086.56,6.1,32,0.64
76.9,3,9,4,8525.92,3894.16,6.28571,32,0.64
77.4,1,10,7,9914.08,4987.12,5.55556,32,0.64
77.4,2,11,5,10154.3,3852.32,6.2,32,0.64
77.4,3,9,5,8794.4,4734.48,5.875,32,0.64
77.9,1,10,7,9567.12,5072.24,5.55556,32,0.64
77.9,2,11,5,9840.88,3921.76,6.2,32,0.64
77.9,3,9,5,8880,4971.12,5.875,32,0.64
78.4,1,10,7,9586,5243.52,5.55556,32,0.64
78.4,2,11,5,9808.64,3926.8,6.2,32,0.64
78.4,3,9,5,9417.92,5152,5.75,32,0.64
78.9,1,10,7,9363.04,5113.28,5.44444,32,0.64
78.9,2,11,5,9960.96,3927.2,6.2,32,0.64
78.9,3,9,5,9397.92,5334.72,5.75,32,0.64
79.4,1,10,7,9515.04,5216.48,5.44444,32,0.64
79.4,2,11,5,9874.24,3996.96,6.2,32,0.64
79.4,3,9,5,9197.92,5297.2,5.75,32,0.64
79.9,1,10,7,9544.24,5214.56,5.44444,32,0.64
79.9,2,11,5,9774.16,3942.4,6.2,32,0.64
79.9,3,9,5,9317.6,5072.08,5.75,32,0.64
80.4,1,10,7,9335.12,5553.84,5.44444,32,0.64
80.4,2,11,5,9954,4009.92,6.2,32,0.64
80.4,3,9,5,9539.04,5147.12,5.75,32,0.64
80.9,1,10,7,9164.32,5773.44,5.44444,32,0.64
80.9,2,11,5,9975.76,3963.2,6.1,32,0.64
80.9,3,9,5,9711.04,5334.72,5.75,32,0.64
81.4,1,10,7,9143.84,5840.56,5.44444,32,0.64
81.4,2,11,5,9868,3996.72,6.1,32,0.64
81.4,3,9,5,9924.96,5372.24,5.75,32,0.64
81.9,1,10,7,8892.24,5728.16,5.55556,32,0.64
81.9,2,11,5,9534.16,3870.64,6.2,32,0.64
81.9,3,9,5,9987.52,5334.72,5.75,32,0.64
82.4,1,10,7,8967.76,6457.52,5.66667,32,0.64
82.4,2,11,5,9717.28,3831.92,6.2,32,0.64
82.4,3,9,5,10107.4,5147.12,5.75,32,0.64
82.9,1,10,7,9194.08,6579.28,5.66667,32,0.64
82.9,2,11,5,9800.32,3883.68,6.2,32,0.64
82.9,3,9,5,9902.48,5184.64,5.625,32,0.64
83.4,1,10,7,8926.88,6240,5.55556,32,0.64
83.4,2,11,5,9670,3883.76,6.2,32,0.64
83.4,3,9,5,10020.2,5372.24,5.625,32,0.64
83.9,1,10,6,8990.16,5999.6,5.44444,32,0.64
83.9,2,11,5,9562.24,3889.2,6.2,32,0.64
83.9,3,9,5,9987.52,5334.72,5.625,32,0.64
84.4,1,10,6,9034.16,6719.28,5.44444,32,0.64
84.4,2,11,5,9904.96,3881.36,6.2,32,0.64
84.4,3,9,5,9887.6,5334.72,5.625,32,0.64
84.9,1,10,7,9062.32,6693.68,5.44444,32,0.64
84.9,2,11,5,9796.24,3847.52,6.2,32,0.64
84.9,3,9,5,10627.9,5184.64,5.75,32,0.64
85.4,1,10,7,8575.6,6664.16,5.44444,32,0.64
85.4,2,11,5,9325.68,4014.88,6.3,32,0.64
85.4,3,9,5,10324.9,5147.12,5.875,32,0.64
85.9,1,10,7,8775.6,6681.52,5.44444,32,0.64
85.9,2,11,5,9489.04,4022.56,6.3,32,0.64
85.9,3,9,5,10324.9,5334.88,5.875,32,0.64
86.4,1,10,7,8775.6,6804.96,5.44444,32,0.64
86.4,2,11,5,9285.84,4030.16,6.3,32,0.64
86.4,3,9,5,10111.5,5334.8,5.875,32,0.608
86.9,1,10,7,8473.6,6719.76,5.44444,32,0.64
86.9,2,11,5,9752.96,3981.28,6.3,32,0.64
86.9,3,9,4,10445,5526.64,5.875,32,0.64
87.4,1,10,7,8445.44,5492.16,5.55556,32,0.64
87.4,2,10,5,10406.7,5290.08,6,32,0.64
87.4,3,10,4,10029.2,6490.64,5.875,32,0.64
87.9,1,10,7,8473.52,5293.84,5.44444,32,0.64
87.9,2,10,5,10406.7,5194,6.77778,32,0.64
87.9,3,10,5,10386.9,6518.4,5.55556,32,0.64
88.4,1,10,7,8250.88,5556.48,5.44444,32,0.64
88.4,2,10,5,10522.8,5207.28,6.77778,32,0.64
88.4,3,10,5,10037.9,6555.76,5.55556,32,0.64
88.9,1,10,7,8268.32,5549.12,5.44444,32,0.64
88.9,2,10,5,10497.8,5239.84,7.2,32,0.64
88.9,3,10,5,10081.3,6518.24,5.66667,32,0.64
89.4,1,10,7,8222.72,5600.08,5.44444,32,0.64
89.4,2,10,5,10595,5127.2,7.3,32,0.64
89.4,3,10,5,10347.8,6593.36,5.66667,32,0.64
89.9,1,10,7,8156.96,5556.08,5.44444,32,0.64
89.9,2,10,5,10569.7,5132.32,7.3,32,0.64
89.9,3,10,5,10456.6,6555.84,5.66667,32,0.64
90.4,1,10,7,8069.2,5556,5.44444,32,0.64
90.4,2,10,5,10569.8,5205.6,6.88889,32,0.64
90.4,3,10,5,10559.6,6593.36,5.66667,32,0.64
90.9,1,10,7,8073.44,5573.36,5.44444,32,0.64
90.9,2,10,5,10221.1,5230.72,6.77778,32,0.64
90.9,3,10,5,10202.9,6630.88,5.66667,32,0.64
91.4,1,10,7,8185.2,5535.44,5.44444,32,0.64
91.4,2,10,5,10221,5219.2,6.66667,32,0.64
91.4,3,10,5,10469,6518.24,5.66667,32,0.64
91.9,1,10,7,8326.8,5434.72,6,32,0.64
91.9,2,10,5,10362.2,5166.32,6.66667,32,0.64
91.9,3,10,5,10468.7,6668.32,5.66667,32,0.64
92.4,1,10,7,8336.72,5307.36,6,32,0.64
92.4,2,10,5,10425.8,5111.68,6.66667,32,0.64
92.4,3,10,5,10011.1,6668.32,5.66667,32,0.64
92.9,1,10,7,8294.48,5230.72,6,32,0.64
92.9,2,10,5,10923.8,5053.2,6.66667,32,0.64
92.9,3,10,5,10168.5,6438.96,5.66667,32,0.64
93.4,1,9,7,8625.12,6000.4,5.8,32,0.64
93.4,2,11,5,10041.9,3768.72,6.66667,32,0.64
93.4,3,10,5,10271.4,7054.32,5.66667,32,0.64
93.9,1,9,6,8771.36,5957.92,6.44444,32,0.64
93.9,2,11,6,9855.36,3840.48,6.2,32,0.64
93.9,3,10,5,10038,7065.68,5.66667,32,0.64
94.4,1,9,6,8702.48,5931.92,6.33333,32,0.64
94.4,2,11,6,9882.24,3978.4,6.2,32,0.64
94.4,3,10,5,10128.6,7140.72,5.66667,32,0.64
94.9,1,9,6,8765.44,5984.4,6.22222,32,0.64
94.9,2,11,6,9981.6,4086.56,6.2,32,0.64
94.9,3,10,5,10267.6,7478.16,5.66667,32,0.64
95.4,1,9,6,8725.52,6007.84,6.22222,32,0.64
95.4,2,11,6,9918.48,4094.8,6.2,32,0.64
95.4,3,10,5,10373.6,7628.48,5.77778,32,0.64
95.9,1,9,6,8687.6,6031.12,6.22222,32,0.64
95.9,2,11,5,10229.4,3954.4,6.3,32,0.64
95.9,3,10,5,10483.6,7890.96,5.88889,32,0.64
96.4,1,9,6,8765.36,6031.2,6.22222,32,0.64
96.4,2,11,5,10337.1,3942.08,6.4,32,0.64
96.4,3,10,5,10509.8,7628.4,6,32,0.64
96.9,1,9,6,8785.76,5978.56,6.33333,32,0.64
96.9,2,11,5,10357.6,3927.28,6.4,32,0.64
96.9,3,10,5,10526.7,8116.32,6,32,0.64
97.4,1,9,6,8578.8,6052.32,6.33333,32,0.64
97.4,2,11,5,10225.2,3825.68,6.4,32,0.64
97.4,3,10,5,10781,7853.52,6,32,0.64
97.9,1,9,6,8765.44,6000.48,6.44444,32,0.64
97.9,2,11,5,10049.1,3848.88,6.4,32,0.64
97.9,3,10,5,10665.1,8041.12,6,32,0.64
98.4,1,9,6,8641.04,6000.48,6.44444,32,0.64
98.4,2,11,5,10096.5,4579.6,6.4,32,0.64
98.4,3,10,5,10734.1,8041.28,6,32,0.64
98.9,1,9,6,9256.96,6039.76,6.44444,32,0.64
98.9,2,11,5,10325.6,4605.52,6.3,32,0.64
98.9,3,10,5,10668.9,7966.16,6,32,0.64
99.4,1,9,5,9357.76,6066.4,6.44444,32,0.64
99.4,2,11,5,10405.3,4607.12,6.3,32,0.64
99.4,3,10,5,10890.5,8228.96,6,32,0.64
99.9,1,9,5,9325.6,6066.32,6.44444,32,0.64
99.9,2,11,5,10523.3,4598.88,6.3,32,0.64
99.9,3,10,5,10909.2,8303.84,6,32,0.64
100.4,1,9,5,9274.56,6212.16,6.44444,32,0.64
100.4,2,11,5,11249.8,4551.52,6.4,32,0.64
100.4,3,10,5,10926.7,8228.64,6,32,0.64
100.9,1,9,5,9162.56,6212.08,6.44444,32,0.64
100.9,2,11,5,11206.6,4668.24,6.4,32,0.64
100.9,3,10,5,10628.4,8416.4,6,32,0.64
101.4,1,9,5,9274.56,5965.28,6.22222,32,0.64
101.4,2,11,5,10904.9,4599.2,6.4,32,0.64
101.4,3,10,5,10854.2,8228.8,6,32,0.64
101.9,1,9,5,9090.56,5965.44,6.22222,32,0.64
101.9,2,11,5,10904.9,4308.8,6.4,32,0.64
101.9,3,10,5,10949,8228.8,6,32,0.64
102.4,1,9,5,9118.64,5716.48,6.11111,32,0.64
102.4,2,11,5,11109.6,4299.2,6.4,32,0.64
102.4,3,10,5,10926.6,8469.6,6,32,0.64
102.9,1,9,5,9118.72,6010.08,6.22222,32,0.64
102.9,2,11,5,11064,4578.72,6.3,32,0.64
102.9,3,10,5,10945.4,8469.6,6,32,0.64
103.4,1,9,5,9274.56,6010,6.22222,32,0.64
103.4,2,11,5,10703.3,4606.88,6.3,32,0.64
103.4,3,10,5,10628.3,8506.96,6,32,0.64
103.9,1,9,5,9187.36,6060.08,6.22222,32,0.64
103.9,2,11,5,11121,4608.72,6.2,32,0.64
103.9,3,10,5,10628.3,8507.12,6,32,0.64
104.4,1,9,5,9454.88,6097.6,6.22222,32,0.64
104.4,2,11,5,11145.9,4582.72,6.2,32,0.64
104.4,3,10,5,10912.7,8356.8,6,32,0.64
104.9,1,9,5,9596.96,5959.76,6.22222,32,0.64
104.9,2,11,5,11350.6,4609.76,6.2,32,0.64
104.9,3,10,5,10767.2,8356.8,6.11111,32,0.64
105.4,1,9,5,9213.28,5959.84,6.22222,32,0.64
105.4,2,11,5,11086.8,4554.48,6.2,32,0.64
105.4,3,10,5,10985.3,8591.2,6.11111,32,0.64
105.9,1,9,5,9089.36,6009.92,6.22222,32,0.64
105.9,2,11,5,11121.2,4664.32,6.3,32,0.64
105.9,3,10,5,10767.1,8736.32,6.11111,32,0.64
106.4,1,9,5,8978.88,6010,6.11111,32,0.64
106.4,2,11,5,11375.4,4644.96,6.3,32,0.64
106.4,3,10,5,10399.4,8511.28,6.22222,32,0.64
106.9,1,9,5,8978.88,6085.04,6.11111,32,0.64
106.9,2,11,5,11321.8,4634.48,6.3,32,0.64
106.9,3,10,5,10606.6,8286.32,6.22222,32,0.64
107.4,1,9,5,9010.96,6022.56,6.22222,32,0.64
107.4,2,11,5,11173.9,4698.08,6.3,32,0.64
107.4,3,10,5,10821.7,8098.48,6.22222,32,0.64
107.9,1,9,5,8978.88,5793.2,6.22222,32,0.64
107.9,2,11,5,11033.8,4634.4,6.3,32,0.64
107.9,3,10,5,10738.7,8136.16,6.22222,32,0.64
108.4,1,9,5,9182.16,5805.6,6.22222,32,0.64
108.4,2,11,5,11357.8,4734.72,6.3,32,0.64
108.4,3,10,5,11107.3,8035.12,6.22222,32,0.64
108.9,1,9,5,9337.6,5805.6,5.625,32,0.64
108.9,2,11,5,11352,4925.2,6.3,32,0.64
108.9,3,10,5,11038.8,7959.92,6.22222,32,0.64
109.4,1,8,5,10040.8,5640.8,5.25,32,0.64
109.4,2,12,5,10583.9,6280,6.3,32,0.64
109.4,3,10,5,11022.9,7909.52,6.11111,32,0.64
109.9,1,8,4,9985.84,5829.52,6,32,0.64
109.9,2,12,6,10887.6,6553.76,6,32,0.64
109.9,3,10,5,10726.7,8033.12,6.11111,32,0.64
110.4,1,8,4,9985.84,5785.68,6,32,0.64
110.4,2,12,6,10675.8,6473.04,6,32,0.64
110.4,3,10,5,10897.4,7872.96,6.33333,32,0.64
110.9,1,8,4,9985.76,5860.48,6,32,0.64
110.9,2,12,6,10728.6,6661.36,6.09091,32,0.64
110.9,3,10,5,10851.9,8210.56,6.33333,32,0.64
111.4,1,8,4,9985.6,5948.32,6.14286,32,0.64
111.4,2,12,6,11069.9,6705.52,6.09091,32,0.64
111.4,3,10,5,10698.9,8326.64,6.33333,32,0.64
111.9,1,8,4,9985.76,5873.52,6.14286,32,0.64
111.9,2,12,6,10700.4,6674.48,6.09091,32,0.64
111.9,3,10,5,10645.3,8385.36,6.33333,32,0.64
112.4,1,8,4,10150.3,5832.96,6.14286,32,0.64
112.4,2,12,6,10960.3,6388.08,6.09091,32,0.64
112.4,3,10,5,10486.1,8390.48,6.33333,32,0.64
112.9,1,8,4,10222.8,5816.48,6.14286,32,0.64
112.9,2,12,6,11045,6284.4,6.09091,32,0.64
112.9,3,10,5,10698.9,8430.32,6.33333,32,0.64
113.4,1,8,4,10291.4,5785.52,6.14286,32,0.64
113.4,2,12,6,10837.9,6278.96,6.09091,32,0.64
113.4,3,10,5,10487.2,8535.28,6.33333,32,0.64
113.9,1,8,4,10118.1,5873.44,6.14286,32,0.64
113.9,2,12,6,10862.9,6360.64,6.09091,32,0.64
113.9,3,10,5,10674.6,8402.88,6.33333,32,0.64
114.4,1,8,4,10241.4,5904.24,6.14286,32,0.64
114.4,2,12,6,10613.6,6271.28,6.09091,32,0.64
114.4,3,10,5,10043.8,8450.24,6.33333,32,0.64
114.9,1,8,4,10118.2,5836.64,6.14286,32,0.64
114.9,2,12,6,10866.1,6370.48,6.09091,32,0.64
114.9,3,10,5,10063,8407.36,6.33333,32,0.64
115.4,1,8,4,10190.6,5773.68,6.625,32,0.64
115.4,2,12,6,11060.5,6206,6.09091,32,0.64
115.4,3,10,4,10042.4,7959.68,6.33333,32,0.64
115.9,1,8,4,10118.1,5789.12,6.625,32,0.64
115.9,2,12,6,10871.8,6220.24,6.09091,32,0.64
115.9,3,10,4,10107.2,7911.92,6.33333,32,0.64
116.4,1,8,4,10190.6,5868.64,6.75,32,0.64
116.4,2,12,6,10629.9,6338.16,6.09091,32,0.64
116.4,3,10,4,9908.48,7902.08,6.44444,32,0.64
116.9,1,8,4,10450.9,5869.76,6.75,32,0.64
116.9,2,12,6,10529.5,6250.24,6.18182,32,0.64
116.9,3,10,4,10017.4,7799.52,6.33333,32,0.64
117.4,1,8,4,10457,5781.2,6.75,32,0.64
117.4,2,12,6,10626.8,6339.6,6.18182,32,0.64
117.4,3,10,4,10201.9,7922,6.33333,32,0.64
117.9,1,8,4,9880.8,5556.96,6.875,32,0.64
117.9,2,12,6,10582.6,6369.6,6.18182,32,0.64
117.9,3,10,4,10028.5,7484.88,6.33333,32,0.64
118.4,1,8,4,10086.7,5610,6.875,32,0.64
118.4,2,12,6,10377.8,6220.24,6,32,0.64
118.4,3,10,4,9997.76,7697.36,6.44444,32,0.64
118.9,1,8,4,10347.4,5709.52,6.875,32,0.64
118.9,2,12,6,10672.1,6309.76,6,32,0.64
118.9,3,10,4,9970.88,7609.6,6.44444,32,0.64
