time_s,srcCellId,neighborCellId,cio_display_dB,cio_display_ie
0.4,1,2,0,0
0.4,1,3,0,0
0.4,2,1,0,0
0.4,2,3,0,0
0.4,3,1,0,0
0.4,3,2,0,0
0.9,1,2,0,0
0.9,1,3,0,0
0.9,2,1,0,0
0.9,2,3,0,0
0.9,3,1,0,0
0.9,3,2,0,0
1.4,1,2,0,0
1.4,1,3,0,0
1.4,2,1,0,0
1.4,2,3,0,0
1.4,3,1,0,0
1.4,3,2,0,0
1.9,1,2,0,0
1.9,1,3,0,0
1.9,2,1,0,0
1.9,2,3,0,0
1.9,3,1,0,0
1.9,3,2,0,0
2.4,1,2,0,0
2.4,1,3,0,0
2.4,2,1,0,0
2.4,2,3,0,0
2.4,3,1,0,0
2.4,3,2,0,0
2.9,1,2,0,0
2.9,1,3,0,0
2.9,2,1,0,0
2.9,2,3,0,0
2.9,3,1,0,0
2.9,3,2,0,0
3.4,1,2,0,0
3.4,1,3,0,0
3.4,2,1,0,0
3.4,2,3,0,0
3.4,3,1,0,0
3.4,3,2,0,0
3.9,1,2,0,0
3.9,1,3,0,0
3.9,2,1,0,0
3.9,2,3,0,0
3.9,3,1,0,0
3.9,3,2,0,0
4.4,1,2,0,0
4.4,1,3,0,0
4.4,2,1,0,0
4.4,2,3,0,0
4.4,3,1,0,0
4.4,3,2,0,0
4.9,1,2,0,0
4.9,1,3,0,0
4.9,2,1,0,0
4.9,2,3,0,0
4.9,3,1,0,0
4.9,3,2,0,0
5.4,1,2,0,0
5.4,1,3,0,0
5.4,2,1,0,0
5.4,2,3,0,0
5.4,3,1,0,0
5.4,3,2,0,0
5.9,1,2,0,0
5.9,1,3,0,0
5.9,2,1,0,0
5.9,2,3,0,0
5.9,3,1,0,0
5.9,3,2,0,0
6.4,1,2,0,0
6.4,1,3,0,0
6.4,2,1,0,0
6.4,2,3,0,0
6.4,3,1,0,0
6.4,3,2,0,0
6.9,1,2,0,0
6.9,1,3,0,0
6.9,2,1,0,0
6.9,2,3,0,0
6.9,3,1,0,0
6.9,3,2,0,0
7.4,1,2,0,0
7.4,1,3,0,0
7.4,2,1,0,0
7.4,2,3,0,0
7.4,3,1,0,0
7.4,3,2,0,0
7.9,1,2,0,0
7.9,1,3,0,0
7.9,2,1,0,0
7.9,2,3,0,0
7.9,3,1,0,0
7.9,3,2,0,0
8.4,1,2,0,0
8.4,1,3,0,0
8.4,2,1,0,0
8.4,2,3,0,0
8.4,3,1,0,0
8.4,3,2,0,0
8.9,1,2,0,0
8.9,1,3,0,0
8.9,2,1,0,0
8.9,2,3,0,0
8.9,3,1,0,0
8.9,3,2,0,0
9.4,1,2,0,0
9.4,1,3,0,0
9.4,2,1,0,0
9.4,2,3,0,0
9.4,3,1,0,0
9.4,3,2,0,0
9.9,1,2,0,0
9.9,1,3,0,0
9.9,2,1,0,0
9.9,2,3,0,0
9.9,3,1,0,0
9.9,3,2,0,0
10.4,1,2,0,0
10.4,1,3,0,0
10.4,2,1,0,0
10.4,2,3,0,0
10.4,3,1,0,0
10.4,3,2,0,0
10.9,1,2,0,0
10.9,1,3,0,0
10.9,2,1,0,0
10.9,2,3,0,0
10.9,3,1,0,0
10.9,3,2,0,0
11.4,1,2,0,0
11.4,1,3,0,0
11.4,2,1,0,0
11.4,2,3,0,0
11.4,3,1,0,0
11.4,3,2,0,0
11.9,1,2,0,0
11.9,1,3,0,0
11.9,2,1,0,0
11.9,2,3,0,0
11.9,3,1,0,0
11.9,3,2,0,0
12.4,1,2,0,0
12.4,1,3,0,0
12.4,2,1,0,0
12.4,2,3,0,0
12.4,3,1,0,0
12.4,3,2,0,0
12.9,1,2,0,0
12.9,1,3,0,0
12.9,2,1,0,0
12.9,2,3,0,0
12.9,3,1,0,0
12.9,3,2,0,0
13.4,1,2,0,0
13.4,1,3,0,0
13.4,2,1,0,0
13.4,2,3,0,0
13.4,3,1,0,0
13.4,3,2,0,0
13.9,1,2,0,0
13.9,1,3,0,0
13.9,2,1,0,0
13.9,2,3,0,0
13.9,3,1,0,0
13.9,3,2,0,0
14.4,1,2,0,0
14.4,1,3,0,0
14.4,2,1,0,0
14.4,2,3,0,0
14.4,3,1,0,0
14.4,3,2,0,0
14.9,1,2,0,0
14.9,1,3,0,0
14.9,2,1,0,0
14.9,2,3,0,0
14.9,3,1,0,0
14.9,3,2,0,0
15.4,1,2,0,0
15.4,1,3,0,0
15.4,2,1,0,0
15.4,2,3,0,0
15.4,3,1,0,0
15.4,3,2,0,0
15.9,1,2,0,0
15.9,1,3,0,0
15.9,2,1,0,0
15.9,2,3,0,0
15.9,3,1,0,0
15.9,3,2,0,0
16.4,1,2,0,0
16.4,1,3,0,0
16.4,2,1,0,0
16.4,2,3,0,0
16.4,3,1,0,0
16.4,3,2,0,0
16.9,1,2,0,0
16.9,1,3,0,0
16.9,2,1,0,0
16.9,2,3,0,0
16.9,3,1,0,0
16.9,3,2,0,0
17.4,1,2,0,0
17.4,1,3,0,0
17.4,2,1,0,0
17.4,2,3,0,0
17.4,3,1,0,0
17.4,3,2,0,0
17.9,1,2,0,0
17.9,1,3,0,0
17.9,2,1,0,0
17.9,2,3,0,0
17.9,3,1,0,0
17.9,3,2,0,0
18.4,1,2,0,0
18.4,1,3,0,0
18.4,2,1,0,0
18.4,2,3,0,0
18.4,3,1,0,0
18.4,3,2,0,0
18.9,1,2,0,0
18.9,1,3,0,0
18.9,2,1,0,0
18.9,2,3,0,0
18.9,3,1,0,0
18.9,3,2,0,0
19.4,1,2,0,0
19.4,1,3,0,0
19.4,2,1,0,0
19.4,2,3,0,0
19.4,3,1,0,0
19.4,3,2,0,0
19.9,1,2,0,0
19.9,1,3,0,0
19.9,2,1,0,0
19.9,2,3,0,0
19.9,3,1,0,0
19.9,3,2,0,0
20.4,1,2,0,0
20.4,1,3,0,0
20.4,2,1,0,0
20.4,2,3,0,0
20.4,3,1,0,0
20.4,3,2,0,0
20.9,1,2,0,0
20.9,1,3,0,0
20.9,2,1,0,0
20.9,2,3,0,0
20.9,3,1,0,0
20.9,3,2,0,0
21.4,1,2,0,0
21.4,1,3,0,0
21.4,2,1,0,0
21.4,2,3,0,0
21.4,3,1,0,0
21.4,3,2,0,0
21.9,1,2,0,0
21.9,1,3,0,0
21.9,2,1,0,0
21.9,2,3,0,0
21.9,3,1,0,0
21.9,3,2,0,0
22.4,1,2,0,0
22.4,1,3,0,0
22.4,2,1,0,0
22.4,2,3,0,0
22.4,3,1,0,0
22.4,3,2,0,0
22.9,1,2,0,0
22.9,1,3,0,0
22.9,2,1,0,0
22.9,2,3,0,0
22.9,3,1,0,0
22.9,3,2,0,0
23.4,1,2,0,0
23.4,1,3,0,0
23.4,2,1,0,0
23.4,2,3,0,0
23.4,3,1,0,0
23.4,3,2,0,0
23.9,1,2,0,0
23.9,1,3,0,0
23.9,2,1,0,0
23.9,2,3,0,0
23.9,3,1,0,0
23.9,3,2,0,0
24.4,1,2,0,0
24.4,1,3,0,0
24.4,2,1,0,0
24.4,2,3,0,0
24.4,3,1,0,0
24.4,3,2,0,0
24.9,1,2,0,0
24.9,1,3,0,0
24.9,2,1,0,0
24.9,2,3,0,0
24.9,3,1,0,0
24.9,3,2,0,0
25.4,1,2,0,0
25.4,1,3,0,0
25.4,2,1,0,0
25.4,2,3,0,0
25.4,3,1,0,0
25.4,3,2,0,0
25.9,1,2,0,0
25.9,1,3,0,0
25.9,2,1,0,0
25.9,2,3,0,0
25.9,3,1,0,0
25.9,3,2,0,0
26.4,1,2,0,0
26.4,1,3,0,0
26.4,2,1,0,0
26.4,2,3,0,0
26.4,3,1,0,0
26.4,3,2,0,0
26.9,1,2,0,0
26.9,1,3,0,0
26.9,2,1,0,0
26.9,2,3,0,0
26.9,3,1,0,0
26.9,3,2,0,0
27.4,1,2,0,0
27.4,1,3,0,0
27.4,2,1,0,0
27.4,2,3,0,0
27.4,3,1,0,0
27.4,3,2,0,0
27.9,1,2,0,0
27.9,1,3,0,0
27.9,2,1,0,0
27.9,2,3,0,0
27.9,3,1,0,0
27.9,3,2,0,0
28.4,1,2,0,0
28.4,1,3,0,0
28.4,2,1,0,0
28.4,2,3,0,0
28.4,3,1,0,0
28.4,3,2,0,0
28.9,1,2,0,0
28.9,1,3,0,0
28.9,2,1,0,0
28.9,2,3,0,0
28.9,3,1,0,0
28.9,3,2,0,0
29.4,1,2,0,0
29.4,1,3,0,0
29.4,2,1,0,0
29.4,2,3,0,0
29.4,3,1,0,0
29.4,3,2,0,0
29.9,1,2,0,0
29.9,1,3,0,0
29.9,2,1,0,0
29.9,2,3,0,0
29.9,3,1,0,0
29.9,3,2,0,0
30.4,1,2,0,0
30.4,1,3,0,0
30.4,2,1,0,0
30.4,2,3,0,0
30.4,3,1,0,0
30.4,3,2,0,0
30.9,1,2,0,0
30.9,1,3,0,0
30.9,2,1,0,0
30.9,2,3,0,0
30.9,3,1,0,0
30.9,3,2,0,0
31.4,1,2,0,0
31.4,1,3,0,0
31.4,2,1,0,0
31.4,2,3,0,0
31.4,3,1,0,0
31.4,3,2,0,0
31.9,1,2,0,0
31.9,1,3,0,0
31.9,2,1,0,0
31.9,2,3,0,0
31.9,3,1,0,0
31.9,3,2,0,0
32.4,1,2,0,0
32.4,1,3,0,0
32.4,2,1,0,0
32.4,2,3,0,0
32.4,3,1,0,0
32.4,3,2,0,0
32.9,1,2,0,0
32.9,1,3,0,0
32.9,2,1,0,0
32.9,2,3,0,0
32.9,3,1,0,0
32.9,3,2,0,0
33.4,1,2,0,0
33.4,1,3,0,0
33.4,2,1,0,0
33.4,2,3,0,0
33.4,3,1,0,0
33.4,3,2,0,0
33.9,1,2,0,0
33.9,1,3,0,0
33.9,2,1,0,0
33.9,2,3,0,0
33.9,3,1,0,0
33.9,3,2,0,0
34.4,1,2,0,0
34.4,1,3,0,0
34.4,2,1,0,0
34.4,2,3,0,0
34.4,3,1,0,0
34.4,3,2,0,0
34.9,1,2,0,0
34.9,1,3,0,0
34.9,2,1,0,0
34.9,2,3,0,0
34.9,3,1,0,0
34.9,3,2,0,0
35.4,1,2,0,0
35.4,1,3,0,0
35.4,2,1,0,0
35.4,2,3,0,0
35.4,3,1,0,0
35.4,3,2,0,0
35.9,1,2,0,0
35.9,1,3,0,0
35.9,2,1,0,0
35.9,2,3,0,0
35.9,3,1,0,0
35.9,3,2,0,0
36.4,1,2,0,0
36.4,1,3,0,0
36.4,2,1,0,0
36.4,2,3,0,0
36.4,3,1,0,0
36.4,3,2,0,0
36.9,1,2,0,0
36.9,1,3,0,0
36.9,2,1,0,0
36.9,2,3,0,0
36.9,3,1,0,0
36.9,3,2,0,0
37.4,1,2,0,0
37.4,1,3,0,0
37.4,2,1,0,0
37.4,2,3,0,0
37.4,3,1,0,0
37.4,3,2,0,0
37.9,1,2,0,0
37.9,1,3,0,0
37.9,2,1,0,0
37.9,2,3,0,0
37.9,3,1,0,0
37.9,3,2,0,0
38.4,1,2,0,0
38.4,1,3,0,0
38.4,2,1,0,0
38.4,2,3,0,0
38.4,3,1,0,0
38.4,3,2,0,0
38.9,1,2,0,0
38.9,1,3,0,0
38.9,2,1,0,0
38.9,2,3,0,0
38.9,3,1,0,0
38.9,3,2,0,0
39.4,1,2,0,0
39.4,1,3,0,0
39.4,2,1,0,0
39.4,2,3,0,0
39.4,3,1,0,0
39.4,3,2,0,0
39.9,1,2,0,0
39.9,1,3,0,0
39.9,2,1,0,0
39.9,2,3,0,0
39.9,3,1,0,0
39.9,3,2,0,0
40.4,1,2,0,0
40.4,1,3,0,0
40.4,2,1,0,0
40.4,2,3,0,0
40.4,3,1,0,0
40.4,3,2,0,0
40.9,1,2,0,0
40.9,1,3,0,0
40.9,2,1,0,0
40.9,2,3,0,0
40.9,3,1,0,0
40.9,3,2,0,0
41.4,1,2,0,0
41.4,1,3,0,0
41.4,2,1,0,0
41.4,2,3,0,0
41.4,3,1,0,0
41.4,3,2,0,0
41.9,1,2,0,0
41.9,1,3,0,0
41.9,2,1,0,0
41.9,2,3,0,0
41.9,3,1,0,0
41.9,3,2,0,0
42.4,1,2,0,0
42.4,1,3,0,0
42.4,2,1,0,0
42.4,2,3,0,0
42.4,3,1,0,0
42.4,3,2,0,0
42.9,1,2,0,0
42.9,1,3,0,0
42.9,2,1,0,0
42.9,2,3,0,0
42.9,3,1,0,0
42.9,3,2,0,0
43.4,1,2,0,0
43.4,1,3,0,0
43.4,2,1,0,0
43.4,2,3,0,0
43.4,3,1,0,0
43.4,3,2,0,0
43.9,1,2,0,0
43.9,1,3,0,0
43.9,2,1,0,0
43.9,2,3,0,0
43.9,3,1,0,0
43.9,3,2,0,0
44.4,1,2,0,0
44.4,1,3,0,0
44.4,2,1,0,0
44.4,2,3,0,0
44.4,3,1,0,0
44.4,3,2,0,0
44.9,1,2,0,0
44.9,1,3,0,0
44.9,2,1,0,0
44.9,2,3,0,0
44.9,3,1,0,0
44.9,3,2,0,0
45.4,1,2,0,0
45.4,1,3,0,0
45.4,2,1,0,0
45.4,2,3,0,0
45.4,3,1,0,0
45.4,3,2,0,0
45.9,1,2,0,0
45.9,1,3,0,0
45.9,2,1,0,0
45.9,2,3,0,0
45.9,3,1,0,0
45.9,3,2,0,0
46.4,1,2,0,0
46.4,1,3,0,0
46.4,2,1,0,0
46.4,2,3,0,0
46.4,3,1,0,0
46.4,3,2,0,0
46.9,1,2,0,0
46.9,1,3,0,0
46.9,2,1,0,0
46.9,2,3,0,0
46.9,3,1,0,0
46.9,3,2,0,0
47.4,1,2,0,0
47.4,1,3,0,0
47.4,2,1,0,0
47.4,2,3,0,0
47.4,3,1,0,0
47.4,3,2,0,0
47.9,1,2,0,0
47.9,1,3,0,0
47.9,2,1,0,0
47.9,2,3,0,0
47.9,3,1,0,0
47.9,3,2,0,0
48.4,1,2,0,0
48.4,1,3,0,0
48.4,2,1,0,0
48.4,2,3,0,0
48.4,3,1,0,0
48.4,3,2,0,0
48.9,1,2,0,0
48.9,1,3,0,0
48.9,2,1,0,0
48.9,2,3,0,0
48.9,3,1,0,0
48.9,3,2,0,0
49.4,1,2,0,0
49.4,1,3,0,0
49.4,2,1,0,0
49.4,2,3,0,0
49.4,3,1,0,0
49.4,3,2,0,0
49.9,1,2,0,0
49.9,1,3,0,0
49.9,2,1,0,0
49.9,2,3,0,0
49.9,3,1,0,0
49.9,3,2,0,0
50.4,1,2,0,0
50.4,1,3,0,0
50.4,2,1,0,0
50.4,2,3,0,0
50.4,3,1,0,0
50.4,3,2,0,0
50.9,1,2,0,0
50.9,1,3,0,0
50.9,2,1,0,0
50.9,2,3,0,0
50.9,3,1,0,0
50.9,3,2,0,0
51.4,1,2,0,0
51.4,1,3,0,0
51.4,2,1,0,0
51.4,2,3,0,0
51.4,3,1,0,0
51.4,3,2,0,0
51.9,1,2,0,0
51.9,1,3,0,0
51.9,2,1,0,0
51.9,2,3,0,0
51.9,3,1,0,0
51.9,3,2,0,0
52.4,1,2,0,0
52.4,1,3,0,0
52.4,2,1,0,0
52.4,2,3,0,0
52.4,3,1,0,0
52.4,3,2,0,0
52.9,1,2,0,0
52.9,1,3,0,0
52.9,2,1,0,0
52.9,2,3,0,0
52.9,3,1,0,0
52.9,3,2,0,0
53.4,1,2,0,0
53.4,1,3,0,0
53.4,2,1,0,0
53.4,2,3,0,0
53.4,3,1,0,0
53.4,3,2,0,0
53.9,1,2,0,0
53.9,1,3,0,0
53.9,2,1,0,0
53.9,2,3,0,0
53.9,3,1,0,0
53.9,3,2,0,0
54.4,1,2,0,0
54.4,1,3,0,0
54.4,2,1,0,0
54.4,2,3,0,0
54.4,3,1,0,0
54.4,3,2,0,0
54.9,1,2,0,0
54.9,1,3,0,0
54.9,2,1,0,0
54.9,2,3,0,0
54.9,3,1,0,0
54.9,3,2,0,0
55.4,1,2,0,0
55.4,1,3,0,0
55.4,2,1,0,0
55.4,2,3,0,0
55.4,3,1,0,0
55.4,3,2,0,0
55.9,1,2,0,0
55.9,1,3,0,0
55.9,2,1,0,0
55.9,2,3,0,0
55.9,3,1,0,0
55.9,3,2,0,0
56.4,1,2,0,0
56.4,1,3,0,0
56.4,2,1,0,0
56.4,2,3,0,0
56.4,3,1,0,0
56.4,3,2,0,0
56.9,1,2,0,0
56.9,1,3,0,0
56.9,2,1,0,0
56.9,2,3,0,0
56.9,3,1,0,0
56.9,3,2,0,0
57.4,1,2,0,0
57.4,1,3,0,0
57.4,2,1,0,0
57.4,2,3,0,0
57.4,3,1,0,0
57.4,3,2,0,0
57.9,1,2,0,0
57.9,1,3,0,0
57.9,2,1,0,0
57.9,2,3,0,0
57.9,3,1,0,0
57.9,3,2,0,0
58.4,1,2,0,0
58.4,1,3,0,0
58.4,2,1,0,0
58.4,2,3,0,0
58.4,3,1,0,0
58.4,3,2,0,0
58.9,1,2,0,0
58.9,1,3,0,0
58.9,2,1,0,0
58.9,2,3,0,0
58.9,3,1,0,0
58.9,3,2,0,0
59.4,1,2,0,0
59.4,1,3,0,0
59.4,2,1,0,0
59.4,2,3,0,0
59.4,3,1,0,0
59.4,3,2,0,0
59.9,1,2,0,0
59.9,1,3,0,0
59.9,2,1,0,0
59.9,2,3,0,0
59.9,3,1,0,0
59.9,3,2,0,0
60.4,1,2,0,0
60.4,1,3,0,0
60.4,2,1,0,0
60.4,2,3,0,0
60.4,3,1,0,0
60.4,3,2,0,0
60.9,1,2,0,0
60.9,1,3,0,0
60.9,2,1,0,0
60.9,2,3,0,0
60.9,3,1,0,0
60.9,3,2,0,0
61.4,1,2,0,0
61.4,1,3,0,0
61.4,2,1,0,0
61.4,2,3,0,0
61.4,3,1,0,0
61.4,3,2,0,0
61.9,1,2,0,0
61.9,1,3,0,0
61.9,2,1,0,0
61.9,2,3,0,0
61.9,3,1,0,0
61.9,3,2,0,0
62.4,1,2,0,0
62.4,1,3,0,0
62.4,2,1,0,0
62.4,2,3,0,0
62.4,3,1,0,0
62.4,3,2,0,0
62.9,1,2,0,0
62.9,1,3,0,0
62.9,2,1,0,0
62.9,2,3,0,0
62.9,3,1,0,0
62.9,3,2,0,0
63.4,1,2,0,0
63.4,1,3,0,0
63.4,2,1,0,0
63.4,2,3,0,0
63.4,3,1,0,0
63.4,3,2,0,0
63.9,1,2,0,0
63.9,1,3,0,0
63.9,2,1,0,0
63.9,2,3,0,0
63.9,3,1,0,0
63.9,3,2,0,0
64.4,1,2,0,0
64.4,1,3,0,0
64.4,2,1,0,0
64.4,2,3,0,0
64.4,3,1,0,0
64.4,3,2,0,0
64.9,1,2,0,0
64.9,1,3,0,0
64.9,2,1,0,0
64.9,2,3,0,0
64.9,3,1,0,0
64.9,3,2,0,0
65.4,1,2,0,0
65.4,1,3,0,0
65.4,2,1,0,0
65.4,2,3,0,0
65.4,3,1,0,0
65.4,3,2,0,0
65.9,1,2,0,0
65.9,1,3,0,0
65.9,2,1,0,0
65.9,2,3,0,0
65.9,3,1,0,0
65.9,3,2,0,0
66.4,1,2,0,0
66.4,1,3,0,0
66.4,2,1,0,0
66.4,2,3,0,0
66.4,3,1,0,0
66.4,3,2,0,0
66.9,1,2,0,0
66.9,1,3,0,0
66.9,2,1,0,0
66.9,2,3,0,0
66.9,3,1,0,0
66.9,3,2,0,0
67.4,1,2,0,0
67.4,1,3,0,0
67.4,2,1,0,0
67.4,2,3,0,0
67.4,3,1,0,0
67.4,3,2,0,0
67.9,1,2,0,0
67.9,1,3,0,0
67.9,2,1,0,0
67.9,2,3,0,0
67.9,3,1,0,0
67.9,3,2,0,0
68.4,1,2,0,0
68.4,1,3,0,0
68.4,2,1,0,0
68.4,2,3,0,0
68.4,3,1,0,0
68.4,3,2,0,0
68.9,1,2,0,0
68.9,1,3,0,0
68.9,2,1,0,0
68.9,2,3,0,0
68.9,3,1,0,0
68.9,3,2,0,0
69.4,1,2,0,0
69.4,1,3,0,0
69.4,2,1,0,0
69.4,2,3,0,0
69.4,3,1,0,0
69.4,3,2,0,0
69.9,1,2,0,0
69.9,1,3,0,0
69.9,2,1,0,0
69.9,2,3,0,0
69.9,3,1,0,0
69.9,3,2,0,0
70.4,1,2,0,0
70.4,1,3,0,0
70.4,2,1,0,0
70.4,2,3,0,0
70.4,3,1,0,0
70.4,3,2,0,0
70.9,1,2,0,0
70.9,1,3,0,0
70.9,2,1,0,0
70.9,2,3,0,0
70.9,3,1,0,0
70.9,3,2,0,0
71.4,1,2,0,0
71.4,1,3,0,0
71.4,2,1,0,0
71.4,2,3,0,0
71.4,3,1,0,0
71.4,3,2,0,0
71.9,1,2,0,0
71.9,1,3,0,0
71.9,2,1,0,0
71.9,2,3,0,0
71.9,3,1,0,0
71.9,3,2,0,0
72.4,1,2,0,0
72.4,1,3,0,0
72.4,2,1,0,0
72.4,2,3,0,0
72.4,3,1,0,0
72.4,3,2,0,0
72.9,1,2,0,0
72.9,1,3,0,0
72.9,2,1,0,0
72.9,2,3,0,0
72.9,3,1,0,0
72.9,3,2,0,0
73.4,1,2,0,0
73.4,1,3,0,0
73.4,2,1,0,0
73.4,2,3,0,0
73.4,3,1,0,0
73.4,3,2,0,0
73.9,1,2,0,0
73.9,1,3,0,0
73.9,2,1,0,0
73.9,2,3,0,0
73.9,3,1,0,0
73.9,3,2,0,0
74.4,1,2,0,0
74.4,1,3,0,0
74.4,2,1,0,0
74.4,2,3,0,0
74.4,3,1,0,0
74.4,3,2,0,0
74.9,1,2,0,0
74.9,1,3,0,0
74.9,2,1,0,0
74.9,2,3,0,0
74.9,3,1,0,0
74.9,3,2,0,0
75.4,1,2,0,0
75.4,1,3,0,0
75.4,2,1,0,0
75.4,2,3,0,0
75.4,3,1,0,0
75.4,3,2,0,0
75.9,1,2,0,0
75.9,1,3,0,0
75.9,2,1,0,0
75.9,2,3,0,0
75.9,3,1,0,0
75.9,3,2,0,0
76.4,1,2,0,0
76.4,1,3,0,0
76.4,2,1,0,0
76.4,2,3,0,0
76.4,3,1,0,0
76.4,3,2,0,0
76.9,1,2,0,0
76.9,1,3,0,0
76.9,2,1,0,0
76.9,2,3,0,0
76.9,3,1,0,0
76.9,3,2,0,0
77.4,1,2,0,0
77.4,1,3,0,0
77.4,2,1,0,0
77.4,2,3,0,0
77.4,3,1,0,0
77.4,3,2,0,0
77.9,1,2,0,0
77.9,1,3,0,0
77.9,2,1,0,0
77.9,2,3,0,0
77.9,3,1,0,0
77.9,3,2,0,0
78.4,1,2,0,0
78.4,1,3,0,0
78.4,2,1,0,0
78.4,2,3,0,0
78.4,3,1,0,0
78.4,3,2,0,0
78.9,1,2,0,0
78.9,1,3,0,0
78.9,2,1,0,0
78.9,2,3,0,0
78.9,3,1,0,0
78.9,3,2,0,0
79.4,1,2,0,0
79.4,1,3,0,0
79.4,2,1,0,0
79.4,2,3,0,0
79.4,3,1,0,0
79.4,3,2,0,0
79.9,1,2,0,0
79.9,1,3,0,0
79.9,2,1,0,0
79.9,2,3,0,0
79.9,3,1,0,0
79.9,3,2,0,0
80.4,1,2,0,0
80.4,1,3,0,0
80.4,2,1,0,0
80.4,2,3,0,0
80.4,3,1,0,0
80.4,3,2,0,0
80.9,1,2,0,0
80.9,1,3,0,0
80.9,2,1,0,0
80.9,2,3,0,0
80.9,3,1,0,0
80.9,3,2,0,0
81.4,1,2,0,0
81.4,1,3,0,0
81.4,2,1,0,0
81.4,2,3,0,0
81.4,3,1,0,0
81.4,3,2,0,0
81.9,1,2,0,0
81.9,1,3,0,0
81.9,2,1,0,0
81.9,2,3,0,0
81.9,3,1,0,0
81.9,3,2,0,0
82.4,1,2,0,0
82.4,1,3,0,0
82.4,2,1,0,0
82.4,2,3,0,0
82.4,3,1,0,0
82.4,3,2,0,0
82.9,1,2,0,0
82.9,1,3,0,0
82.9,2,1,0,0
82.9,2,3,0,0
82.9,3,1,0,0
82.9,3,2,0,0
83.4,1,2,0,0
83.4,1,3,0,0
83.4,2,1,0,0
83.4,2,3,0,0
83.4,3,1,0,0
83.4,3,2,0,0
83.9,1,2,0,0
83.9,1,3,0,0
83.9,2,1,0,0
83.9,2,3,0,0
83.9,3,1,0,0
83.9,3,2,0,0
84.4,1,2,0,0
84.4,1,3,0,0
84.4,2,1,0,0
84.4,2,3,0,0
84.4,3,1,0,0
84.4,3,2,0,0
84.9,1,2,0,0
84.9,1,3,0,0
84.9,2,1,0,0
84.9,2,3,0,0
84.9,3,1,0,0
84.9,3,2,0,0
85.4,1,2,0,0
85.4,1,3,0,0
85.4,2,1,0,0
85.4,2,3,0,0
85.4,3,1,0,0
85.4,3,2,0,0
85.9,1,2,0,0
85.9,1,3,0,0
85.9,2,1,0,0
85.9,2,3,0,0
85.9,3,1,0,0
85.9,3,2,0,0
86.4,1,2,0,0
86.4,1,3,0,0
86.4,2,1,0,0
86.4,2,3,0,0
86.4,3,1,0,0
86.4,3,2,0,0
86.9,1,2,0,0
86.9,1,3,0,0
86.9,2,1,0,0
86.9,2,3,0,0
86.9,3,1,0,0
86.9,3,2,0,0
87.4,1,2,0,0
87.4,1,3,0,0
87.4,2,1,0,0
87.4,2,3,0,0
87.4,3,1,0,0
87.4,3,2,0,0
87.9,1,2,0,0
87.9,1,3,0,0
87.9,2,1,0,0
87.9,2,3,0,0
87.9,3,1,0,0
87.9,3,2,0,0
88.4,1,2,0,0
88.4,1,3,0,0
88.4,2,1,0,0
88.4,2,3,0,0
88.4,3,1,0,0
88.4,3,2,0,0
88.9,1,2,0,0
88.9,1,3,0,0
88.9,2,1,0,0
88.9,2,3,0,0
88.9,3,1,0,0
88.9,3,2,0,0
89.4,1,2,0,0
89.4,1,3,0,0
89.4,2,1,0,0
89.4,2,3,0,0
89.4,3,1,0,0
89.4,3,2,0,0
89.9,1,2,0,0
89.9,1,3,0,0
89.9,2,1,0,0
89.9,2,3,0,0
89.9,3,1,0,0
89.9,3,2,0,0
90.4,1,2,0,0
90.4,1,3,0,0
90.4,2,1,0,0
90.4,2,3,0,0
90.4,3,1,0,0
90.4,3,2,0,0
90.9,1,2,0,0
90.9,1,3,0,0
90.9,2,1,0,0
90.9,2,3,0,0
90.9,3,1,0,0
90.9,3,2,0,0
91.4,1,2,0,0
91.4,1,3,0,0
91.4,2,1,0,0
91.4,2,3,0,0
91.4,3,1,0,0
91.4,3,2,0,0
91.9,1,2,0,0
91.9,1,3,0,0
91.9,2,1,0,0
91.9,2,3,0,0
91.9,3,1,0,0
91.9,3,2,0,0
92.4,1,2,0,0
92.4,1,3,0,0
92.4,2,1,0,0
92.4,2,3,0,0
92.4,3,1,0,0
92.4,3,2,0,0
92.9,1,2,0,0
92.9,1,3,0,0
92.9,2,1,0,0
92.9,2,3,0,0
92.9,3,1,0,0
92.9,3,2,0,0
93.4,1,2,0,0
93.4,1,3,0,0
93.4,2,1,0,0
93.4,2,3,0,0
93.4,3,1,0,0
93.4,3,2,0,0
93.9,1,2,0,0
93.9,1,3,0,0
93.9,2,1,0,0
93.9,2,3,0,0
93.9,3,1,0,0
93.9,3,2,0,0
94.4,1,2,0,0
94.4,1,3,0,0
94.4,2,1,0,0
94.4,2,3,0,0
94.4,3,1,0,0
94.4,3,2,0,0
94.9,1,2,0,0
94.9,1,3,0,0
94.9,2,1,0,0
94.9,2,3,0,0
94.9,3,1,0,0
94.9,3,2,0,0
95.4,1,2,0,0
95.4,1,3,0,0
95.4,2,1,0,0
95.4,2,3,0,0
95.4,3,1,0,0
95.4,3,2,0,0
95.9,1,2,0,0
95.9,1,3,0,0
95.9,2,1,0,0
95.9,2,3,0,0
95.9,3,1,0,0
95.9,3,2,0,0
96.4,1,2,0,0
96.4,1,3,0,0
96.4,2,1,0,0
96.4,2,3,0,0
96.4,3,1,0,0
96.4,3,2,0,0
96.9,1,2,0,0
96.9,1,3,0,0
96.9,2,1,0,0
96.9,2,3,0,0
96.9,3,1,0,0
96.9,3,2,0,0
97.4,1,2,0,0
97.4,1,3,0,0
97.4,2,1,0,0
97.4,2,3,0,0
97.4,3,1,0,0
97.4,3,2,0,0
97.9,1,2,0,0
97.9,1,3,0,0
97.9,2,1,0,0
97.9,2,3,0,0
97.9,3,1,0,0
97.9,3,2,0,0
98.4,1,2,0,0
98.4,1,3,0,0
98.4,2,1,0,0
98.4,2,3,0,0
98.4,3,1,0,0
98.4,3,2,0,0
98.9,1,2,0,0
98.9,1,3,0,0
98.9,2,1,0,0
98.9,2,3,0,0
98.9,3,1,0,0
98.9,3,2,0,0
99.4,1,2,0,0
99.4,1,3,0,0
99.4,2,1,0,0
99.4,2,3,0,0
99.4,3,1,0,0
99.4,3,2,0,0
99.9,1,2,0,0
99.9,1,3,0,0
99.9,2,1,0,0
99.9,2,3,0,0
99.9,3,1,0,0
99.9,3,2,0,0
100.4,1,2,0,0
100.4,1,3,0,0
100.4,2,1,0,0
100.4,2,3,0,0
100.4,3,1,0,0
100.4,3,2,0,0
100.9,1,2,0,0
100.9,1,3,0,0
100.9,2,1,0,0
100.9,2,3,0,0
100.9,3,1,0,0
100.9,3,2,0,0
101.4,1,2,0,0
101.4,1,3,0,0
101.4,2,1,0,0
101.4,2,3,0,0
101.4,3,1,0,0
101.4,3,2,0,0
101.9,1,2,0,0
101.9,1,3,0,0
101.9,2,1,0,0
101.9,2,3,0,0
101.9,3,1,0,0
101.9,3,2,0,0
102.4,1,2,0,0
102.4,1,3,0,0
102.4,2,1,0,0
102.4,2,3,0,0
102.4,3,1,0,0
102.4,3,2,0,0
102.9,1,2,0,0
102.9,1,3,0,0
102.9,2,1,0,0
102.9,2,3,0,0
102.9,3,1,0,0
102.9,3,2,0,0
103.4,1,2,0,0
103.4,1,3,0,0
103.4,2,1,0,0
103.4,2,3,0,0
103.4,3,1,0,0
103.4,3,2,0,0
103.9,1,2,0,0
103.9,1,3,0,0
103.9,2,1,0,0
103.9,2,3,0,0
103.9,3,1,0,0
103.9,3,2,0,0
104.4,1,2,0,0
104.4,1,3,0,0
104.4,2,1,0,0
104.4,2,3,0,0
104.4,3,1,0,0
104.4,3,2,0,0
104.9,1,2,0,0
104.9,1,3,0,0
104.9,2,1,0,0
104.9,2,3,0,0
104.9,3,1,0,0
104.9,3,2,0,0
105.4,1,2,0,0
105.4,1,3,0,0
105.4,2,1,0,0
105.4,2,3,0,0
105.4,3,1,0,0
105.4,3,2,0,0
105.9,1,2,0,0
105.9,1,3,0,0
105.9,2,1,0,0
105.9,2,3,0,0
105.9,3,1,0,0
105.9,3,2,0,0
106.4,1,2,0,0
106.4,1,3,0,0
106.4,2,1,0,0
106.4,2,3,0,0
106.4,3,1,0,0
106.4,3,2,0,0
106.9,1,2,0,0
106.9,1,3,0,0
106.9,2,1,0,0
106.9,2,3,0,0
106.9,3,1,0,0
106.9,3,2,0,0
107.4,1,2,0,0
107.4,1,3,0,0
107.4,2,1,0,0
107.4,2,3,0,0
107.4,3,1,0,0
107.4,3,2,0,0
107.9,1,2,0,0
107.9,1,3,0,0
107.9,2,1,0,0
107.9,2,3,0,0
107.9,3,1,0,0
107.9,3,2,0,0
108.4,1,2,0,0
108.4,1,3,0,0
108.4,2,1,0,0
108.4,2,3,0,0
108.4,3,1,0,0
108.4,3,2,0,0
108.9,1,2,0,0
108.9,1,3,0,0
108.9,2,1,0,0
108.9,2,3,0,0
108.9,3,1,0,0
108.9,3,2,0,0
109.4,1,2,0,0
109.4,1,3,0,0
109.4,2,1,0,0
109.4,2,3,0,0
109.4,3,1,0,0
109.4,3,2,0,0
109.9,1,2,0,0
109.9,1,3,0,0
109.9,2,1,0,0
109.9,2,3,0,0
109.9,3,1,0,0
109.9,3,2,0,0
110.4,1,2,0,0
110.4,1,3,0,0
110.4,2,1,0,0
110.4,2,3,0,0
110.4,3,1,0,0
110.4,3,2,0,0
110.9,1,2,0,0
110.9,1,3,0,0
110.9,2,1,0,0
110.9,2,3,0,0
110.9,3,1,0,0
110.9,3,2,0,0
111.4,1,2,0,0
111.4,1,3,0,0
111.4,2,1,0,0
111.4,2,3,0,0
111.4,3,1,0,0
111.4,3,2,0,0
111.9,1,2,0,0
111.9,1,3,0,0
111.9,2,1,0,0
111.9,2,3,0,0
111.9,3,1,0,0
111.9,3,2,0,0
112.4,1,2,0,0
112.4,1,3,0,0
112.4,2,1,0,0
112.4,2,3,0,0
112.4,3,1,0,0
112.4,3,2,0,0
112.9,1,2,0,0
112.9,1,3,0,0
112.9,2,1,0,0
112.9,2,3,0,0
112.9,3,1,0,0
112.9,3,2,0,0
113.4,1,2,0,0
113.4,1,3,0,0
113.4,2,1,0,0
113.4,2,3,0,0
113.4,3,1,0,0
113.4,3,2,0,0
113.9,1,2,0,0
113.9,1,3,0,0
113.9,2,1,0,0
113.9,2,3,0,0
113.9,3,1,0,0
113.9,3,2,0,0
114.4,1,2,0,0
114.4,1,3,0,0
114.4,2,1,0,0
114.4,2,3,0,0
114.4,3,1,0,0
114.4,3,2,0,0
114.9,1,2,0,0
114.9,1,3,0,0
114.9,2,1,0,0
114.9,2,3,0,0
114.9,3,1,0,0
114.9,3,2,0,0
115.4,1,2,0,0
115.4,1,3,0,0
115.4,2,1,0,0
115.4,2,3,0,0
115.4,3,1,0,0
115.4,3,2,0,0
115.9,1,2,0,0
115.9,1,3,0,0
115.9,2,1,0,0
115.9,2,3,0,0
115.9,3,1,0,0
115.9,3,2,0,0
116.4,1,2,0,0
116.4,1,3,0,0
116.4,2,1,0,0
116.4,2,3,0,0
116.4,3,1,0,0
116.4,3,2,0,0
116.9,1,2,0,0
116.9,1,3,0,0
116.9,2,1,0,0
116.9,2,3,0,0
116.9,3,1,0,0
116.9,3,2,0,0
117.4,1,2,0,0
117.4,1,3,0,0
117.4,2,1,0,0
117.4,2,3,0,0
117.4,3,1,0,0
117.4,3,2,0,0
117.9,1,2,0,0
117.9,1,3,0,0
117.9,2,1,0,0
117.9,2,3,0,0
117.9,3,1,0,0
117.9,3,2,0,0
118.4,1,2,0,0
118.4,1,3,0,0
118.4,2,1,0,0
118.4,2,3,0,0
118.4,3,1,0,0
118.4,3,2,0,0
118.9,1,2,0,0
118.9,1,3,0,0
118.9,2,1,0,0
118.9,2,3,0,0
118.9,3,1,0,0
118.9,3,2,0,0
